[2025-10-06 05:55:29Z INFO HostContext] No proxy settings were found based on environmental variables (http_proxy/https_proxy/HTTP_PROXY/HTTPS_PROXY)
[2025-10-06 05:55:29Z INFO HostContext] Well known directory 'Bin': '/Users/jnalair/quiet-reference-site/actions-runner/bin'
[2025-10-06 05:55:29Z INFO HostContext] Well known directory 'Root': '/Users/jnalair/quiet-reference-site/actions-runner'
[2025-10-06 05:55:29Z INFO HostContext] Well known config file 'Credentials': '/Users/jnalair/quiet-reference-site/actions-runner/.credentials'
[2025-10-06 05:55:29Z INFO HostContext] Well known directory 'Bin': '/Users/jnalair/quiet-reference-site/actions-runner/bin'
[2025-10-06 05:55:29Z INFO HostContext] Well known directory 'Root': '/Users/jnalair/quiet-reference-site/actions-runner'
[2025-10-06 05:55:29Z INFO HostContext] Well known config file 'Runner': '/Users/jnalair/quiet-reference-site/actions-runner/.runner'
[2025-10-06 05:55:29Z INFO Worker] Version: 2.328.0
[2025-10-06 05:55:29Z INFO Worker] Commit: 6f9a9110adce65f44ca6f7c0ae142b9cc6af937b
[2025-10-06 05:55:29Z INFO Worker] Culture: en-PH
[2025-10-06 05:55:29Z INFO Worker] UI Culture: en-PH
[2025-10-06 05:55:29Z INFO Worker] Waiting to receive the job message from the channel.
[2025-10-06 05:55:29Z INFO ProcessChannel] Receiving message of length 19954, with hash 'd1bef39ce099571c024b27edda0ee96b7704de424dfd0332771f8d2ab926881c'
[2025-10-06 05:55:29Z INFO Worker] Message received.
[2025-10-06 05:55:30Z INFO Worker] Job message:
 {
  "fileTable": [
    ".github/workflows/deploy-ipfs.yml"
  ],
  "mask": [
    {
      "type": "regex",
      "value": "***"
    },
    {
      "type": "regex",
      "value": "***"
    },
    {
      "type": "regex",
      "value": "***"
    },
    {
      "type": "regex",
      "value": "***"
    },
    {
      "type": "regex",
      "value": "***"
    },
    {
      "type": "regex",
      "value": "***"
    },
    {
      "type": "regex",
      "value": "***"
    },
    {
      "type": "regex",
      "value": "***"
    },
    {
      "type": "regex",
      "value": "***"
    },
    {
      "type": "regex",
      "value": "***"
    },
    {
      "type": "regex",
      "value": "***"
    },
    {
      "type": "regex",
      "value": "***"
    },
    {
      "type": "regex",
      "value": "***"
    },
    {
      "type": "regex",
      "value": "***"
    },
    {
      "type": "regex",
      "value": "***"
    },
    {
      "type": "regex",
      "value": "***"
    },
    {
      "type": "regex",
      "value": "***"
    },
    {
      "type": "regex",
      "value": "***"
    }
  ],
  "steps": [
    {
      "type": "action",
      "reference": {
        "type": "repository",
        "name": "actions/checkout",
        "ref": "v3",
        "repositoryType": "GitHub"
      },
      "displayNameToken": {
        "type": 0,
        "file": 1,
        "line": 13,
        "col": 15,
        "lit": "Checkout repo"
      },
      "contextName": "__actions_checkout",
      "condition": "success()",
      "id": "d2bd0469-0c6a-4a5d-b777-3aad530a3712",
      "name": "__actions_checkout"
    },
    {
      "type": "action",
      "reference": {
        "type": "script"
      },
      "displayNameToken": {
        "type": 0,
        "file": 1,
        "line": 16,
        "col": 15,
        "lit": "Install Hugo"
      },
      "contextName": "__run",
      "inputs": {
        "type": 2,
        "map": [
          {
            "key": "script",
            "value": {
              "type": 0,
              "file": 1,
              "line": 17,
              "col": 14,
              "lit": "npm install"
            }
          }
        ]
      },
      "condition": "success()",
      "id": "34ee1a9a-b096-4c07-91de-6ff0bb9f29ca",
      "name": "__run"
    },
    {
      "type": "action",
      "reference": {
        "type": "script"
      },
      "displayNameToken": {
        "type": 0,
        "file": 1,
        "line": 19,
        "col": 15,
        "lit": "Build site"
      },
      "contextName": "__run_2",
      "inputs": {
        "type": 2,
        "map": [
          {
            "key": "script",
            "value": {
              "type": 0,
              "file": 1,
              "line": 20,
              "col": 14,
              "lit": "npm run build"
            }
          }
        ]
      },
      "condition": "success()",
      "id": "2f80b87e-40da-4c64-bc03-175de4c542b4",
      "name": "__run_2"
    }
  ],
  "variables": {
    "Actions.EnableHttpRedirects": {
      "value": "true"
    },
    "DistributedTask.AddWarningToNode12Action": {
      "value": "true"
    },
    "DistributedTask.AddWarningToNode16Action": {
      "value": "true"
    },
    "DistributedTask.AllowRunnerContainerHooks": {
      "value": "true"
    },
    "DistributedTask.DeprecateStepOutputCommands": {
      "value": "true"
    },
    "DistributedTask.DetailUntarFailure": {
      "value": "true"
    },
    "DistributedTask.EnableCompositeActions": {
      "value": "true"
    },
    "DistributedTask.EnableJobServerQueueTelemetry": {
      "value": "true"
    },
    "DistributedTask.EnhancedAnnotations": {
      "value": "true"
    },
    "DistributedTask.ForceGithubJavascriptActionsToNode16": {
      "value": "true"
    },
    "DistributedTask.ForceGithubJavascriptActionsToNode20": {
      "value": "true"
    },
    "DistributedTask.LogTemplateErrorsAsDebugMessages": {
      "value": "true"
    },
    "DistributedTask.MarkJobAsFailedOnWorkerCrash": {
      "value": "true"
    },
    "DistributedTask.NewActionMetadata": {
      "value": "true"
    },
    "DistributedTask.UploadStepSummary": {
      "value": "true"
    },
    "DistributedTask.UseActionArchiveCache": {
      "value": "true"
    },
    "DistributedTask.UseWhich2": {
      "value": "true"
    },
    "RunService.FixEmbeddedIssues": {
      "value": "true"
    },
    "actions_add_check_run_id_to_job_context": {
      "value": "true"
    },
    "actions_display_helpful_actions_download_errors": {
      "value": "true"
    },
    "actions_skip_retry_complete_job_upon_known_errors": {
      "value": "true"
    },
    "actions_uses_cache_service_v2": {
      "value": "true"
    },
    "github_token": {
      "value": "***",
      "isSecret": true
    },
    "system.from_run_service": {
      "value": "true"
    },
    "system.github.job": {
      "value": "build"
    },
    "system.github.launch_endpoint": {
      "value": "https://launch.actions.githubusercontent.com"
    },
    "system.github.results_endpoint": {
      "value": "https://results-receiver.actions.githubusercontent.com/"
    },
    "system.github.results_upload_with_sdk": {
      "value": "true"
    },
    "system.github.token": {
      "value": "***",
      "isSecret": true
    },
    "system.github.token.permissions": {
      "value": "{\"Actions\":\"write\",\"Attestations\":\"write\",\"Checks\":\"write\",\"Contents\":\"write\",\"Deployments\":\"write\",\"Discussions\":\"write\",\"Issues\":\"write\",\"Metadata\":\"read\",\"Models\":\"read\",\"Packages\":\"write\",\"Pages\":\"write\",\"PullRequests\":\"write\",\"RepositoryProjects\":\"write\",\"SecurityEvents\":\"write\",\"Statuses\":\"write\"}"
    },
    "system.orchestrationId": {
      "value": "dbcee3e4-8503-4295-91f9-2d89e09c2429.build.__default"
    },
    "system.phaseDisplayName": {
      "value": "Hugo Build"
    },
    "system.runner.lowdiskspacethreshold": {
      "value": "100"
    },
    "system.runnerEnvironment": {
      "value": "self-hosted"
    },
    "system.runnerGroupName": {
      "value": "Default"
    }
  },
  "messageType": "RunnerJobRequest",
  "plan": {
    "scopeIdentifier": "00000000-0000-0000-0000-000000000000",
    "planType": "actions",
    "version": 0,
    "planId": "dbcee3e4-8503-4295-91f9-2d89e09c2429",
    "planGroup": null,
    "artifactUri": null,
    "artifactLocation": null,
    "definition": null,
    "owner": null
  },
  "timeline": {
    "id": "dbcee3e4-8503-4295-91f9-2d89e09c2429",
    "changeId": 0,
    "location": null
  },
  "jobId": "b881f023-25dc-5e23-b345-a57f76384080",
  "jobDisplayName": "Hugo Build",
  "jobName": "__default",
  "requestId": 0,
  "lockedUntil": "0001-01-01T00:00:00",
  "resources": {
    "endpoints": [
      {
        "data": {
          "ServerId": "",
          "ServerName": "",
          "CacheServerUrl": "https://artifactcache.actions.githubusercontent.com/SYCnhz2TBMyoZ9z75XCHm6D8trJWrhRorGx3S1opb6M1Cm28ce/",
          "FeedStreamUrl": "wss://results-receiver.actions.githubusercontent.com/_ws/ingest.sock",
          "ResultsServiceUrl": "https://results-receiver.actions.githubusercontent.com/",
          "PipelinesServiceUrl": "https://pipelinesghubeus11.actions.githubusercontent.com/SYCnhz2TBMyoZ9z75XCHm6D8trJWrhRorGx3S1opb6M1Cm28ce/",
          "GenerateIdTokenUrl": ""
        },
        "name": "SystemVssConnection",
        "url": "https://run-actions-3-azure-eastus.actions.githubusercontent.com/40/",
        "authorization": {
          "parameters": {
            "AccessToken": "***"
          },
          "scheme": "OAuth"
        },
        "isShared": false,
        "isReady": true
      }
    ]
  },
  "contextData": {
    "github": {
      "t": 2,
      "d": [
        {
          "k": "ref",
          "v": "refs/heads/Master"
        },
        {
          "k": "sha",
          "v": "5eb64e47d152eea0c5826076fac185458e8d4b29"
        },
        {
          "k": "repository",
          "v": "Vodkashot28/quiet-reference-site"
        },
        {
          "k": "repository_owner",
          "v": "Vodkashot28"
        },
        {
          "k": "repository_owner_id",
          "v": "183611920"
        },
        {
          "k": "repositoryUrl",
          "v": "git://github.com/Vodkashot28/quiet-reference-site.git"
        },
        {
          "k": "run_id",
          "v": "18271446145"
        },
        {
          "k": "run_number",
          "v": "28"
        },
        {
          "k": "retention_days",
          "v": "90"
        },
        {
          "k": "run_attempt",
          "v": "1"
        },
        {
          "k": "artifact_cache_size_limit",
          "v": "10"
        },
        {
          "k": "repository_visibility",
          "v": "public"
        },
        {
          "k": "actor_id",
          "v": "183611920"
        },
        {
          "k": "actor",
          "v": "Vodkashot28"
        },
        {
          "k": "workflow",
          "v": "Build Site"
        },
        {
          "k": "head_ref",
          "v": ""
        },
        {
          "k": "base_ref",
          "v": ""
        },
        {
          "k": "event_name",
          "v": "push"
        },
        {
          "k": "server_url",
          "v": "https://github.com"
        },
        {
          "k": "api_url",
          "v": "https://api.github.com"
        },
        {
          "k": "graphql_url",
          "v": "https://api.github.com/graphql"
        },
        {
          "k": "ref_name",
          "v": "Master"
        },
        {
          "k": "ref_protected",
          "v": false
        },
        {
          "k": "ref_type",
          "v": "branch"
        },
        {
          "k": "secret_source",
          "v": "Actions"
        },
        {
          "k": "event",
          "v": {
            "t": 2,
            "d": [
              {
                "k": "after",
                "v": "5eb64e47d152eea0c5826076fac185458e8d4b29"
              },
              {
                "k": "base_ref",
                "v": null
              },
              {
                "k": "before",
                "v": "dd70162fbcbb7d9cb75a807ae561b68576003dd3"
              },
              {
                "k": "commits",
                "v": {
                  "t": 1,
                  "a": [
                    {
                      "t": 2,
                      "d": [
                        {
                          "k": "author",
                          "v": {
                            "t": 2,
                            "d": [
                              {
                                "k": "email",
                                "v": "183611920+Vodkashot28@users.noreply.github.com"
                              },
                              {
                                "k": "name",
                                "v": "vodkashot"
                              },
                              {
                                "k": "username",
                                "v": "Vodkashot28"
                              }
                            ]
                          }
                        },
                        {
                          "k": "committer",
                          "v": {
                            "t": 2,
                            "d": [
                              {
                                "k": "email",
                                "v": "noreply@github.com"
                              },
                              {
                                "k": "name",
                                "v": "GitHub"
                              },
                              {
                                "k": "username",
                                "v": "web-flow"
                              }
                            ]
                          }
                        },
                        {
                          "k": "distinct",
                          "v": true
                        },
                        {
                          "k": "id",
                          "v": "5eb64e47d152eea0c5826076fac185458e8d4b29"
                        },
                        {
                          "k": "message",
                          "v": "Update README.md"
                        },
                        {
                          "k": "timestamp",
                          "v": "2025-10-06T13:55:19+08:00"
                        },
                        {
                          "k": "tree_id",
                          "v": "4abb4ef75a46f7eeca4c28283492bbf87c791e7f"
                        },
                        {
                          "k": "url",
                          "v": "https://github.com/Vodkashot28/quiet-reference-site/commit/5eb64e47d152eea0c5826076fac185458e8d4b29"
                        }
                      ]
                    }
                  ]
                }
              },
              {
                "k": "compare",
                "v": "https://github.com/Vodkashot28/quiet-reference-site/compare/dd70162fbcbb...5eb64e47d152"
              },
              {
                "k": "created",
                "v": false
              },
              {
                "k": "deleted",
                "v": false
              },
              {
                "k": "forced",
                "v": false
              },
              {
                "k": "head_commit",
                "v": {
                  "t": 2,
                  "d": [
                    {
                      "k": "author",
                      "v": {
                        "t": 2,
                        "d": [
                          {
                            "k": "email",
                            "v": "183611920+Vodkashot28@users.noreply.github.com"
                          },
                          {
                            "k": "name",
                            "v": "vodkashot"
                          },
                          {
                            "k": "username",
                            "v": "Vodkashot28"
                          }
                        ]
                      }
                    },
                    {
                      "k": "committer",
                      "v": {
                        "t": 2,
                        "d": [
                          {
                            "k": "email",
                            "v": "noreply@github.com"
                          },
                          {
                            "k": "name",
                            "v": "GitHub"
                          },
                          {
                            "k": "username",
                            "v": "web-flow"
                          }
                        ]
                      }
                    },
                    {
                      "k": "distinct",
                      "v": true
                    },
                    {
                      "k": "id",
                      "v": "5eb64e47d152eea0c5826076fac185458e8d4b29"
                    },
                    {
                      "k": "message",
                      "v": "Update README.md"
                    },
                    {
                      "k": "timestamp",
                      "v": "2025-10-06T13:55:19+08:00"
                    },
                    {
                      "k": "tree_id",
                      "v": "4abb4ef75a46f7eeca4c28283492bbf87c791e7f"
                    },
                    {
                      "k": "url",
                      "v": "https://github.com/Vodkashot28/quiet-reference-site/commit/5eb64e47d152eea0c5826076fac185458e8d4b29"
                    }
                  ]
                }
              },
              {
                "k": "pusher",
                "v": {
                  "t": 2,
                  "d": [
                    {
                      "k": "email",
                      "v": "183611920+Vodkashot28@users.noreply.github.com"
                    },
                    {
                      "k": "name",
                      "v": "Vodkashot28"
                    }
                  ]
                }
              },
              {
                "k": "ref",
                "v": "refs/heads/Master"
              },
              {
                "k": "repository",
                "v": {
                  "t": 2,
                  "d": [
                    {
                      "k": "allow_forking",
                      "v": true
                    },
                    {
                      "k": "archive_url",
                      "v": "https://api.github.com/repos/Vodkashot28/quiet-reference-site/{archive_format}{/ref}"
                    },
                    {
                      "k": "archived",
                      "v": false
                    },
                    {
                      "k": "assignees_url",
                      "v": "https://api.github.com/repos/Vodkashot28/quiet-reference-site/assignees{/user}"
                    },
                    {
                      "k": "blobs_url",
                      "v": "https://api.github.com/repos/Vodkashot28/quiet-reference-site/git/blobs{/sha}"
                    },
                    {
                      "k": "branches_url",
                      "v": "https://api.github.com/repos/Vodkashot28/quiet-reference-site/branches{/branch}"
                    },
                    {
                      "k": "clone_url",
                      "v": "https://github.com/Vodkashot28/quiet-reference-site.git"
                    },
                    {
                      "k": "collaborators_url",
                      "v": "https://api.github.com/repos/Vodkashot28/quiet-reference-site/collaborators{/collaborator}"
                    },
                    {
                      "k": "comments_url",
                      "v": "https://api.github.com/repos/Vodkashot28/quiet-reference-site/comments{/number}"
                    },
                    {
                      "k": "commits_url",
                      "v": "https://api.github.com/repos/Vodkashot28/quiet-reference-site/commits{/sha}"
                    },
                    {
                      "k": "compare_url",
                      "v": "https://api.github.com/repos/Vodkashot28/quiet-reference-site/compare/{base}...{head}"
                    },
                    {
                      "k": "contents_url",
                      "v": "https://api.github.com/repos/Vodkashot28/quiet-reference-site/contents/{+path}"
                    },
                    {
                      "k": "contributors_url",
                      "v": "https://api.github.com/repos/Vodkashot28/quiet-reference-site/contributors"
                    },
                    {
                      "k": "created_at",
                      "v": 1757832047.0
                    },
                    {
                      "k": "default_branch",
                      "v": "Master"
                    },
                    {
                      "k": "deployments_url",
                      "v": "https://api.github.com/repos/Vodkashot28/quiet-reference-site/deployments"
                    },
                    {
                      "k": "description",
                      "v": "Sanctuary for truth, restraint, and emotional clarity"
                    },
                    {
                      "k": "disabled",
                      "v": false
                    },
                    {
                      "k": "downloads_url",
                      "v": "https://api.github.com/repos/Vodkashot28/quiet-reference-site/downloads"
                    },
                    {
                      "k": "events_url",
                      "v": "https://api.github.com/repos/Vodkashot28/quiet-reference-site/events"
                    },
                    {
                      "k": "fork",
                      "v": false
                    },
                    {
                      "k": "forks",
                      "v": 0.0
                    },
                    {
                      "k": "forks_count",
                      "v": 0.0
                    },
                    {
                      "k": "forks_url",
                      "v": "https://api.github.com/repos/Vodkashot28/quiet-reference-site/forks"
                    },
                    {
                      "k": "full_name",
                      "v": "Vodkashot28/quiet-reference-site"
                    },
                    {
                      "k": "git_commits_url",
                      "v": "https://api.github.com/repos/Vodkashot28/quiet-reference-site/git/commits{/sha}"
                    },
                    {
                      "k": "git_refs_url",
                      "v": "https://api.github.com/repos/Vodkashot28/quiet-reference-site/git/refs{/sha}"
                    },
                    {
                      "k": "git_tags_url",
                      "v": "https://api.github.com/repos/Vodkashot28/quiet-reference-site/git/tags{/sha}"
                    },
                    {
                      "k": "git_url",
                      "v": "git://github.com/Vodkashot28/quiet-reference-site.git"
                    },
                    {
                      "k": "has_discussions",
                      "v": false
                    },
                    {
                      "k": "has_downloads",
                      "v": true
                    },
                    {
                      "k": "has_issues",
                      "v": true
                    },
                    {
                      "k": "has_pages",
                      "v": true
                    },
                    {
                      "k": "has_projects",
                      "v": true
                    },
                    {
                      "k": "has_wiki",
                      "v": false
                    },
                    {
                      "k": "homepage",
                      "v": null
                    },
                    {
                      "k": "hooks_url",
                      "v": "https://api.github.com/repos/Vodkashot28/quiet-reference-site/hooks"
                    },
                    {
                      "k": "html_url",
                      "v": "https://github.com/Vodkashot28/quiet-reference-site"
                    },
                    {
                      "k": "id",
                      "v": 1056467739.0
                    },
                    {
                      "k": "is_template",
                      "v": true
                    },
                    {
                      "k": "issue_comment_url",
                      "v": "https://api.github.com/repos/Vodkashot28/quiet-reference-site/issues/comments{/number}"
                    },
                    {
                      "k": "issue_events_url",
                      "v": "https://api.github.com/repos/Vodkashot28/quiet-reference-site/issues/events{/number}"
                    },
                    {
                      "k": "issues_url",
                      "v": "https://api.github.com/repos/Vodkashot28/quiet-reference-site/issues{/number}"
                    },
                    {
                      "k": "keys_url",
                      "v": "https://api.github.com/repos/Vodkashot28/quiet-reference-site/keys{/key_id}"
                    },
                    {
                      "k": "labels_url",
                      "v": "https://api.github.com/repos/Vodkashot28/quiet-reference-site/labels{/name}"
                    },
                    {
                      "k": "language",
                      "v": "HTML"
                    },
                    {
                      "k": "languages_url",
                      "v": "https://api.github.com/repos/Vodkashot28/quiet-reference-site/languages"
                    },
                    {
                      "k": "license",
                      "v": null
                    },
                    {
                      "k": "master_branch",
                      "v": "Master"
                    },
                    {
                      "k": "merges_url",
                      "v": "https://api.github.com/repos/Vodkashot28/quiet-reference-site/merges"
                    },
                    {
                      "k": "milestones_url",
                      "v": "https://api.github.com/repos/Vodkashot28/quiet-reference-site/milestones{/number}"
                    },
                    {
                      "k": "mirror_url",
                      "v": null
                    },
                    {
                      "k": "name",
                      "v": "quiet-reference-site"
                    },
                    {
                      "k": "node_id",
                      "v": "R_kgDOPvhrGw"
                    },
                    {
                      "k": "notifications_url",
                      "v": "https://api.github.com/repos/Vodkashot28/quiet-reference-site/notifications{?since,all,participating}"
                    },
                    {
                      "k": "open_issues",
                      "v": 0.0
                    },
                    {
                      "k": "open_issues_count",
                      "v": 0.0
                    },
                    {
                      "k": "owner",
                      "v": {
                        "t": 2,
                        "d": [
                          {
                            "k": "avatar_url",
                            "v": "https://avatars.githubusercontent.com/u/183611920?v=4"
                          },
                          {
                            "k": "email",
                            "v": "183611920+Vodkashot28@users.noreply.github.com"
                          },
                          {
                            "k": "events_url",
                            "v": "https://api.github.com/users/Vodkashot28/events{/privacy}"
                          },
                          {
                            "k": "followers_url",
                            "v": "https://api.github.com/users/Vodkashot28/followers"
                          },
                          {
                            "k": "following_url",
                            "v": "https://api.github.com/users/Vodkashot28/following{/other_user}"
                          },
                          {
                            "k": "gists_url",
                            "v": "https://api.github.com/users/Vodkashot28/gists{/gist_id}"
                          },
                          {
                            "k": "gravatar_id",
                            "v": ""
                          },
                          {
                            "k": "html_url",
                            "v": "https://github.com/Vodkashot28"
                          },
                          {
                            "k": "id",
                            "v": 183611920.0
                          },
                          {
                            "k": "login",
                            "v": "Vodkashot28"
                          },
                          {
                            "k": "name",
                            "v": "Vodkashot28"
                          },
                          {
                            "k": "node_id",
                            "v": "U_kgDOCvGyEA"
                          },
                          {
                            "k": "organizations_url",
                            "v": "https://api.github.com/users/Vodkashot28/orgs"
                          },
                          {
                            "k": "received_events_url",
                            "v": "https://api.github.com/users/Vodkashot28/received_events"
                          },
                          {
                            "k": "repos_url",
                            "v": "https://api.github.com/users/Vodkashot28/repos"
                          },
                          {
                            "k": "site_admin",
                            "v": false
                          },
                          {
                            "k": "starred_url",
                            "v": "https://api.github.com/users/Vodkashot28/starred{/owner}{/repo}"
                          },
                          {
                            "k": "subscriptions_url",
                            "v": "https://api.github.com/users/Vodkashot28/subscriptions"
                          },
                          {
                            "k": "type",
                            "v": "User"
                          },
                          {
                            "k": "url",
                            "v": "https://api.github.com/users/Vodkashot28"
                          },
                          {
                            "k": "user_view_type",
                            "v": "public"
                          }
                        ]
                      }
                    },
                    {
                      "k": "private",
                      "v": false
                    },
                    {
                      "k": "pulls_url",
                      "v": "https://api.github.com/repos/Vodkashot28/quiet-reference-site/pulls{/number}"
                    },
                    {
                      "k": "pushed_at",
                      "v": 1759730120.0
                    },
                    {
                      "k": "releases_url",
                      "v": "https://api.github.com/repos/Vodkashot28/quiet-reference-site/releases{/id}"
                    },
                    {
                      "k": "size",
                      "v": 70595.0
                    },
                    {
                      "k": "ssh_url",
                      "v": "git@github.com:Vodkashot28/quiet-reference-site.git"
                    },
                    {
                      "k": "stargazers",
                      "v": 0.0
                    },
                    {
                      "k": "stargazers_count",
                      "v": 0.0
                    },
                    {
                      "k": "stargazers_url",
                      "v": "https://api.github.com/repos/Vodkashot28/quiet-reference-site/stargazers"
                    },
                    {
                      "k": "statuses_url",
                      "v": "https://api.github.com/repos/Vodkashot28/quiet-reference-site/statuses/{sha}"
                    },
                    {
                      "k": "subscribers_url",
                      "v": "https://api.github.com/repos/Vodkashot28/quiet-reference-site/subscribers"
                    },
                    {
                      "k": "subscription_url",
                      "v": "https://api.github.com/repos/Vodkashot28/quiet-reference-site/subscription"
                    },
                    {
                      "k": "svn_url",
                      "v": "https://github.com/Vodkashot28/quiet-reference-site"
                    },
                    {
                      "k": "tags_url",
                      "v": "https://api.github.com/repos/Vodkashot28/quiet-reference-site/tags"
                    },
                    {
                      "k": "teams_url",
                      "v": "https://api.github.com/repos/Vodkashot28/quiet-reference-site/teams"
                    },
                    {
                      "k": "topics",
                      "v": {
                        "t": 1
                      }
                    },
                    {
                      "k": "trees_url",
                      "v": "https://api.github.com/repos/Vodkashot28/quiet-reference-site/git/trees{/sha}"
                    },
                    {
                      "k": "updated_at",
                      "v": "2025-10-05T22:08:18Z"
                    },
                    {
                      "k": "url",
                      "v": "https://api.github.com/repos/Vodkashot28/quiet-reference-site"
                    },
                    {
                      "k": "visibility",
                      "v": "public"
                    },
                    {
                      "k": "watchers",
                      "v": 0.0
                    },
                    {
                      "k": "watchers_count",
                      "v": 0.0
                    },
                    {
                      "k": "web_commit_signoff_required",
                      "v": false
                    }
                  ]
                }
              },
              {
                "k": "sender",
                "v": {
                  "t": 2,
                  "d": [
                    {
                      "k": "avatar_url",
                      "v": "https://avatars.githubusercontent.com/u/183611920?v=4"
                    },
                    {
                      "k": "events_url",
                      "v": "https://api.github.com/users/Vodkashot28/events{/privacy}"
                    },
                    {
                      "k": "followers_url",
                      "v": "https://api.github.com/users/Vodkashot28/followers"
                    },
                    {
                      "k": "following_url",
                      "v": "https://api.github.com/users/Vodkashot28/following{/other_user}"
                    },
                    {
                      "k": "gists_url",
                      "v": "https://api.github.com/users/Vodkashot28/gists{/gist_id}"
                    },
                    {
                      "k": "gravatar_id",
                      "v": ""
                    },
                    {
                      "k": "html_url",
                      "v": "https://github.com/Vodkashot28"
                    },
                    {
                      "k": "id",
                      "v": 183611920.0
                    },
                    {
                      "k": "login",
                      "v": "Vodkashot28"
                    },
                    {
                      "k": "node_id",
                      "v": "U_kgDOCvGyEA"
                    },
                    {
                      "k": "organizations_url",
                      "v": "https://api.github.com/users/Vodkashot28/orgs"
                    },
                    {
                      "k": "received_events_url",
                      "v": "https://api.github.com/users/Vodkashot28/received_events"
                    },
                    {
                      "k": "repos_url",
                      "v": "https://api.github.com/users/Vodkashot28/repos"
                    },
                    {
                      "k": "site_admin",
                      "v": false
                    },
                    {
                      "k": "starred_url",
                      "v": "https://api.github.com/users/Vodkashot28/starred{/owner}{/repo}"
                    },
                    {
                      "k": "subscriptions_url",
                      "v": "https://api.github.com/users/Vodkashot28/subscriptions"
                    },
                    {
                      "k": "type",
                      "v": "User"
                    },
                    {
                      "k": "url",
                      "v": "https://api.github.com/users/Vodkashot28"
                    },
                    {
                      "k": "user_view_type",
                      "v": "public"
                    }
                  ]
                }
              }
            ]
          }
        },
        {
          "k": "workflow_ref",
          "v": "Vodkashot28/quiet-reference-site/.github/workflows/deploy-ipfs.yml@refs/heads/Master"
        },
        {
          "k": "workflow_sha",
          "v": "5eb64e47d152eea0c5826076fac185458e8d4b29"
        },
        {
          "k": "repository_id",
          "v": "1056467739"
        },
        {
          "k": "triggering_actor",
          "v": "Vodkashot28"
        }
      ]
    },
    "inputs": {
      "t": 2
    },
    "job": {
      "t": 2,
      "d": [
        {
          "k": "check_run_id",
          "v": 52014473661.0
        }
      ]
    },
    "matrix": null,
    "needs": {
      "t": 2
    },
    "strategy": {
      "t": 2,
      "d": [
        {
          "k": "fail-fast",
          "v": true
        },
        {
          "k": "job-index",
          "v": 0.0
        },
        {
          "k": "job-total",
          "v": 1.0
        },
        {
          "k": "max-parallel",
          "v": 1.0
        }
      ]
    },
    "vars": {
      "t": 2
    }
  },
  "billingOwnerId": "U_kgDOCvGyEA"
}
[2025-10-06 05:55:30Z INFO JobRunner] Job ID b881f023-25dc-5e23-b345-a57f76384080
[2025-10-06 05:55:30Z INFO ConfigurationStore] currentAssemblyLocation: /Users/jnalair/quiet-reference-site/actions-runner/bin/Runner.Worker.dll
[2025-10-06 05:55:30Z INFO HostContext] Well known directory 'Bin': '/Users/jnalair/quiet-reference-site/actions-runner/bin'
[2025-10-06 05:55:30Z INFO ConfigurationStore] binPath: /Users/jnalair/quiet-reference-site/actions-runner/bin
[2025-10-06 05:55:30Z INFO HostContext] Well known directory 'Bin': '/Users/jnalair/quiet-reference-site/actions-runner/bin'
[2025-10-06 05:55:30Z INFO HostContext] Well known directory 'Root': '/Users/jnalair/quiet-reference-site/actions-runner'
[2025-10-06 05:55:30Z INFO ConfigurationStore] RootFolder: /Users/jnalair/quiet-reference-site/actions-runner
[2025-10-06 05:55:30Z INFO HostContext] Well known directory 'Bin': '/Users/jnalair/quiet-reference-site/actions-runner/bin'
[2025-10-06 05:55:30Z INFO HostContext] Well known directory 'Root': '/Users/jnalair/quiet-reference-site/actions-runner'
[2025-10-06 05:55:30Z INFO HostContext] Well known config file 'Runner': '/Users/jnalair/quiet-reference-site/actions-runner/.runner'
[2025-10-06 05:55:30Z INFO ConfigurationStore] ConfigFilePath: /Users/jnalair/quiet-reference-site/actions-runner/.runner
[2025-10-06 05:55:30Z INFO HostContext] Well known directory 'Bin': '/Users/jnalair/quiet-reference-site/actions-runner/bin'
[2025-10-06 05:55:30Z INFO HostContext] Well known directory 'Root': '/Users/jnalair/quiet-reference-site/actions-runner'
[2025-10-06 05:55:30Z INFO HostContext] Well known config file 'MigratedRunner': '/Users/jnalair/quiet-reference-site/actions-runner/.runner_migrated'
[2025-10-06 05:55:30Z INFO ConfigurationStore] MigratedConfigFilePath: /Users/jnalair/quiet-reference-site/actions-runner/.runner_migrated
[2025-10-06 05:55:30Z INFO HostContext] Well known directory 'Bin': '/Users/jnalair/quiet-reference-site/actions-runner/bin'
[2025-10-06 05:55:30Z INFO HostContext] Well known directory 'Root': '/Users/jnalair/quiet-reference-site/actions-runner'
[2025-10-06 05:55:30Z INFO HostContext] Well known config file 'Credentials': '/Users/jnalair/quiet-reference-site/actions-runner/.credentials'
[2025-10-06 05:55:30Z INFO ConfigurationStore] CredFilePath: /Users/jnalair/quiet-reference-site/actions-runner/.credentials
[2025-10-06 05:55:30Z INFO HostContext] Well known directory 'Bin': '/Users/jnalair/quiet-reference-site/actions-runner/bin'
[2025-10-06 05:55:30Z INFO HostContext] Well known directory 'Root': '/Users/jnalair/quiet-reference-site/actions-runner'
[2025-10-06 05:55:30Z INFO HostContext] Well known config file 'MigratedCredentials': '/Users/jnalair/quiet-reference-site/actions-runner/.credentials_migrated'
[2025-10-06 05:55:30Z INFO ConfigurationStore] MigratedCredFilePath: /Users/jnalair/quiet-reference-site/actions-runner/.credentials_migrated
[2025-10-06 05:55:30Z INFO HostContext] Well known directory 'Bin': '/Users/jnalair/quiet-reference-site/actions-runner/bin'
[2025-10-06 05:55:30Z INFO HostContext] Well known directory 'Root': '/Users/jnalair/quiet-reference-site/actions-runner'
[2025-10-06 05:55:30Z INFO HostContext] Well known config file 'Service': '/Users/jnalair/quiet-reference-site/actions-runner/.service'
[2025-10-06 05:55:30Z INFO ConfigurationStore] ServiceConfigFilePath: /Users/jnalair/quiet-reference-site/actions-runner/.service
[2025-10-06 05:55:30Z INFO ConfigurationStore] Read setting file: 394 chars
[2025-10-06 05:55:30Z INFO JobRunner] Initializing launch client
[2025-10-06 05:55:30Z INFO JobServerQueue] Initializing results client
[2025-10-06 05:55:30Z INFO ResultServer] Creating websocket client ...wss://results-receiver.actions.githubusercontent.com/_ws/ingest.sock
[2025-10-06 05:55:30Z INFO ResultServer] Attempting to start websocket client with delay 00:00:00.
[2025-10-06 05:55:30Z INFO JobServerQueue] Start process web console line queue.
[2025-10-06 05:55:30Z INFO JobServerQueue] Start process file upload queue.
[2025-10-06 05:55:30Z INFO JobServerQueue] Start results file upload queue.
[2025-10-06 05:55:30Z INFO JobServerQueue] Starting results-based upload queue...
[2025-10-06 05:55:30Z INFO JobServerQueue] Start process timeline update queue.
[2025-10-06 05:55:30Z INFO ExecutionContext] Initializing Job context
[2025-10-06 05:55:30Z INFO ExecutionContext] Initialize GitHub context
[2025-10-06 05:55:30Z INFO ExecutionContext] Initialize Env context
[2025-10-06 05:55:30Z INFO HostContext] Well known directory 'Bin': '/Users/jnalair/quiet-reference-site/actions-runner/bin'
[2025-10-06 05:55:30Z INFO HostContext] Well known directory 'Root': '/Users/jnalair/quiet-reference-site/actions-runner'
[2025-10-06 05:55:30Z INFO HostContext] Well known directory 'Diag': '/Users/jnalair/quiet-reference-site/actions-runner/_diag'
[2025-10-06 05:55:30Z INFO HostContext] Well known directory 'Bin': '/Users/jnalair/quiet-reference-site/actions-runner/bin'
[2025-10-06 05:55:30Z INFO HostContext] Well known directory 'Root': '/Users/jnalair/quiet-reference-site/actions-runner'
[2025-10-06 05:55:30Z INFO HostContext] Well known directory 'Diag': '/Users/jnalair/quiet-reference-site/actions-runner/_diag'
[2025-10-06 05:55:30Z INFO JobRunner] Starting the job execution context.
[2025-10-06 05:55:30Z INFO HostContext] Well known directory 'Bin': '/Users/jnalair/quiet-reference-site/actions-runner/bin'
[2025-10-06 05:55:30Z INFO HostContext] Well known directory 'Root': '/Users/jnalair/quiet-reference-site/actions-runner'
[2025-10-06 05:55:30Z INFO HostContext] Well known directory 'Work': '/Users/jnalair/quiet-reference-site/actions-runner/_work'
[2025-10-06 05:55:30Z INFO JobRunner] Validating directory permissions for: '/Users/jnalair/quiet-reference-site/actions-runner/_work'
[2025-10-06 05:55:30Z INFO HostContext] Well known directory 'Bin': '/Users/jnalair/quiet-reference-site/actions-runner/bin'
[2025-10-06 05:55:30Z INFO HostContext] Well known directory 'Root': '/Users/jnalair/quiet-reference-site/actions-runner'
[2025-10-06 05:55:30Z INFO HostContext] Well known directory 'Work': '/Users/jnalair/quiet-reference-site/actions-runner/_work'
[2025-10-06 05:55:30Z INFO HostContext] Well known directory 'Tools': '/Users/jnalair/quiet-reference-site/actions-runner/_work/_tool'
[2025-10-06 05:55:30Z INFO HostContext] Well known directory 'Bin': '/Users/jnalair/quiet-reference-site/actions-runner/bin'
[2025-10-06 05:55:30Z INFO HostContext] Well known directory 'Root': '/Users/jnalair/quiet-reference-site/actions-runner'
[2025-10-06 05:55:30Z INFO HostContext] Well known directory 'Work': '/Users/jnalair/quiet-reference-site/actions-runner/_work'
[2025-10-06 05:55:30Z INFO HostContext] Well known directory 'Temp': '/Users/jnalair/quiet-reference-site/actions-runner/_work/_temp'
[2025-10-06 05:55:30Z INFO JobRunner] Getting job extension.
[2025-10-06 05:55:30Z INFO JobRunner] Initialize job. Getting all job steps.
[2025-10-06 05:55:30Z INFO HostContext] Well known directory 'Bin': '/Users/jnalair/quiet-reference-site/actions-runner/bin'
[2025-10-06 05:55:30Z INFO HostContext] Well known directory 'Root': '/Users/jnalair/quiet-reference-site/actions-runner'
[2025-10-06 05:55:30Z INFO HostContext] Well known directory 'Diag': '/Users/jnalair/quiet-reference-site/actions-runner/_diag'
[2025-10-06 05:55:30Z INFO HostContext] Well known directory 'Bin': '/Users/jnalair/quiet-reference-site/actions-runner/bin'
[2025-10-06 05:55:30Z INFO HostContext] Well known directory 'Root': '/Users/jnalair/quiet-reference-site/actions-runner'
[2025-10-06 05:55:30Z INFO HostContext] Well known directory 'Diag': '/Users/jnalair/quiet-reference-site/actions-runner/_diag'
[2025-10-06 05:55:30Z INFO HostContext] Well known directory 'Bin': '/Users/jnalair/quiet-reference-site/actions-runner/bin'
[2025-10-06 05:55:30Z INFO HostContext] Well known directory 'Root': '/Users/jnalair/quiet-reference-site/actions-runner'
[2025-10-06 05:55:30Z INFO HostContext] Well known config file 'Credentials': '/Users/jnalair/quiet-reference-site/actions-runner/.credentials'
[2025-10-06 05:55:30Z INFO HostContext] Well known directory 'Bin': '/Users/jnalair/quiet-reference-site/actions-runner/bin'
[2025-10-06 05:55:30Z INFO HostContext] Well known directory 'Root': '/Users/jnalair/quiet-reference-site/actions-runner'
[2025-10-06 05:55:30Z INFO HostContext] Well known config file 'SetupInfo': '/Users/jnalair/quiet-reference-site/actions-runner/.setup_info'
[2025-10-06 05:55:30Z INFO HostContext] Well known directory 'Bin': '/Users/jnalair/quiet-reference-site/actions-runner/bin'
[2025-10-06 05:55:30Z INFO HostContext] Well known directory 'Root': '/Users/jnalair/quiet-reference-site/actions-runner'
[2025-10-06 05:55:30Z INFO HostContext] Well known directory 'Work': '/Users/jnalair/quiet-reference-site/actions-runner/_work'
[2025-10-06 05:55:30Z INFO PipelineDirectoryManager] Loading tracking config if exists: /Users/jnalair/quiet-reference-site/actions-runner/_work/_PipelineMapping/Vodkashot28/quiet-reference-site/PipelineFolder.json
[2025-10-06 05:55:30Z INFO PipelineDirectoryManager] Updating job run properties.
[2025-10-06 05:55:30Z INFO HostContext] Well known directory 'Bin': '/Users/jnalair/quiet-reference-site/actions-runner/bin'
[2025-10-06 05:55:30Z INFO HostContext] Well known directory 'Root': '/Users/jnalair/quiet-reference-site/actions-runner'
[2025-10-06 05:55:30Z INFO HostContext] Well known directory 'Work': '/Users/jnalair/quiet-reference-site/actions-runner/_work'
[2025-10-06 05:55:30Z INFO HostContext] Well known directory 'Bin': '/Users/jnalair/quiet-reference-site/actions-runner/bin'
[2025-10-06 05:55:30Z INFO HostContext] Well known directory 'Root': '/Users/jnalair/quiet-reference-site/actions-runner'
[2025-10-06 05:55:30Z INFO HostContext] Well known directory 'Work': '/Users/jnalair/quiet-reference-site/actions-runner/_work'
[2025-10-06 05:55:30Z INFO HostContext] Well known directory 'Bin': '/Users/jnalair/quiet-reference-site/actions-runner/bin'
[2025-10-06 05:55:30Z INFO HostContext] Well known directory 'Root': '/Users/jnalair/quiet-reference-site/actions-runner'
[2025-10-06 05:55:30Z INFO HostContext] Well known directory 'Work': '/Users/jnalair/quiet-reference-site/actions-runner/_work'
[2025-10-06 05:55:30Z INFO JobExtension] Downloading actions
[2025-10-06 05:55:30Z INFO HostContext] Well known directory 'Bin': '/Users/jnalair/quiet-reference-site/actions-runner/bin'
[2025-10-06 05:55:30Z INFO HostContext] Well known directory 'Root': '/Users/jnalair/quiet-reference-site/actions-runner'
[2025-10-06 05:55:30Z INFO HostContext] Well known directory 'Work': '/Users/jnalair/quiet-reference-site/actions-runner/_work'
[2025-10-06 05:55:30Z INFO HostContext] Well known directory 'Actions': '/Users/jnalair/quiet-reference-site/actions-runner/_work/_actions'
[2025-10-06 05:55:30Z INFO Worker] Listening for cancel message from the channel.
[2025-10-06 05:55:30Z INFO Worker] Waiting for the job to complete or for a cancel message from the channel.
[2025-10-06 05:55:32Z INFO ResultServer] Successfully started websocket client.
[2025-10-06 05:55:32Z INFO JobServerQueue] Try to append 1 batches web console lines for record '0d92854c-41c4-44ae-a271-e48f03e4372f', success rate: 1/1.
[2025-10-06 05:55:32Z INFO JobServerQueue] Job timeline record has been updated for the first time.
[2025-10-06 05:55:32Z INFO HostContext] Well known directory 'Bin': '/Users/jnalair/quiet-reference-site/actions-runner/bin'
[2025-10-06 05:55:32Z INFO HostContext] Well known directory 'Root': '/Users/jnalair/quiet-reference-site/actions-runner'
[2025-10-06 05:55:32Z INFO HostContext] Well known directory 'Work': '/Users/jnalair/quiet-reference-site/actions-runner/_work'
[2025-10-06 05:55:32Z INFO HostContext] Well known directory 'Actions': '/Users/jnalair/quiet-reference-site/actions-runner/_work/_actions'
[2025-10-06 05:55:32Z INFO HostContext] Well known directory 'Bin': '/Users/jnalair/quiet-reference-site/actions-runner/bin'
[2025-10-06 05:55:32Z INFO HostContext] Well known directory 'Root': '/Users/jnalair/quiet-reference-site/actions-runner'
[2025-10-06 05:55:32Z INFO HostContext] Well known directory 'Work': '/Users/jnalair/quiet-reference-site/actions-runner/_work'
[2025-10-06 05:55:32Z INFO HostContext] Well known directory 'Actions': '/Users/jnalair/quiet-reference-site/actions-runner/_work/_actions'
[2025-10-06 05:55:32Z INFO ActionManager] Save archive 'https://api.github.com/repos/actions/checkout/tarball/f43a0e5ff2bd294095638e18286ca9a3d1956744' into /Users/jnalair/quiet-reference-site/actions-runner/_work/_actions/_temp_4e3251a8-0cec-4de6-a6c4-5d41b0325098/c72c22de-d647-4b51-85b2-dba417b2a7d4.tar.gz.
[2025-10-06 05:55:32Z INFO JobServerQueue] Try to append 1 batches web console lines for record '0d92854c-41c4-44ae-a271-e48f03e4372f', success rate: 1/1.
[2025-10-06 05:55:39Z INFO ActionManager] Request URL: https://api.github.com/repos/actions/checkout/tarball/f43a0e5ff2bd294095638e18286ca9a3d1956744 X-GitHub-Request-Id: FDA4:2DB49F:45085:10BB93:68E359D8 Http Status: OK
[2025-10-06 05:55:39Z INFO ActionManager] Which2: 'tar'
[2025-10-06 05:55:39Z INFO ActionManager] Location: '/usr/bin/tar'
[2025-10-06 05:55:39Z INFO ProcessInvokerWrapper] Starting process:
[2025-10-06 05:55:39Z INFO ProcessInvokerWrapper]   File name: '/usr/bin/tar'
[2025-10-06 05:55:39Z INFO ProcessInvokerWrapper]   Arguments: '-xzf "/Users/jnalair/quiet-reference-site/actions-runner/_work/_actions/_temp_4e3251a8-0cec-4de6-a6c4-5d41b0325098/c72c22de-d647-4b51-85b2-dba417b2a7d4.tar.gz"'
[2025-10-06 05:55:39Z INFO ProcessInvokerWrapper]   Working directory: '/Users/jnalair/quiet-reference-site/actions-runner/_work/_actions/_temp_4e3251a8-0cec-4de6-a6c4-5d41b0325098/_staging'
[2025-10-06 05:55:39Z INFO ProcessInvokerWrapper]   Require exit code zero: 'False'
[2025-10-06 05:55:39Z INFO ProcessInvokerWrapper]   Encoding web name:  ; code page: ''
[2025-10-06 05:55:39Z INFO ProcessInvokerWrapper]   Force kill process on cancellation: 'False'
[2025-10-06 05:55:39Z INFO ProcessInvokerWrapper]   Redirected STDIN: 'False'
[2025-10-06 05:55:39Z INFO ProcessInvokerWrapper]   Persist current code page: 'False'
[2025-10-06 05:55:39Z INFO ProcessInvokerWrapper]   Keep redirected STDIN open: 'False'
[2025-10-06 05:55:39Z INFO ProcessInvokerWrapper]   High priority process: 'False'
[2025-10-06 05:55:39Z INFO ProcessInvokerWrapper] Process started with process id 30257, waiting for process exit.
[2025-10-06 05:55:39Z INFO ProcessInvokerWrapper] STDOUT/STDERR stream read finished.
[2025-10-06 05:55:39Z INFO ProcessInvokerWrapper] STDOUT/STDERR stream read finished.
[2025-10-06 05:55:39Z INFO ProcessInvokerWrapper] Finished process 30257 with exit code 0, and elapsed time 00:00:00.0983178.
[2025-10-06 05:55:39Z INFO ActionManager] Finished getting action repository.
[2025-10-06 05:55:39Z INFO HostContext] Well known directory 'Bin': '/Users/jnalair/quiet-reference-site/actions-runner/bin'
[2025-10-06 05:55:39Z INFO HostContext] Well known directory 'Root': '/Users/jnalair/quiet-reference-site/actions-runner'
[2025-10-06 05:55:39Z INFO HostContext] Well known directory 'Work': '/Users/jnalair/quiet-reference-site/actions-runner/_work'
[2025-10-06 05:55:39Z INFO HostContext] Well known directory 'Actions': '/Users/jnalair/quiet-reference-site/actions-runner/_work/_actions'
[2025-10-06 05:55:39Z INFO ActionManifestManager] Load schema file with definitions: [
  "null",
  "boolean",
  "number",
  "string",
  "sequence",
  "mapping",
  "any",
  "action-root",
  "inputs",
  "input",
  "outputs",
  "output-definition",
  "runs",
  "container-runs",
  "container-runs-args",
  "container-runs-env",
  "node-runs",
  "plugin-runs",
  "composite-runs",
  "composite-steps",
  "composite-step",
  "run-step",
  "uses-step",
  "container-runs-context",
  "output-value",
  "input-default-context",
  "non-empty-string",
  "string-steps-context",
  "boolean-steps-context",
  "step-env",
  "step-if",
  "step-with"
]
[2025-10-06 05:55:39Z INFO HostContext] Well known directory 'Bin': '/Users/jnalair/quiet-reference-site/actions-runner/bin'
[2025-10-06 05:55:39Z INFO HostContext] Well known directory 'Root': '/Users/jnalair/quiet-reference-site/actions-runner'
[2025-10-06 05:55:39Z INFO HostContext] Well known directory 'Work': '/Users/jnalair/quiet-reference-site/actions-runner/_work'
[2025-10-06 05:55:39Z INFO HostContext] Well known directory 'Actions': '/Users/jnalair/quiet-reference-site/actions-runner/_work/_actions'
[2025-10-06 05:55:39Z INFO ActionManifestManager] Loaded action.yml file: {
  "name": "Checkout",
  "description": "Checkout a Git repository at a particular version",
  "inputs": {
    "type": 2,
    "map": [
      {
        "key": {
          "type": 0,
          "file": 2,
          "line": 4,
          "col": 3,
          "lit": "repository"
        },
        "value": {
          "type": 3,
          "file": 2,
          "line": 6,
          "col": 14,
          "expr": "github.repository"
        }
      },
      {
        "key": {
          "type": 0,
          "file": 2,
          "line": 7,
          "col": 3,
          "lit": "ref"
        },
        "value": ""
      },
      {
        "key": {
          "type": 0,
          "file": 2,
          "line": 12,
          "col": 3,
          "lit": "token"
        },
        "value": {
          "type": 3,
          "file": 2,
          "line": 24,
          "col": 14,
          "expr": "github.token"
        }
      },
      {
        "key": {
          "type": 0,
          "file": 2,
          "line": 25,
          "col": 3,
          "lit": "ssh-key"
        },
        "value": ""
      },
      {
        "key": {
          "type": 0,
          "file": 2,
          "line": 37,
          "col": 3,
          "lit": "ssh-known-hosts"
        },
        "value": ""
      },
      {
        "key": {
          "type": 0,
          "file": 2,
          "line": 42,
          "col": 3,
          "lit": "ssh-strict"
        },
        "value": {
          "type": 0,
          "file": 2,
          "line": 47,
          "col": 14,
          "lit": "true"
        }
      },
      {
        "key": {
          "type": 0,
          "file": 2,
          "line": 48,
          "col": 3,
          "lit": "persist-credentials"
        },
        "value": {
          "type": 0,
          "file": 2,
          "line": 50,
          "col": 14,
          "lit": "true"
        }
      },
      {
        "key": {
          "type": 0,
          "file": 2,
          "line": 51,
          "col": 3,
          "lit": "path"
        },
        "value": ""
      },
      {
        "key": {
          "type": 0,
          "file": 2,
          "line": 53,
          "col": 3,
          "lit": "clean"
        },
        "value": {
          "type": 0,
          "file": 2,
          "line": 55,
          "col": 14,
          "lit": "true"
        }
      },
      {
        "key": {
          "type": 0,
          "file": 2,
          "line": 56,
          "col": 3,
          "lit": "sparse-checkout"
        },
        "value": {
          "type": 0,
          "file": 2,
          "line": 60,
          "col": 14,
          "lit": ""
        }
      },
      {
        "key": {
          "type": 0,
          "file": 2,
          "line": 61,
          "col": 3,
          "lit": "sparse-checkout-cone-mode"
        },
        "value": {
          "type": 0,
          "file": 2,
          "line": 64,
          "col": 14,
          "lit": "true"
        }
      },
      {
        "key": {
          "type": 0,
          "file": 2,
          "line": 65,
          "col": 3,
          "lit": "fetch-depth"
        },
        "value": {
          "type": 0,
          "file": 2,
          "line": 67,
          "col": 14,
          "lit": "1"
        }
      },
      {
        "key": {
          "type": 0,
          "file": 2,
          "line": 68,
          "col": 3,
          "lit": "fetch-tags"
        },
        "value": {
          "type": 0,
          "file": 2,
          "line": 70,
          "col": 14,
          "lit": "false"
        }
      },
      {
        "key": {
          "type": 0,
          "file": 2,
          "line": 71,
          "col": 3,
          "lit": "lfs"
        },
        "value": {
          "type": 0,
          "file": 2,
          "line": 73,
          "col": 14,
          "lit": "false"
        }
      },
      {
        "key": {
          "type": 0,
          "file": 2,
          "line": 74,
          "col": 3,
          "lit": "submodules"
        },
        "value": {
          "type": 0,
          "file": 2,
          "line": 82,
          "col": 14,
          "lit": "false"
        }
      },
      {
        "key": {
          "type": 0,
          "file": 2,
          "line": 83,
          "col": 3,
          "lit": "set-safe-directory"
        },
        "value": {
          "type": 0,
          "file": 2,
          "line": 85,
          "col": 14,
          "lit": "true"
        }
      },
      {
        "key": {
          "type": 0,
          "file": 2,
          "line": 86,
          "col": 3,
          "lit": "github-server-url"
        },
        "value": ""
      }
    ]
  },
  "execution": {
    "executionType": "nodeJS",
    "hasPre": false,
    "hasPost": true,
    "script": "dist/index.js",
    "pre": null,
    "post": "dist/index.js",
    "nodeVersion": "node16",
    "cleanupCondition": "always()",
    "initCondition": "always()"
  },
  "deprecated": null
}
[2025-10-06 05:55:39Z INFO ActionManager] Action node.js file: dist/index.js, no more preparation.
[2025-10-06 05:55:39Z INFO HostContext] Well known directory 'Bin': '/Users/jnalair/quiet-reference-site/actions-runner/bin'
[2025-10-06 05:55:39Z INFO HostContext] Well known directory 'Root': '/Users/jnalair/quiet-reference-site/actions-runner'
[2025-10-06 05:55:39Z INFO HostContext] Well known directory 'Work': '/Users/jnalair/quiet-reference-site/actions-runner/_work'
[2025-10-06 05:55:39Z INFO HostContext] Well known directory 'Actions': '/Users/jnalair/quiet-reference-site/actions-runner/_work/_actions'
[2025-10-06 05:55:39Z INFO ActionManager] Load action that reference repository from '/Users/jnalair/quiet-reference-site/actions-runner/_work/_actions/actions/checkout/v3'
[2025-10-06 05:55:39Z INFO HostContext] Well known directory 'Bin': '/Users/jnalair/quiet-reference-site/actions-runner/bin'
[2025-10-06 05:55:39Z INFO HostContext] Well known directory 'Root': '/Users/jnalair/quiet-reference-site/actions-runner'
[2025-10-06 05:55:39Z INFO HostContext] Well known directory 'Work': '/Users/jnalair/quiet-reference-site/actions-runner/_work'
[2025-10-06 05:55:39Z INFO HostContext] Well known directory 'Actions': '/Users/jnalair/quiet-reference-site/actions-runner/_work/_actions'
[2025-10-06 05:55:39Z INFO ActionManifestManager] Loaded action.yml file: {
  "name": "Checkout",
  "description": "Checkout a Git repository at a particular version",
  "inputs": {
    "type": 2,
    "map": [
      {
        "key": {
          "type": 0,
          "file": 2,
          "line": 4,
          "col": 3,
          "lit": "repository"
        },
        "value": {
          "type": 3,
          "file": 2,
          "line": 6,
          "col": 14,
          "expr": "github.repository"
        }
      },
      {
        "key": {
          "type": 0,
          "file": 2,
          "line": 7,
          "col": 3,
          "lit": "ref"
        },
        "value": ""
      },
      {
        "key": {
          "type": 0,
          "file": 2,
          "line": 12,
          "col": 3,
          "lit": "token"
        },
        "value": {
          "type": 3,
          "file": 2,
          "line": 24,
          "col": 14,
          "expr": "github.token"
        }
      },
      {
        "key": {
          "type": 0,
          "file": 2,
          "line": 25,
          "col": 3,
          "lit": "ssh-key"
        },
        "value": ""
      },
      {
        "key": {
          "type": 0,
          "file": 2,
          "line": 37,
          "col": 3,
          "lit": "ssh-known-hosts"
        },
        "value": ""
      },
      {
        "key": {
          "type": 0,
          "file": 2,
          "line": 42,
          "col": 3,
          "lit": "ssh-strict"
        },
        "value": {
          "type": 0,
          "file": 2,
          "line": 47,
          "col": 14,
          "lit": "true"
        }
      },
      {
        "key": {
          "type": 0,
          "file": 2,
          "line": 48,
          "col": 3,
          "lit": "persist-credentials"
        },
        "value": {
          "type": 0,
          "file": 2,
          "line": 50,
          "col": 14,
          "lit": "true"
        }
      },
      {
        "key": {
          "type": 0,
          "file": 2,
          "line": 51,
          "col": 3,
          "lit": "path"
        },
        "value": ""
      },
      {
        "key": {
          "type": 0,
          "file": 2,
          "line": 53,
          "col": 3,
          "lit": "clean"
        },
        "value": {
          "type": 0,
          "file": 2,
          "line": 55,
          "col": 14,
          "lit": "true"
        }
      },
      {
        "key": {
          "type": 0,
          "file": 2,
          "line": 56,
          "col": 3,
          "lit": "sparse-checkout"
        },
        "value": {
          "type": 0,
          "file": 2,
          "line": 60,
          "col": 14,
          "lit": ""
        }
      },
      {
        "key": {
          "type": 0,
          "file": 2,
          "line": 61,
          "col": 3,
          "lit": "sparse-checkout-cone-mode"
        },
        "value": {
          "type": 0,
          "file": 2,
          "line": 64,
          "col": 14,
          "lit": "true"
        }
      },
      {
        "key": {
          "type": 0,
          "file": 2,
          "line": 65,
          "col": 3,
          "lit": "fetch-depth"
        },
        "value": {
          "type": 0,
          "file": 2,
          "line": 67,
          "col": 14,
          "lit": "1"
        }
      },
      {
        "key": {
          "type": 0,
          "file": 2,
          "line": 68,
          "col": 3,
          "lit": "fetch-tags"
        },
        "value": {
          "type": 0,
          "file": 2,
          "line": 70,
          "col": 14,
          "lit": "false"
        }
      },
      {
        "key": {
          "type": 0,
          "file": 2,
          "line": 71,
          "col": 3,
          "lit": "lfs"
        },
        "value": {
          "type": 0,
          "file": 2,
          "line": 73,
          "col": 14,
          "lit": "false"
        }
      },
      {
        "key": {
          "type": 0,
          "file": 2,
          "line": 74,
          "col": 3,
          "lit": "submodules"
        },
        "value": {
          "type": 0,
          "file": 2,
          "line": 82,
          "col": 14,
          "lit": "false"
        }
      },
      {
        "key": {
          "type": 0,
          "file": 2,
          "line": 83,
          "col": 3,
          "lit": "set-safe-directory"
        },
        "value": {
          "type": 0,
          "file": 2,
          "line": 85,
          "col": 14,
          "lit": "true"
        }
      },
      {
        "key": {
          "type": 0,
          "file": 2,
          "line": 86,
          "col": 3,
          "lit": "github-server-url"
        },
        "value": ""
      }
    ]
  },
  "execution": {
    "executionType": "nodeJS",
    "hasPre": false,
    "hasPost": true,
    "script": "dist/index.js",
    "pre": null,
    "post": "dist/index.js",
    "nodeVersion": "node16",
    "cleanupCondition": "always()",
    "initCondition": "always()"
  },
  "deprecated": null
}
[2025-10-06 05:55:39Z INFO ActionManager] Action pre node.js file: N/A.
[2025-10-06 05:55:39Z INFO ActionManager] Action node.js file: dist/index.js.
[2025-10-06 05:55:39Z INFO ActionManager] Action post node.js file: dist/index.js.
[2025-10-06 05:55:39Z INFO JobExtension] Adding .
[2025-10-06 05:55:39Z INFO JobExtension] Adding .
[2025-10-06 05:55:39Z INFO JobExtension] Adding .
[2025-10-06 05:55:39Z INFO HostContext] Well known directory 'Bin': '/Users/jnalair/quiet-reference-site/actions-runner/bin'
[2025-10-06 05:55:39Z INFO HostContext] Well known directory 'Root': '/Users/jnalair/quiet-reference-site/actions-runner'
[2025-10-06 05:55:39Z INFO HostContext] Well known directory 'Diag': '/Users/jnalair/quiet-reference-site/actions-runner/_diag'
[2025-10-06 05:55:39Z INFO HostContext] Well known directory 'Bin': '/Users/jnalair/quiet-reference-site/actions-runner/bin'
[2025-10-06 05:55:39Z INFO HostContext] Well known directory 'Root': '/Users/jnalair/quiet-reference-site/actions-runner'
[2025-10-06 05:55:39Z INFO HostContext] Well known directory 'Diag': '/Users/jnalair/quiet-reference-site/actions-runner/_diag'
[2025-10-06 05:55:39Z INFO HostContext] Well known directory 'Bin': '/Users/jnalair/quiet-reference-site/actions-runner/bin'
[2025-10-06 05:55:39Z INFO HostContext] Well known directory 'Root': '/Users/jnalair/quiet-reference-site/actions-runner'
[2025-10-06 05:55:39Z INFO HostContext] Well known directory 'Diag': '/Users/jnalair/quiet-reference-site/actions-runner/_diag'
[2025-10-06 05:55:39Z INFO HostContext] Well known directory 'Bin': '/Users/jnalair/quiet-reference-site/actions-runner/bin'
[2025-10-06 05:55:39Z INFO HostContext] Well known directory 'Root': '/Users/jnalair/quiet-reference-site/actions-runner'
[2025-10-06 05:55:39Z INFO HostContext] Well known directory 'Diag': '/Users/jnalair/quiet-reference-site/actions-runner/_diag'
[2025-10-06 05:55:39Z INFO HostContext] Well known directory 'Bin': '/Users/jnalair/quiet-reference-site/actions-runner/bin'
[2025-10-06 05:55:39Z INFO HostContext] Well known directory 'Root': '/Users/jnalair/quiet-reference-site/actions-runner'
[2025-10-06 05:55:39Z INFO HostContext] Well known directory 'Diag': '/Users/jnalair/quiet-reference-site/actions-runner/_diag'
[2025-10-06 05:55:39Z INFO HostContext] Well known directory 'Bin': '/Users/jnalair/quiet-reference-site/actions-runner/bin'
[2025-10-06 05:55:39Z INFO HostContext] Well known directory 'Root': '/Users/jnalair/quiet-reference-site/actions-runner'
[2025-10-06 05:55:39Z INFO HostContext] Well known directory 'Diag': '/Users/jnalair/quiet-reference-site/actions-runner/_diag'
[2025-10-06 05:55:39Z INFO JobExtension] Total accessible running process: 239.
[2025-10-06 05:55:39Z INFO HostContext] Well known directory 'Bin': '/Users/jnalair/quiet-reference-site/actions-runner/bin'
[2025-10-06 05:55:39Z INFO HostContext] Well known directory 'Root': '/Users/jnalair/quiet-reference-site/actions-runner'
[2025-10-06 05:55:39Z INFO HostContext] Well known directory 'Work': '/Users/jnalair/quiet-reference-site/actions-runner/_work'
[2025-10-06 05:55:39Z INFO JobExtension] Start checking service connectivity in background.
[2025-10-06 05:55:39Z INFO ExecutionContext] Publish step telemetry for current step {
  "action": "setup_job",
  "type": "runner",
  "stage": "Pre",
  "stepId": "0d92854c-41c4-44ae-a271-e48f03e4372f",
  "result": "succeeded",
  "errorMessages": [],
  "executionTimeInSeconds": 10,
  "startTime": "2025-10-06T05:55:30.43473Z",
  "finishTime": "2025-10-06T05:55:39.62199Z"
}.
[2025-10-06 05:55:39Z INFO JobRunner] Total job steps: 3.
[2025-10-06 05:55:39Z INFO JobRunner] Run all job steps.
[2025-10-06 05:55:39Z INFO StepsRunner] Processing step: DisplayName='Checkout repo'
[2025-10-06 05:55:39Z INFO StepsRunner] Evaluating: success()
[2025-10-06 05:55:39Z INFO StepsRunner] Result: true
[2025-10-06 05:55:39Z INFO StepsRunner] Starting the step.
[2025-10-06 05:55:39Z INFO HostContext] Well known directory 'Bin': '/Users/jnalair/quiet-reference-site/actions-runner/bin'
[2025-10-06 05:55:39Z INFO HostContext] Well known directory 'Root': '/Users/jnalair/quiet-reference-site/actions-runner'
[2025-10-06 05:55:39Z INFO HostContext] Well known directory 'Work': '/Users/jnalair/quiet-reference-site/actions-runner/_work'
[2025-10-06 05:55:39Z INFO HostContext] Well known directory 'Actions': '/Users/jnalair/quiet-reference-site/actions-runner/_work/_actions'
[2025-10-06 05:55:39Z INFO ActionManager] Load action that reference repository from '/Users/jnalair/quiet-reference-site/actions-runner/_work/_actions/actions/checkout/v3'
[2025-10-06 05:55:39Z INFO HostContext] Well known directory 'Bin': '/Users/jnalair/quiet-reference-site/actions-runner/bin'
[2025-10-06 05:55:39Z INFO HostContext] Well known directory 'Root': '/Users/jnalair/quiet-reference-site/actions-runner'
[2025-10-06 05:55:39Z INFO HostContext] Well known directory 'Work': '/Users/jnalair/quiet-reference-site/actions-runner/_work'
[2025-10-06 05:55:39Z INFO HostContext] Well known directory 'Actions': '/Users/jnalair/quiet-reference-site/actions-runner/_work/_actions'
[2025-10-06 05:55:39Z INFO ActionManifestManager] Loaded action.yml file: {
  "name": "Checkout",
  "description": "Checkout a Git repository at a particular version",
  "inputs": {
    "type": 2,
    "map": [
      {
        "key": {
          "type": 0,
          "file": 2,
          "line": 4,
          "col": 3,
          "lit": "repository"
        },
        "value": {
          "type": 3,
          "file": 2,
          "line": 6,
          "col": 14,
          "expr": "github.repository"
        }
      },
      {
        "key": {
          "type": 0,
          "file": 2,
          "line": 7,
          "col": 3,
          "lit": "ref"
        },
        "value": ""
      },
      {
        "key": {
          "type": 0,
          "file": 2,
          "line": 12,
          "col": 3,
          "lit": "token"
        },
        "value": {
          "type": 3,
          "file": 2,
          "line": 24,
          "col": 14,
          "expr": "github.token"
        }
      },
      {
        "key": {
          "type": 0,
          "file": 2,
          "line": 25,
          "col": 3,
          "lit": "ssh-key"
        },
        "value": ""
      },
      {
        "key": {
          "type": 0,
          "file": 2,
          "line": 37,
          "col": 3,
          "lit": "ssh-known-hosts"
        },
        "value": ""
      },
      {
        "key": {
          "type": 0,
          "file": 2,
          "line": 42,
          "col": 3,
          "lit": "ssh-strict"
        },
        "value": {
          "type": 0,
          "file": 2,
          "line": 47,
          "col": 14,
          "lit": "true"
        }
      },
      {
        "key": {
          "type": 0,
          "file": 2,
          "line": 48,
          "col": 3,
          "lit": "persist-credentials"
        },
        "value": {
          "type": 0,
          "file": 2,
          "line": 50,
          "col": 14,
          "lit": "true"
        }
      },
      {
        "key": {
          "type": 0,
          "file": 2,
          "line": 51,
          "col": 3,
          "lit": "path"
        },
        "value": ""
      },
      {
        "key": {
          "type": 0,
          "file": 2,
          "line": 53,
          "col": 3,
          "lit": "clean"
        },
        "value": {
          "type": 0,
          "file": 2,
          "line": 55,
          "col": 14,
          "lit": "true"
        }
      },
      {
        "key": {
          "type": 0,
          "file": 2,
          "line": 56,
          "col": 3,
          "lit": "sparse-checkout"
        },
        "value": {
          "type": 0,
          "file": 2,
          "line": 60,
          "col": 14,
          "lit": ""
        }
      },
      {
        "key": {
          "type": 0,
          "file": 2,
          "line": 61,
          "col": 3,
          "lit": "sparse-checkout-cone-mode"
        },
        "value": {
          "type": 0,
          "file": 2,
          "line": 64,
          "col": 14,
          "lit": "true"
        }
      },
      {
        "key": {
          "type": 0,
          "file": 2,
          "line": 65,
          "col": 3,
          "lit": "fetch-depth"
        },
        "value": {
          "type": 0,
          "file": 2,
          "line": 67,
          "col": 14,
          "lit": "1"
        }
      },
      {
        "key": {
          "type": 0,
          "file": 2,
          "line": 68,
          "col": 3,
          "lit": "fetch-tags"
        },
        "value": {
          "type": 0,
          "file": 2,
          "line": 70,
          "col": 14,
          "lit": "false"
        }
      },
      {
        "key": {
          "type": 0,
          "file": 2,
          "line": 71,
          "col": 3,
          "lit": "lfs"
        },
        "value": {
          "type": 0,
          "file": 2,
          "line": 73,
          "col": 14,
          "lit": "false"
        }
      },
      {
        "key": {
          "type": 0,
          "file": 2,
          "line": 74,
          "col": 3,
          "lit": "submodules"
        },
        "value": {
          "type": 0,
          "file": 2,
          "line": 82,
          "col": 14,
          "lit": "false"
        }
      },
      {
        "key": {
          "type": 0,
          "file": 2,
          "line": 83,
          "col": 3,
          "lit": "set-safe-directory"
        },
        "value": {
          "type": 0,
          "file": 2,
          "line": 85,
          "col": 14,
          "lit": "true"
        }
      },
      {
        "key": {
          "type": 0,
          "file": 2,
          "line": 86,
          "col": 3,
          "lit": "github-server-url"
        },
        "value": ""
      }
    ]
  },
  "execution": {
    "executionType": "nodeJS",
    "hasPre": false,
    "hasPost": true,
    "script": "dist/index.js",
    "pre": null,
    "post": "dist/index.js",
    "nodeVersion": "node16",
    "cleanupCondition": "always()",
    "initCondition": "always()"
  },
  "deprecated": null
}
[2025-10-06 05:55:39Z INFO ActionManager] Action pre node.js file: N/A.
[2025-10-06 05:55:39Z INFO ActionManager] Action node.js file: dist/index.js.
[2025-10-06 05:55:39Z INFO ActionManager] Action post node.js file: dist/index.js.
[2025-10-06 05:55:39Z INFO ExecutionContext] Reserve record order 5 to 8 for post job actions.
[2025-10-06 05:55:39Z INFO HostContext] Well known directory 'Bin': '/Users/jnalair/quiet-reference-site/actions-runner/bin'
[2025-10-06 05:55:39Z INFO HostContext] Well known directory 'Root': '/Users/jnalair/quiet-reference-site/actions-runner'
[2025-10-06 05:55:39Z INFO HostContext] Well known directory 'Diag': '/Users/jnalair/quiet-reference-site/actions-runner/_diag'
[2025-10-06 05:55:39Z INFO HostContext] Well known directory 'Bin': '/Users/jnalair/quiet-reference-site/actions-runner/bin'
[2025-10-06 05:55:39Z INFO HostContext] Well known directory 'Root': '/Users/jnalair/quiet-reference-site/actions-runner'
[2025-10-06 05:55:39Z INFO HostContext] Well known directory 'Diag': '/Users/jnalair/quiet-reference-site/actions-runner/_diag'
[2025-10-06 05:55:39Z INFO HostContext] Well known directory 'Bin': '/Users/jnalair/quiet-reference-site/actions-runner/bin'
[2025-10-06 05:55:39Z INFO HostContext] Well known directory 'Root': '/Users/jnalair/quiet-reference-site/actions-runner'
[2025-10-06 05:55:39Z INFO HostContext] Well known directory 'Work': '/Users/jnalair/quiet-reference-site/actions-runner/_work'
[2025-10-06 05:55:39Z INFO HostContext] Well known directory 'Temp': '/Users/jnalair/quiet-reference-site/actions-runner/_work/_temp'
[2025-10-06 05:55:39Z INFO ExecutionContext] Write event payload to /Users/jnalair/quiet-reference-site/actions-runner/_work/_temp/_github_workflow/event.json
[2025-10-06 05:55:39Z INFO HostContext] Well known directory 'Bin': '/Users/jnalair/quiet-reference-site/actions-runner/bin'
[2025-10-06 05:55:39Z INFO HostContext] Well known directory 'Root': '/Users/jnalair/quiet-reference-site/actions-runner'
[2025-10-06 05:55:39Z INFO HostContext] Well known directory 'Work': '/Users/jnalair/quiet-reference-site/actions-runner/_work'
[2025-10-06 05:55:39Z INFO HostContext] Well known directory 'Temp': '/Users/jnalair/quiet-reference-site/actions-runner/_work/_temp'
[2025-10-06 05:55:39Z INFO ExtensionManager] Getting extensions for interface: 'GitHub.Runner.Worker.IFileCommandExtension'
[2025-10-06 05:55:39Z INFO ExtensionManager] Creating instance: GitHub.Runner.Worker.AddPathFileCommand, Runner.Worker
[2025-10-06 05:55:39Z INFO ExtensionManager] Creating instance: GitHub.Runner.Worker.SetEnvFileCommand, Runner.Worker
[2025-10-06 05:55:39Z INFO ExtensionManager] Creating instance: GitHub.Runner.Worker.CreateStepSummaryCommand, Runner.Worker
[2025-10-06 05:55:39Z INFO ExtensionManager] Creating instance: GitHub.Runner.Worker.SaveStateFileCommand, Runner.Worker
[2025-10-06 05:55:39Z INFO ExtensionManager] Creating instance: GitHub.Runner.Worker.SetOutputFileCommand, Runner.Worker
[2025-10-06 05:55:39Z INFO ActionManifestManager] Input 'repository': default value evaluate result: {
  "type": 0,
  "file": 2,
  "line": 6,
  "col": 14,
  "lit": "Vodkashot28/quiet-reference-site"
}
[2025-10-06 05:55:39Z INFO ActionManifestManager] Input 'ref': default value evaluate result: ""
[2025-10-06 05:55:39Z INFO ActionManifestManager] Input 'token': default value evaluate result: {
  "type": 0,
  "file": 2,
  "line": 24,
  "col": 14,
  "lit": "***"
}
[2025-10-06 05:55:39Z INFO ActionManifestManager] Input 'ssh-key': default value evaluate result: ""
[2025-10-06 05:55:39Z INFO ActionManifestManager] Input 'ssh-known-hosts': default value evaluate result: ""
[2025-10-06 05:55:39Z INFO ActionManifestManager] Input 'ssh-strict': default value evaluate result: {
  "type": 0,
  "file": 2,
  "line": 47,
  "col": 14,
  "lit": "true"
}
[2025-10-06 05:55:39Z INFO ActionManifestManager] Input 'persist-credentials': default value evaluate result: {
  "type": 0,
  "file": 2,
  "line": 50,
  "col": 14,
  "lit": "true"
}
[2025-10-06 05:55:39Z INFO ActionManifestManager] Input 'path': default value evaluate result: ""
[2025-10-06 05:55:39Z INFO ActionManifestManager] Input 'clean': default value evaluate result: {
  "type": 0,
  "file": 2,
  "line": 55,
  "col": 14,
  "lit": "true"
}
[2025-10-06 05:55:39Z INFO ActionManifestManager] Input 'sparse-checkout': default value evaluate result: {
  "type": 0,
  "file": 2,
  "line": 60,
  "col": 14,
  "lit": ""
}
[2025-10-06 05:55:39Z INFO ActionManifestManager] Input 'sparse-checkout-cone-mode': default value evaluate result: {
  "type": 0,
  "file": 2,
  "line": 64,
  "col": 14,
  "lit": "true"
}
[2025-10-06 05:55:39Z INFO ActionManifestManager] Input 'fetch-depth': default value evaluate result: {
  "type": 0,
  "file": 2,
  "line": 67,
  "col": 14,
  "lit": "1"
}
[2025-10-06 05:55:39Z INFO ActionManifestManager] Input 'fetch-tags': default value evaluate result: {
  "type": 0,
  "file": 2,
  "line": 70,
  "col": 14,
  "lit": "false"
}
[2025-10-06 05:55:39Z INFO ActionManifestManager] Input 'lfs': default value evaluate result: {
  "type": 0,
  "file": 2,
  "line": 73,
  "col": 14,
  "lit": "false"
}
[2025-10-06 05:55:39Z INFO ActionManifestManager] Input 'submodules': default value evaluate result: {
  "type": 0,
  "file": 2,
  "line": 82,
  "col": 14,
  "lit": "false"
}
[2025-10-06 05:55:39Z INFO ActionManifestManager] Input 'set-safe-directory': default value evaluate result: {
  "type": 0,
  "file": 2,
  "line": 85,
  "col": 14,
  "lit": "true"
}
[2025-10-06 05:55:39Z INFO ActionManifestManager] Input 'github-server-url': default value evaluate result: ""
[2025-10-06 05:55:39Z INFO ExtensionManager] Getting extensions for interface: 'GitHub.Runner.Worker.IActionCommandExtension'
[2025-10-06 05:55:39Z INFO ExtensionManager] Creating instance: GitHub.Runner.Worker.InternalPluginSetRepoPathCommandExtension, Runner.Worker
[2025-10-06 05:55:39Z INFO JobServerQueue] Try to append 1 batches web console lines for record '0d92854c-41c4-44ae-a271-e48f03e4372f', success rate: 1/1.
[2025-10-06 05:55:39Z INFO ExtensionManager] Creating instance: GitHub.Runner.Worker.SetEnvCommandExtension, Runner.Worker
[2025-10-06 05:55:39Z INFO ExtensionManager] Creating instance: GitHub.Runner.Worker.SetOutputCommandExtension, Runner.Worker
[2025-10-06 05:55:39Z INFO ExtensionManager] Creating instance: GitHub.Runner.Worker.SaveStateCommandExtension, Runner.Worker
[2025-10-06 05:55:39Z INFO ExtensionManager] Creating instance: GitHub.Runner.Worker.AddPathCommandExtension, Runner.Worker
[2025-10-06 05:55:39Z INFO ExtensionManager] Creating instance: GitHub.Runner.Worker.AddMaskCommandExtension, Runner.Worker
[2025-10-06 05:55:39Z INFO ExtensionManager] Creating instance: GitHub.Runner.Worker.AddMatcherCommandExtension, Runner.Worker
[2025-10-06 05:55:39Z INFO ExtensionManager] Creating instance: GitHub.Runner.Worker.RemoveMatcherCommandExtension, Runner.Worker
[2025-10-06 05:55:39Z INFO ExtensionManager] Creating instance: GitHub.Runner.Worker.WarningCommandExtension, Runner.Worker
[2025-10-06 05:55:39Z INFO ExtensionManager] Creating instance: GitHub.Runner.Worker.ErrorCommandExtension, Runner.Worker
[2025-10-06 05:55:39Z INFO ExtensionManager] Creating instance: GitHub.Runner.Worker.NoticeCommandExtension, Runner.Worker
[2025-10-06 05:55:39Z INFO ExtensionManager] Creating instance: GitHub.Runner.Worker.DebugCommandExtension, Runner.Worker
[2025-10-06 05:55:39Z INFO ExtensionManager] Creating instance: GitHub.Runner.Worker.GroupCommandExtension, Runner.Worker
[2025-10-06 05:55:39Z INFO ExtensionManager] Creating instance: GitHub.Runner.Worker.EndGroupCommandExtension, Runner.Worker
[2025-10-06 05:55:39Z INFO ExtensionManager] Creating instance: GitHub.Runner.Worker.EchoCommandExtension, Runner.Worker
[2025-10-06 05:55:39Z INFO ActionCommandManager] Register action command extension for command internal-set-repo-path
[2025-10-06 05:55:39Z INFO ActionCommandManager] Register action command extension for command set-env
[2025-10-06 05:55:39Z INFO ActionCommandManager] Register action command extension for command set-output
[2025-10-06 05:55:39Z INFO ActionCommandManager] Register action command extension for command save-state
[2025-10-06 05:55:39Z INFO ActionCommandManager] Register action command extension for command add-path
[2025-10-06 05:55:39Z INFO ActionCommandManager] Register action command extension for command add-mask
[2025-10-06 05:55:39Z INFO ActionCommandManager] Register action command extension for command add-matcher
[2025-10-06 05:55:39Z INFO ActionCommandManager] Register action command extension for command remove-matcher
[2025-10-06 05:55:39Z INFO ActionCommandManager] Register action command extension for command warning
[2025-10-06 05:55:39Z INFO ActionCommandManager] Register action command extension for command error
[2025-10-06 05:55:39Z INFO ActionCommandManager] Register action command extension for command notice
[2025-10-06 05:55:39Z INFO ActionCommandManager] Register action command extension for command debug
[2025-10-06 05:55:39Z INFO ActionCommandManager] Register action command extension for command group
[2025-10-06 05:55:39Z INFO ActionCommandManager] Register action command extension for command endgroup
[2025-10-06 05:55:39Z INFO ActionCommandManager] Register action command extension for command echo
[2025-10-06 05:55:39Z INFO HostContext] Well known directory 'Bin': '/Users/jnalair/quiet-reference-site/actions-runner/bin'
[2025-10-06 05:55:39Z INFO HostContext] Well known directory 'Root': '/Users/jnalair/quiet-reference-site/actions-runner'
[2025-10-06 05:55:39Z INFO HostContext] Well known directory 'Externals': '/Users/jnalair/quiet-reference-site/actions-runner/externals'
[2025-10-06 05:55:39Z INFO ProcessInvokerWrapper] Starting process:
[2025-10-06 05:55:39Z INFO ProcessInvokerWrapper]   File name: '/Users/jnalair/quiet-reference-site/actions-runner/externals/node20/bin/node'
[2025-10-06 05:55:39Z INFO ProcessInvokerWrapper]   Arguments: '"/Users/jnalair/quiet-reference-site/actions-runner/_work/_actions/actions/checkout/v3/dist/index.js"'
[2025-10-06 05:55:39Z INFO ProcessInvokerWrapper]   Working directory: '/Users/jnalair/quiet-reference-site/actions-runner/_work/quiet-reference-site/quiet-reference-site'
[2025-10-06 05:55:39Z INFO ProcessInvokerWrapper]   Require exit code zero: 'False'
[2025-10-06 05:55:39Z INFO ProcessInvokerWrapper]   Encoding web name:  ; code page: ''
[2025-10-06 05:55:39Z INFO ProcessInvokerWrapper]   Force kill process on cancellation: 'False'
[2025-10-06 05:55:39Z INFO ProcessInvokerWrapper]   Redirected STDIN: 'False'
[2025-10-06 05:55:39Z INFO ProcessInvokerWrapper]   Persist current code page: 'False'
[2025-10-06 05:55:39Z INFO ProcessInvokerWrapper]   Keep redirected STDIN open: 'False'
[2025-10-06 05:55:39Z INFO ProcessInvokerWrapper]   High priority process: 'False'
[2025-10-06 05:55:39Z INFO ProcessInvokerWrapper] Process started with process id 30263, waiting for process exit.
[2025-10-06 05:55:39Z INFO JobServerQueue] Try to append 1 batches web console lines for record 'd2bd0469-0c6a-4a5d-b777-3aad530a3712', success rate: 1/1.
[2025-10-06 05:55:40Z INFO JobServerQueue] Try to append 1 batches web console lines for record 'd2bd0469-0c6a-4a5d-b777-3aad530a3712', success rate: 1/1.
[2025-10-06 05:55:40Z INFO AddMaskCommandExtension] Add new secret mask with length of 76
[2025-10-06 05:55:40Z INFO JobServerQueue] Got a step log file to send to results service.
[2025-10-06 05:55:40Z INFO JobServerQueue] Starting upload of step log file to results service ResultsLog, /Users/jnalair/quiet-reference-site/actions-runner/_diag/blocks/dbcee3e4-8503-4295-91f9-2d89e09c2429_0d92854c-41c4-44ae-a271-e48f03e4372f.1
[2025-10-06 05:55:40Z INFO JobServerQueue] Try to upload 1 log files or attachments, success rate: 1/1.
[2025-10-06 05:55:40Z INFO JobServerQueue] Try to append 1 batches web console lines for record 'd2bd0469-0c6a-4a5d-b777-3aad530a3712', success rate: 1/1.
[2025-10-06 05:55:40Z INFO JobServerQueue] Try to append 1 batches web console lines for record 'd2bd0469-0c6a-4a5d-b777-3aad530a3712', success rate: 1/1.
[2025-10-06 05:55:40Z INFO JobServerQueue] Try to append 1 batches web console lines for record 'd2bd0469-0c6a-4a5d-b777-3aad530a3712', success rate: 1/1.
[2025-10-06 05:55:41Z INFO JobServerQueue] Try to append 1 batches web console lines for record 'd2bd0469-0c6a-4a5d-b777-3aad530a3712', success rate: 1/1.
[2025-10-06 05:55:41Z INFO JobServerQueue] Try to append 1 batches web console lines for record 'd2bd0469-0c6a-4a5d-b777-3aad530a3712', success rate: 1/1.
[2025-10-06 05:55:42Z INFO JobServerQueue] Try to append 1 batches web console lines for record 'd2bd0469-0c6a-4a5d-b777-3aad530a3712', success rate: 1/1.
[2025-10-06 05:55:42Z INFO JobServerQueue] Try to append 1 batches web console lines for record 'd2bd0469-0c6a-4a5d-b777-3aad530a3712', success rate: 1/1.
[2025-10-06 05:55:43Z INFO JobServerQueue] Try to append 1 batches web console lines for record 'd2bd0469-0c6a-4a5d-b777-3aad530a3712', success rate: 1/1.
[2025-10-06 05:55:43Z INFO JobServerQueue] Try to append 1 batches web console lines for record 'd2bd0469-0c6a-4a5d-b777-3aad530a3712', success rate: 1/1.
[2025-10-06 05:55:48Z INFO JobServerQueue] Tried to upload 1 file(s) to results, success rate: 1/1.
[2025-10-06 05:55:49Z INFO JobServerQueue] Try to append 1 batches web console lines for record 'd2bd0469-0c6a-4a5d-b777-3aad530a3712', success rate: 1/1.
[2025-10-06 05:55:49Z INFO JobServerQueue] Try to append 1 batches web console lines for record 'd2bd0469-0c6a-4a5d-b777-3aad530a3712', success rate: 1/1.
[2025-10-06 05:55:49Z INFO HostContext] Well known directory 'Bin': '/Users/jnalair/quiet-reference-site/actions-runner/bin'
[2025-10-06 05:55:49Z INFO HostContext] Well known directory 'Root': '/Users/jnalair/quiet-reference-site/actions-runner'
[2025-10-06 05:55:49Z INFO HostContext] Well known directory 'Work': '/Users/jnalair/quiet-reference-site/actions-runner/_work'
[2025-10-06 05:55:49Z INFO ProcessInvokerWrapper] STDOUT/STDERR stream read finished.
[2025-10-06 05:55:49Z INFO ProcessInvokerWrapper] STDOUT/STDERR stream read finished.
[2025-10-06 05:55:49Z INFO ProcessInvokerWrapper] Finished process 30263 with exit code 0, and elapsed time 00:00:09.9031272.
[2025-10-06 05:55:49Z INFO CreateStepSummaryCommand] Step Summary file (/Users/jnalair/quiet-reference-site/actions-runner/_work/_temp/_runner_file_commands/step_summary_656b098f-fc8c-4305-87f1-653756ebd5b7) is empty; skipping attachment upload
[2025-10-06 05:55:49Z INFO StepsRunner] Step result: 
[2025-10-06 05:55:49Z INFO ExecutionContext] Publish step telemetry for current step {
  "action": "actions/checkout",
  "ref": "v3",
  "type": "node20",
  "stage": "Main",
  "stepId": "d2bd0469-0c6a-4a5d-b777-3aad530a3712",
  "stepContextName": "__actions_checkout",
  "hasPreStep": false,
  "hasPostStep": true,
  "result": "succeeded",
  "errorMessages": [],
  "executionTimeInSeconds": 11,
  "startTime": "2025-10-06T05:55:39.641649Z",
  "finishTime": "2025-10-06T05:55:49.642695Z"
}.
[2025-10-06 05:55:49Z INFO StepsRunner] No need for updating job result with current step result 'Succeeded'.
[2025-10-06 05:55:49Z INFO StepsRunner] Current state: job state = ''
[2025-10-06 05:55:49Z INFO StepsRunner] Processing step: DisplayName='Install Hugo'
[2025-10-06 05:55:49Z INFO StepsRunner] Evaluating: success()
[2025-10-06 05:55:49Z INFO StepsRunner] Result: true
[2025-10-06 05:55:49Z INFO StepsRunner] Starting the step.
[2025-10-06 05:55:49Z INFO HostContext] Well known directory 'Bin': '/Users/jnalair/quiet-reference-site/actions-runner/bin'
[2025-10-06 05:55:49Z INFO HostContext] Well known directory 'Root': '/Users/jnalair/quiet-reference-site/actions-runner'
[2025-10-06 05:55:49Z INFO HostContext] Well known directory 'Work': '/Users/jnalair/quiet-reference-site/actions-runner/_work'
[2025-10-06 05:55:49Z INFO HostContext] Well known directory 'Temp': '/Users/jnalair/quiet-reference-site/actions-runner/_work/_temp'
[2025-10-06 05:55:49Z INFO ExecutionContext] Write event payload to /Users/jnalair/quiet-reference-site/actions-runner/_work/_temp/_github_workflow/event.json
[2025-10-06 05:55:49Z INFO HostContext] Well known directory 'Bin': '/Users/jnalair/quiet-reference-site/actions-runner/bin'
[2025-10-06 05:55:49Z INFO HostContext] Well known directory 'Root': '/Users/jnalair/quiet-reference-site/actions-runner'
[2025-10-06 05:55:49Z INFO HostContext] Well known directory 'Work': '/Users/jnalair/quiet-reference-site/actions-runner/_work'
[2025-10-06 05:55:49Z INFO HostContext] Well known directory 'Temp': '/Users/jnalair/quiet-reference-site/actions-runner/_work/_temp'
[2025-10-06 05:55:49Z INFO ExtensionManager] Getting extensions for interface: 'GitHub.Runner.Worker.IFileCommandExtension'
[2025-10-06 05:55:49Z INFO ExtensionManager] Getting extensions for interface: 'GitHub.Runner.Worker.IActionCommandExtension'
[2025-10-06 05:55:49Z INFO ActionCommandManager] Register action command extension for command internal-set-repo-path
[2025-10-06 05:55:49Z INFO ActionCommandManager] Register action command extension for command set-env
[2025-10-06 05:55:49Z INFO ActionCommandManager] Register action command extension for command set-output
[2025-10-06 05:55:49Z INFO ActionCommandManager] Register action command extension for command save-state
[2025-10-06 05:55:49Z INFO ActionCommandManager] Register action command extension for command add-path
[2025-10-06 05:55:49Z INFO ActionCommandManager] Register action command extension for command add-mask
[2025-10-06 05:55:49Z INFO ActionCommandManager] Register action command extension for command add-matcher
[2025-10-06 05:55:49Z INFO ActionCommandManager] Register action command extension for command remove-matcher
[2025-10-06 05:55:49Z INFO ActionCommandManager] Register action command extension for command warning
[2025-10-06 05:55:49Z INFO ActionCommandManager] Register action command extension for command error
[2025-10-06 05:55:49Z INFO ActionCommandManager] Register action command extension for command notice
[2025-10-06 05:55:49Z INFO ActionCommandManager] Register action command extension for command debug
[2025-10-06 05:55:49Z INFO ActionCommandManager] Register action command extension for command group
[2025-10-06 05:55:49Z INFO ActionCommandManager] Register action command extension for command endgroup
[2025-10-06 05:55:49Z INFO ActionCommandManager] Register action command extension for command echo
[2025-10-06 05:55:49Z INFO ScriptHandler] Which2: 'bash'
[2025-10-06 05:55:49Z INFO ScriptHandler] Location: '/bin/bash'
[2025-10-06 05:55:49Z INFO HostContext] Well known directory 'Bin': '/Users/jnalair/quiet-reference-site/actions-runner/bin'
[2025-10-06 05:55:49Z INFO HostContext] Well known directory 'Root': '/Users/jnalair/quiet-reference-site/actions-runner'
[2025-10-06 05:55:49Z INFO HostContext] Well known directory 'Work': '/Users/jnalair/quiet-reference-site/actions-runner/_work'
[2025-10-06 05:55:49Z INFO HostContext] Well known directory 'Temp': '/Users/jnalair/quiet-reference-site/actions-runner/_work/_temp'
[2025-10-06 05:55:49Z INFO ScriptHandler] Which2: 'bash'
[2025-10-06 05:55:49Z INFO ScriptHandler] Location: '/bin/bash'
[2025-10-06 05:55:49Z INFO ProcessInvokerWrapper] Starting process:
[2025-10-06 05:55:49Z INFO ProcessInvokerWrapper]   File name: '/bin/bash'
[2025-10-06 05:55:49Z INFO ProcessInvokerWrapper]   Arguments: '-e /Users/jnalair/quiet-reference-site/actions-runner/_work/_temp/65e4ded2-8be0-4688-ac40-85455610b684.sh'
[2025-10-06 05:55:49Z INFO ProcessInvokerWrapper]   Working directory: '/Users/jnalair/quiet-reference-site/actions-runner/_work/quiet-reference-site/quiet-reference-site'
[2025-10-06 05:55:49Z INFO ProcessInvokerWrapper]   Require exit code zero: 'False'
[2025-10-06 05:55:49Z INFO ProcessInvokerWrapper]   Encoding web name:  ; code page: ''
[2025-10-06 05:55:49Z INFO ProcessInvokerWrapper]   Force kill process on cancellation: 'False'
[2025-10-06 05:55:49Z INFO ProcessInvokerWrapper]   Redirected STDIN: 'False'
[2025-10-06 05:55:49Z INFO ProcessInvokerWrapper]   Persist current code page: 'False'
[2025-10-06 05:55:49Z INFO ProcessInvokerWrapper]   Keep redirected STDIN open: 'False'
[2025-10-06 05:55:49Z INFO ProcessInvokerWrapper]   High priority process: 'False'
[2025-10-06 05:55:49Z INFO ProcessInvokerWrapper] Process started with process id 30402, waiting for process exit.
[2025-10-06 05:55:49Z INFO JobServerQueue] Try to append 1 batches web console lines for record 'd2bd0469-0c6a-4a5d-b777-3aad530a3712', success rate: 1/1.
[2025-10-06 05:55:49Z INFO JobServerQueue] Try to append 1 batches web console lines for record '34ee1a9a-b096-4c07-91de-6ff0bb9f29ca', success rate: 1/1.
[2025-10-06 05:55:49Z INFO JobServerQueue] Got a step log file to send to results service.
[2025-10-06 05:55:49Z INFO JobServerQueue] Starting upload of step log file to results service ResultsLog, /Users/jnalair/quiet-reference-site/actions-runner/_diag/blocks/dbcee3e4-8503-4295-91f9-2d89e09c2429_d2bd0469-0c6a-4a5d-b777-3aad530a3712.1
[2025-10-06 05:55:50Z INFO JobServerQueue] Try to upload 1 log files or attachments, success rate: 1/1.
[2025-10-06 05:55:50Z INFO ProcessInvokerWrapper] STDOUT/STDERR stream read finished.
[2025-10-06 05:55:50Z INFO ProcessInvokerWrapper] STDOUT/STDERR stream read finished.
[2025-10-06 05:55:50Z INFO ProcessInvokerWrapper] Finished process 30402 with exit code 1, and elapsed time 00:00:00.7023755.
[2025-10-06 05:55:50Z INFO CreateStepSummaryCommand] Step Summary file (/Users/jnalair/quiet-reference-site/actions-runner/_work/_temp/_runner_file_commands/step_summary_9fe531d2-7b62-4fd6-bed8-281a52337ec5) is empty; skipping attachment upload
[2025-10-06 05:55:50Z INFO StepsRunner] Step result: Failed
[2025-10-06 05:55:50Z INFO ExecutionContext] Publish step telemetry for current step {
  "action": "sh",
  "type": "run",
  "stage": "Main",
  "stepId": "34ee1a9a-b096-4c07-91de-6ff0bb9f29ca",
  "stepContextName": "__run",
  "result": "failed",
  "errorMessages": [
    "Process completed with exit code 1."
  ],
  "executionTimeInSeconds": 1,
  "startTime": "2025-10-06T05:55:49.646071Z",
  "finishTime": "2025-10-06T05:55:50.38749Z"
}.
[2025-10-06 05:55:50Z INFO StepsRunner] Update job result with current step result 'Failed'.
[2025-10-06 05:55:50Z INFO StepsRunner] Current state: job state = 'Failed'
[2025-10-06 05:55:50Z INFO StepsRunner] Processing step: DisplayName='Build site'
[2025-10-06 05:55:50Z INFO StepsRunner] Evaluating: success()
[2025-10-06 05:55:50Z INFO StepsRunner] Result: false
[2025-10-06 05:55:50Z INFO StepsRunner] Skipping step due to condition evaluation.
[2025-10-06 05:55:50Z INFO StepsRunner] No need for updating job result with current step result 'Skipped'.
[2025-10-06 05:55:50Z INFO StepsRunner] Current state: job state = 'Failed'
[2025-10-06 05:55:50Z INFO StepsRunner] Processing step: DisplayName='Post Checkout repo'
[2025-10-06 05:55:50Z INFO StepsRunner] Evaluating: always()
[2025-10-06 05:55:50Z INFO StepsRunner] Result: true
[2025-10-06 05:55:50Z INFO StepsRunner] Starting the step.
[2025-10-06 05:55:50Z INFO HostContext] Well known directory 'Bin': '/Users/jnalair/quiet-reference-site/actions-runner/bin'
[2025-10-06 05:55:50Z INFO HostContext] Well known directory 'Root': '/Users/jnalair/quiet-reference-site/actions-runner'
[2025-10-06 05:55:50Z INFO HostContext] Well known directory 'Work': '/Users/jnalair/quiet-reference-site/actions-runner/_work'
[2025-10-06 05:55:50Z INFO HostContext] Well known directory 'Actions': '/Users/jnalair/quiet-reference-site/actions-runner/_work/_actions'
[2025-10-06 05:55:50Z INFO ActionManager] Load action that reference repository from '/Users/jnalair/quiet-reference-site/actions-runner/_work/_actions/actions/checkout/v3'
[2025-10-06 05:55:50Z INFO HostContext] Well known directory 'Bin': '/Users/jnalair/quiet-reference-site/actions-runner/bin'
[2025-10-06 05:55:50Z INFO HostContext] Well known directory 'Root': '/Users/jnalair/quiet-reference-site/actions-runner'
[2025-10-06 05:55:50Z INFO HostContext] Well known directory 'Work': '/Users/jnalair/quiet-reference-site/actions-runner/_work'
[2025-10-06 05:55:50Z INFO HostContext] Well known directory 'Actions': '/Users/jnalair/quiet-reference-site/actions-runner/_work/_actions'
[2025-10-06 05:55:50Z INFO ActionManifestManager] Loaded action.yml file: {
  "name": "Checkout",
  "description": "Checkout a Git repository at a particular version",
  "inputs": {
    "type": 2,
    "map": [
      {
        "key": {
          "type": 0,
          "file": 2,
          "line": 4,
          "col": 3,
          "lit": "repository"
        },
        "value": {
          "type": 3,
          "file": 2,
          "line": 6,
          "col": 14,
          "expr": "github.repository"
        }
      },
      {
        "key": {
          "type": 0,
          "file": 2,
          "line": 7,
          "col": 3,
          "lit": "ref"
        },
        "value": ""
      },
      {
        "key": {
          "type": 0,
          "file": 2,
          "line": 12,
          "col": 3,
          "lit": "token"
        },
        "value": {
          "type": 3,
          "file": 2,
          "line": 24,
          "col": 14,
          "expr": "github.token"
        }
      },
      {
        "key": {
          "type": 0,
          "file": 2,
          "line": 25,
          "col": 3,
          "lit": "ssh-key"
        },
        "value": ""
      },
      {
        "key": {
          "type": 0,
          "file": 2,
          "line": 37,
          "col": 3,
          "lit": "ssh-known-hosts"
        },
        "value": ""
      },
      {
        "key": {
          "type": 0,
          "file": 2,
          "line": 42,
          "col": 3,
          "lit": "ssh-strict"
        },
        "value": {
          "type": 0,
          "file": 2,
          "line": 47,
          "col": 14,
          "lit": "true"
        }
      },
      {
        "key": {
          "type": 0,
          "file": 2,
          "line": 48,
          "col": 3,
          "lit": "persist-credentials"
        },
        "value": {
          "type": 0,
          "file": 2,
          "line": 50,
          "col": 14,
          "lit": "true"
        }
      },
      {
        "key": {
          "type": 0,
          "file": 2,
          "line": 51,
          "col": 3,
          "lit": "path"
        },
        "value": ""
      },
      {
        "key": {
          "type": 0,
          "file": 2,
          "line": 53,
          "col": 3,
          "lit": "clean"
        },
        "value": {
          "type": 0,
          "file": 2,
          "line": 55,
          "col": 14,
          "lit": "true"
        }
      },
      {
        "key": {
          "type": 0,
          "file": 2,
          "line": 56,
          "col": 3,
          "lit": "sparse-checkout"
        },
        "value": {
          "type": 0,
          "file": 2,
          "line": 60,
          "col": 14,
          "lit": ""
        }
      },
      {
        "key": {
          "type": 0,
          "file": 2,
          "line": 61,
          "col": 3,
          "lit": "sparse-checkout-cone-mode"
        },
        "value": {
          "type": 0,
          "file": 2,
          "line": 64,
          "col": 14,
          "lit": "true"
        }
      },
      {
        "key": {
          "type": 0,
          "file": 2,
          "line": 65,
          "col": 3,
          "lit": "fetch-depth"
        },
        "value": {
          "type": 0,
          "file": 2,
          "line": 67,
          "col": 14,
          "lit": "1"
        }
      },
      {
        "key": {
          "type": 0,
          "file": 2,
          "line": 68,
          "col": 3,
          "lit": "fetch-tags"
        },
        "value": {
          "type": 0,
          "file": 2,
          "line": 70,
          "col": 14,
          "lit": "false"
        }
      },
      {
        "key": {
          "type": 0,
          "file": 2,
          "line": 71,
          "col": 3,
          "lit": "lfs"
        },
        "value": {
          "type": 0,
          "file": 2,
          "line": 73,
          "col": 14,
          "lit": "false"
        }
      },
      {
        "key": {
          "type": 0,
          "file": 2,
          "line": 74,
          "col": 3,
          "lit": "submodules"
        },
        "value": {
          "type": 0,
          "file": 2,
          "line": 82,
          "col": 14,
          "lit": "false"
        }
      },
      {
        "key": {
          "type": 0,
          "file": 2,
          "line": 83,
          "col": 3,
          "lit": "set-safe-directory"
        },
        "value": {
          "type": 0,
          "file": 2,
          "line": 85,
          "col": 14,
          "lit": "true"
        }
      },
      {
        "key": {
          "type": 0,
          "file": 2,
          "line": 86,
          "col": 3,
          "lit": "github-server-url"
        },
        "value": ""
      }
    ]
  },
  "execution": {
    "executionType": "nodeJS",
    "hasPre": false,
    "hasPost": true,
    "script": "dist/index.js",
    "pre": null,
    "post": "dist/index.js",
    "nodeVersion": "node16",
    "cleanupCondition": "always()",
    "initCondition": "always()"
  },
  "deprecated": null
}
[2025-10-06 05:55:50Z INFO ActionManager] Action pre node.js file: N/A.
[2025-10-06 05:55:50Z INFO ActionManager] Action node.js file: dist/index.js.
[2025-10-06 05:55:50Z INFO ActionManager] Action post node.js file: dist/index.js.
[2025-10-06 05:55:50Z INFO HostContext] Well known directory 'Bin': '/Users/jnalair/quiet-reference-site/actions-runner/bin'
[2025-10-06 05:55:50Z INFO HostContext] Well known directory 'Root': '/Users/jnalair/quiet-reference-site/actions-runner'
[2025-10-06 05:55:50Z INFO HostContext] Well known directory 'Work': '/Users/jnalair/quiet-reference-site/actions-runner/_work'
[2025-10-06 05:55:50Z INFO HostContext] Well known directory 'Temp': '/Users/jnalair/quiet-reference-site/actions-runner/_work/_temp'
[2025-10-06 05:55:50Z INFO ExecutionContext] Write event payload to /Users/jnalair/quiet-reference-site/actions-runner/_work/_temp/_github_workflow/event.json
[2025-10-06 05:55:50Z INFO HostContext] Well known directory 'Bin': '/Users/jnalair/quiet-reference-site/actions-runner/bin'
[2025-10-06 05:55:50Z INFO HostContext] Well known directory 'Root': '/Users/jnalair/quiet-reference-site/actions-runner'
[2025-10-06 05:55:50Z INFO HostContext] Well known directory 'Work': '/Users/jnalair/quiet-reference-site/actions-runner/_work'
[2025-10-06 05:55:50Z INFO HostContext] Well known directory 'Temp': '/Users/jnalair/quiet-reference-site/actions-runner/_work/_temp'
[2025-10-06 05:55:50Z INFO ExtensionManager] Getting extensions for interface: 'GitHub.Runner.Worker.IFileCommandExtension'
[2025-10-06 05:55:50Z INFO ActionManifestManager] Input 'repository': default value evaluate result: {
  "type": 0,
  "file": 2,
  "line": 6,
  "col": 14,
  "lit": "Vodkashot28/quiet-reference-site"
}
[2025-10-06 05:55:50Z INFO ActionManifestManager] Input 'ref': default value evaluate result: ""
[2025-10-06 05:55:50Z INFO ActionManifestManager] Input 'token': default value evaluate result: {
  "type": 0,
  "file": 2,
  "line": 24,
  "col": 14,
  "lit": "***"
}
[2025-10-06 05:55:50Z INFO ActionManifestManager] Input 'ssh-key': default value evaluate result: ""
[2025-10-06 05:55:50Z INFO ActionManifestManager] Input 'ssh-known-hosts': default value evaluate result: ""
[2025-10-06 05:55:50Z INFO ActionManifestManager] Input 'ssh-strict': default value evaluate result: {
  "type": 0,
  "file": 2,
  "line": 47,
  "col": 14,
  "lit": "true"
}
[2025-10-06 05:55:50Z INFO ActionManifestManager] Input 'persist-credentials': default value evaluate result: {
  "type": 0,
  "file": 2,
  "line": 50,
  "col": 14,
  "lit": "true"
}
[2025-10-06 05:55:50Z INFO ActionManifestManager] Input 'path': default value evaluate result: ""
[2025-10-06 05:55:50Z INFO ActionManifestManager] Input 'clean': default value evaluate result: {
  "type": 0,
  "file": 2,
  "line": 55,
  "col": 14,
  "lit": "true"
}
[2025-10-06 05:55:50Z INFO ActionManifestManager] Input 'sparse-checkout': default value evaluate result: {
  "type": 0,
  "file": 2,
  "line": 60,
  "col": 14,
  "lit": ""
}
[2025-10-06 05:55:50Z INFO ActionManifestManager] Input 'sparse-checkout-cone-mode': default value evaluate result: {
  "type": 0,
  "file": 2,
  "line": 64,
  "col": 14,
  "lit": "true"
}
[2025-10-06 05:55:50Z INFO ActionManifestManager] Input 'fetch-depth': default value evaluate result: {
  "type": 0,
  "file": 2,
  "line": 67,
  "col": 14,
  "lit": "1"
}
[2025-10-06 05:55:50Z INFO ActionManifestManager] Input 'fetch-tags': default value evaluate result: {
  "type": 0,
  "file": 2,
  "line": 70,
  "col": 14,
  "lit": "false"
}
[2025-10-06 05:55:50Z INFO ActionManifestManager] Input 'lfs': default value evaluate result: {
  "type": 0,
  "file": 2,
  "line": 73,
  "col": 14,
  "lit": "false"
}
[2025-10-06 05:55:50Z INFO ActionManifestManager] Input 'submodules': default value evaluate result: {
  "type": 0,
  "file": 2,
  "line": 82,
  "col": 14,
  "lit": "false"
}
[2025-10-06 05:55:50Z INFO ActionManifestManager] Input 'set-safe-directory': default value evaluate result: {
  "type": 0,
  "file": 2,
  "line": 85,
  "col": 14,
  "lit": "true"
}
[2025-10-06 05:55:50Z INFO ActionManifestManager] Input 'github-server-url': default value evaluate result: ""
[2025-10-06 05:55:50Z INFO ExtensionManager] Getting extensions for interface: 'GitHub.Runner.Worker.IActionCommandExtension'
[2025-10-06 05:55:50Z INFO ActionCommandManager] Register action command extension for command internal-set-repo-path
[2025-10-06 05:55:50Z INFO ActionCommandManager] Register action command extension for command set-env
[2025-10-06 05:55:50Z INFO ActionCommandManager] Register action command extension for command set-output
[2025-10-06 05:55:50Z INFO ActionCommandManager] Register action command extension for command save-state
[2025-10-06 05:55:50Z INFO ActionCommandManager] Register action command extension for command add-path
[2025-10-06 05:55:50Z INFO ActionCommandManager] Register action command extension for command add-mask
[2025-10-06 05:55:50Z INFO ActionCommandManager] Register action command extension for command add-matcher
[2025-10-06 05:55:50Z INFO ActionCommandManager] Register action command extension for command remove-matcher
[2025-10-06 05:55:50Z INFO ActionCommandManager] Register action command extension for command warning
[2025-10-06 05:55:50Z INFO ActionCommandManager] Register action command extension for command error
[2025-10-06 05:55:50Z INFO ActionCommandManager] Register action command extension for command notice
[2025-10-06 05:55:50Z INFO ActionCommandManager] Register action command extension for command debug
[2025-10-06 05:55:50Z INFO ActionCommandManager] Register action command extension for command group
[2025-10-06 05:55:50Z INFO ActionCommandManager] Register action command extension for command endgroup
[2025-10-06 05:55:50Z INFO ActionCommandManager] Register action command extension for command echo
[2025-10-06 05:55:50Z INFO HostContext] Well known directory 'Bin': '/Users/jnalair/quiet-reference-site/actions-runner/bin'
[2025-10-06 05:55:50Z INFO HostContext] Well known directory 'Root': '/Users/jnalair/quiet-reference-site/actions-runner'
[2025-10-06 05:55:50Z INFO HostContext] Well known directory 'Externals': '/Users/jnalair/quiet-reference-site/actions-runner/externals'
[2025-10-06 05:55:50Z INFO ProcessInvokerWrapper] Starting process:
[2025-10-06 05:55:50Z INFO ProcessInvokerWrapper]   File name: '/Users/jnalair/quiet-reference-site/actions-runner/externals/node20/bin/node'
[2025-10-06 05:55:50Z INFO ProcessInvokerWrapper]   Arguments: '"/Users/jnalair/quiet-reference-site/actions-runner/_work/_actions/actions/checkout/v3/dist/index.js"'
[2025-10-06 05:55:50Z INFO ProcessInvokerWrapper]   Working directory: '/Users/jnalair/quiet-reference-site/actions-runner/_work/quiet-reference-site/quiet-reference-site'
[2025-10-06 05:55:50Z INFO ProcessInvokerWrapper]   Require exit code zero: 'False'
[2025-10-06 05:55:50Z INFO ProcessInvokerWrapper]   Encoding web name:  ; code page: ''
[2025-10-06 05:55:50Z INFO ProcessInvokerWrapper]   Force kill process on cancellation: 'False'
[2025-10-06 05:55:50Z INFO ProcessInvokerWrapper]   Redirected STDIN: 'False'
[2025-10-06 05:55:50Z INFO ProcessInvokerWrapper]   Persist current code page: 'False'
[2025-10-06 05:55:50Z INFO ProcessInvokerWrapper]   Keep redirected STDIN open: 'False'
[2025-10-06 05:55:50Z INFO ProcessInvokerWrapper]   High priority process: 'False'
[2025-10-06 05:55:50Z INFO ProcessInvokerWrapper] Process started with process id 30404, waiting for process exit.
[2025-10-06 05:55:50Z INFO JobServerQueue] Try to append 1 batches web console lines for record '34ee1a9a-b096-4c07-91de-6ff0bb9f29ca', success rate: 1/1.
[2025-10-06 05:55:50Z INFO JobServerQueue] Try to append 1 batches web console lines for record '693d97ca-73dc-47df-aafb-1ed71fb1c9f5', success rate: 1/1.
[2025-10-06 05:55:50Z INFO AddMaskCommandExtension] Add new secret mask with length of 32
[2025-10-06 05:55:50Z INFO JobServerQueue] Try to append 1 batches web console lines for record '693d97ca-73dc-47df-aafb-1ed71fb1c9f5', success rate: 1/1.
[2025-10-06 05:55:51Z INFO JobServerQueue] Try to append 1 batches web console lines for record '693d97ca-73dc-47df-aafb-1ed71fb1c9f5', success rate: 1/1.
[2025-10-06 05:55:51Z INFO JobServerQueue] Tried to upload 1 file(s) to results, success rate: 1/1.
[2025-10-06 05:55:51Z INFO JobServerQueue] Try to upload 1 log files or attachments, success rate: 1/1.
[2025-10-06 05:55:51Z INFO JobServerQueue] Try to append 1 batches web console lines for record '693d97ca-73dc-47df-aafb-1ed71fb1c9f5', success rate: 1/1.
[2025-10-06 05:55:52Z INFO JobServerQueue] Got a step log file to send to results service.
[2025-10-06 05:55:52Z INFO JobServerQueue] Starting upload of step log file to results service ResultsLog, /Users/jnalair/quiet-reference-site/actions-runner/_diag/blocks/dbcee3e4-8503-4295-91f9-2d89e09c2429_34ee1a9a-b096-4c07-91de-6ff0bb9f29ca.1
[2025-10-06 05:55:52Z INFO ProcessInvokerWrapper] STDOUT/STDERR stream read finished.
[2025-10-06 05:55:52Z INFO ProcessInvokerWrapper] STDOUT/STDERR stream read finished.
[2025-10-06 05:55:52Z INFO ProcessInvokerWrapper] Finished process 30404 with exit code 0, and elapsed time 00:00:02.0372658.
[2025-10-06 05:55:52Z INFO CreateStepSummaryCommand] Step Summary file (/Users/jnalair/quiet-reference-site/actions-runner/_work/_temp/_runner_file_commands/step_summary_473eb055-d3ed-4be7-9048-afc6f47b64f8) is empty; skipping attachment upload
[2025-10-06 05:55:52Z INFO StepsRunner] Step result: 
[2025-10-06 05:55:52Z INFO ExecutionContext] Publish step telemetry for current step {
  "action": "actions/checkout",
  "ref": "v3",
  "type": "node20",
  "stage": "Post",
  "stepId": "693d97ca-73dc-47df-aafb-1ed71fb1c9f5",
  "result": "succeeded",
  "errorMessages": [],
  "executionTimeInSeconds": 3,
  "startTime": "2025-10-06T05:55:50.394112Z",
  "finishTime": "2025-10-06T05:55:52.457742Z"
}.
[2025-10-06 05:55:52Z INFO StepsRunner] No need for updating job result with current step result 'Succeeded'.
[2025-10-06 05:55:52Z INFO StepsRunner] Current state: job state = 'Failed'
[2025-10-06 05:55:52Z INFO JobRunner] Finalize job.
[2025-10-06 05:55:52Z INFO HostContext] Well known directory 'Bin': '/Users/jnalair/quiet-reference-site/actions-runner/bin'
[2025-10-06 05:55:52Z INFO HostContext] Well known directory 'Root': '/Users/jnalair/quiet-reference-site/actions-runner'
[2025-10-06 05:55:52Z INFO HostContext] Well known directory 'Diag': '/Users/jnalair/quiet-reference-site/actions-runner/_diag'
[2025-10-06 05:55:52Z INFO HostContext] Well known directory 'Bin': '/Users/jnalair/quiet-reference-site/actions-runner/bin'
[2025-10-06 05:55:52Z INFO HostContext] Well known directory 'Root': '/Users/jnalair/quiet-reference-site/actions-runner'
[2025-10-06 05:55:52Z INFO HostContext] Well known directory 'Diag': '/Users/jnalair/quiet-reference-site/actions-runner/_diag'
[2025-10-06 05:55:52Z INFO JobExtension] Initialize Env context
[2025-10-06 05:55:52Z INFO JobExtension] Initialize steps context
[2025-10-06 05:55:52Z INFO JobExtension] Total accessible running process: 245.
[2025-10-06 05:55:52Z INFO JobExtension] Inspecting process environment variables. PID: 30436 (mdworker_shared)
[2025-10-06 05:55:52Z INFO LinuxProcessExtensions] Read env from output of `ps e -p 30436 -o command`
[2025-10-06 05:55:52Z INFO HostContext] Well known directory 'Bin': '/Users/jnalair/quiet-reference-site/actions-runner/bin'
[2025-10-06 05:55:52Z INFO HostContext] Well known directory 'Root': '/Users/jnalair/quiet-reference-site/actions-runner'
[2025-10-06 05:55:52Z INFO ProcessInvokerWrapper] Starting process:
[2025-10-06 05:55:52Z INFO ProcessInvokerWrapper]   File name: 'ps'
[2025-10-06 05:55:52Z INFO ProcessInvokerWrapper]   Arguments: 'e -p 30436 -o command'
[2025-10-06 05:55:52Z INFO ProcessInvokerWrapper]   Working directory: '/Users/jnalair/quiet-reference-site/actions-runner'
[2025-10-06 05:55:52Z INFO ProcessInvokerWrapper]   Require exit code zero: 'False'
[2025-10-06 05:55:52Z INFO ProcessInvokerWrapper]   Encoding web name:  ; code page: ''
[2025-10-06 05:55:52Z INFO ProcessInvokerWrapper]   Force kill process on cancellation: 'False'
[2025-10-06 05:55:52Z INFO ProcessInvokerWrapper]   Redirected STDIN: 'False'
[2025-10-06 05:55:52Z INFO ProcessInvokerWrapper]   Persist current code page: 'False'
[2025-10-06 05:55:52Z INFO ProcessInvokerWrapper]   Keep redirected STDIN open: 'False'
[2025-10-06 05:55:52Z INFO ProcessInvokerWrapper]   High priority process: 'False'
[2025-10-06 05:55:52Z INFO ProcessInvokerWrapper] Process started with process id 30479, waiting for process exit.
[2025-10-06 05:55:52Z INFO ProcessInvokerWrapper] STDOUT/STDERR stream read finished.
[2025-10-06 05:55:52Z INFO ProcessInvokerWrapper] STDOUT/STDERR stream read finished.
[2025-10-06 05:55:52Z INFO ProcessInvokerWrapper] Finished process 30479 with exit code 0, and elapsed time 00:00:00.0425053.
[2025-10-06 05:55:52Z INFO LinuxProcessExtensions] Successfully dump environment variables for 30436
[2025-10-06 05:55:52Z INFO JobExtension] Inspecting process environment variables. PID: 30434 (mdworker_shared)
[2025-10-06 05:55:52Z INFO LinuxProcessExtensions] Read env from output of `ps e -p 30434 -o command`
[2025-10-06 05:55:52Z INFO HostContext] Well known directory 'Bin': '/Users/jnalair/quiet-reference-site/actions-runner/bin'
[2025-10-06 05:55:52Z INFO HostContext] Well known directory 'Root': '/Users/jnalair/quiet-reference-site/actions-runner'
[2025-10-06 05:55:52Z INFO ProcessInvokerWrapper] Starting process:
[2025-10-06 05:55:52Z INFO ProcessInvokerWrapper]   File name: 'ps'
[2025-10-06 05:55:52Z INFO ProcessInvokerWrapper]   Arguments: 'e -p 30434 -o command'
[2025-10-06 05:55:52Z INFO ProcessInvokerWrapper]   Working directory: '/Users/jnalair/quiet-reference-site/actions-runner'
[2025-10-06 05:55:52Z INFO ProcessInvokerWrapper]   Require exit code zero: 'False'
[2025-10-06 05:55:52Z INFO ProcessInvokerWrapper]   Encoding web name:  ; code page: ''
[2025-10-06 05:55:52Z INFO ProcessInvokerWrapper]   Force kill process on cancellation: 'False'
[2025-10-06 05:55:52Z INFO ProcessInvokerWrapper]   Redirected STDIN: 'False'
[2025-10-06 05:55:52Z INFO ProcessInvokerWrapper]   Persist current code page: 'False'
[2025-10-06 05:55:52Z INFO ProcessInvokerWrapper]   Keep redirected STDIN open: 'False'
[2025-10-06 05:55:52Z INFO ProcessInvokerWrapper]   High priority process: 'False'
[2025-10-06 05:55:52Z INFO JobServerQueue] Try to append 1 batches web console lines for record 'f7cfe131-f9e0-4dcb-985e-09d1c2cc7a4b', success rate: 1/1.
[2025-10-06 05:55:52Z INFO ProcessInvokerWrapper] Process started with process id 30480, waiting for process exit.
[2025-10-06 05:55:52Z INFO ProcessInvokerWrapper] STDOUT/STDERR stream read finished.
[2025-10-06 05:55:52Z INFO ProcessInvokerWrapper] STDOUT/STDERR stream read finished.
[2025-10-06 05:55:52Z INFO ProcessInvokerWrapper] Finished process 30480 with exit code 0, and elapsed time 00:00:00.0360966.
[2025-10-06 05:55:52Z INFO LinuxProcessExtensions] Successfully dump environment variables for 30434
[2025-10-06 05:55:52Z INFO JobExtension] Inspecting process environment variables. PID: 30412 (mdworker_shared)
[2025-10-06 05:55:52Z INFO LinuxProcessExtensions] Read env from output of `ps e -p 30412 -o command`
[2025-10-06 05:55:52Z INFO HostContext] Well known directory 'Bin': '/Users/jnalair/quiet-reference-site/actions-runner/bin'
[2025-10-06 05:55:52Z INFO HostContext] Well known directory 'Root': '/Users/jnalair/quiet-reference-site/actions-runner'
[2025-10-06 05:55:52Z INFO ProcessInvokerWrapper] Starting process:
[2025-10-06 05:55:52Z INFO ProcessInvokerWrapper]   File name: 'ps'
[2025-10-06 05:55:52Z INFO ProcessInvokerWrapper]   Arguments: 'e -p 30412 -o command'
[2025-10-06 05:55:52Z INFO ProcessInvokerWrapper]   Working directory: '/Users/jnalair/quiet-reference-site/actions-runner'
[2025-10-06 05:55:52Z INFO ProcessInvokerWrapper]   Require exit code zero: 'False'
[2025-10-06 05:55:52Z INFO ProcessInvokerWrapper]   Encoding web name:  ; code page: ''
[2025-10-06 05:55:52Z INFO ProcessInvokerWrapper]   Force kill process on cancellation: 'False'
[2025-10-06 05:55:52Z INFO ProcessInvokerWrapper]   Redirected STDIN: 'False'
[2025-10-06 05:55:52Z INFO ProcessInvokerWrapper]   Persist current code page: 'False'
[2025-10-06 05:55:52Z INFO ProcessInvokerWrapper]   Keep redirected STDIN open: 'False'
[2025-10-06 05:55:52Z INFO ProcessInvokerWrapper]   High priority process: 'False'
[2025-10-06 05:55:52Z INFO ProcessInvokerWrapper] Process started with process id 30481, waiting for process exit.
[2025-10-06 05:55:52Z INFO ProcessInvokerWrapper] STDOUT/STDERR stream read finished.
[2025-10-06 05:55:52Z INFO ProcessInvokerWrapper] STDOUT/STDERR stream read finished.
[2025-10-06 05:55:52Z INFO ProcessInvokerWrapper] Finished process 30481 with exit code 0, and elapsed time 00:00:00.0677425.
[2025-10-06 05:55:52Z INFO LinuxProcessExtensions] Successfully dump environment variables for 30412
[2025-10-06 05:55:52Z INFO JobExtension] Inspecting process environment variables. PID: 30322 (mdworker_shared)
[2025-10-06 05:55:52Z INFO LinuxProcessExtensions] Read env from output of `ps e -p 30322 -o command`
[2025-10-06 05:55:52Z INFO HostContext] Well known directory 'Bin': '/Users/jnalair/quiet-reference-site/actions-runner/bin'
[2025-10-06 05:55:52Z INFO HostContext] Well known directory 'Root': '/Users/jnalair/quiet-reference-site/actions-runner'
[2025-10-06 05:55:52Z INFO ProcessInvokerWrapper] Starting process:
[2025-10-06 05:55:52Z INFO ProcessInvokerWrapper]   File name: 'ps'
[2025-10-06 05:55:52Z INFO ProcessInvokerWrapper]   Arguments: 'e -p 30322 -o command'
[2025-10-06 05:55:52Z INFO ProcessInvokerWrapper]   Working directory: '/Users/jnalair/quiet-reference-site/actions-runner'
[2025-10-06 05:55:52Z INFO ProcessInvokerWrapper]   Require exit code zero: 'False'
[2025-10-06 05:55:52Z INFO ProcessInvokerWrapper]   Encoding web name:  ; code page: ''
[2025-10-06 05:55:52Z INFO ProcessInvokerWrapper]   Force kill process on cancellation: 'False'
[2025-10-06 05:55:52Z INFO ProcessInvokerWrapper]   Redirected STDIN: 'False'
[2025-10-06 05:55:52Z INFO ProcessInvokerWrapper]   Persist current code page: 'False'
[2025-10-06 05:55:52Z INFO ProcessInvokerWrapper]   Keep redirected STDIN open: 'False'
[2025-10-06 05:55:52Z INFO ProcessInvokerWrapper]   High priority process: 'False'
[2025-10-06 05:55:52Z INFO ProcessInvokerWrapper] Process started with process id 30482, waiting for process exit.
[2025-10-06 05:55:52Z INFO ProcessInvokerWrapper] STDOUT/STDERR stream read finished.
[2025-10-06 05:55:52Z INFO ProcessInvokerWrapper] STDOUT/STDERR stream read finished.
[2025-10-06 05:55:52Z INFO ProcessInvokerWrapper] Finished process 30482 with exit code 0, and elapsed time 00:00:00.0385987.
[2025-10-06 05:55:52Z INFO LinuxProcessExtensions] Successfully dump environment variables for 30322
[2025-10-06 05:55:52Z INFO JobExtension] Inspecting process environment variables. PID: 30283 (mdworker_shared)
[2025-10-06 05:55:52Z INFO LinuxProcessExtensions] Read env from output of `ps e -p 30283 -o command`
[2025-10-06 05:55:52Z INFO HostContext] Well known directory 'Bin': '/Users/jnalair/quiet-reference-site/actions-runner/bin'
[2025-10-06 05:55:52Z INFO HostContext] Well known directory 'Root': '/Users/jnalair/quiet-reference-site/actions-runner'
[2025-10-06 05:55:52Z INFO ProcessInvokerWrapper] Starting process:
[2025-10-06 05:55:52Z INFO ProcessInvokerWrapper]   File name: 'ps'
[2025-10-06 05:55:52Z INFO ProcessInvokerWrapper]   Arguments: 'e -p 30283 -o command'
[2025-10-06 05:55:52Z INFO ProcessInvokerWrapper]   Working directory: '/Users/jnalair/quiet-reference-site/actions-runner'
[2025-10-06 05:55:52Z INFO ProcessInvokerWrapper]   Require exit code zero: 'False'
[2025-10-06 05:55:52Z INFO ProcessInvokerWrapper]   Encoding web name:  ; code page: ''
[2025-10-06 05:55:52Z INFO ProcessInvokerWrapper]   Force kill process on cancellation: 'False'
[2025-10-06 05:55:52Z INFO ProcessInvokerWrapper]   Redirected STDIN: 'False'
[2025-10-06 05:55:52Z INFO ProcessInvokerWrapper]   Persist current code page: 'False'
[2025-10-06 05:55:52Z INFO ProcessInvokerWrapper]   Keep redirected STDIN open: 'False'
[2025-10-06 05:55:52Z INFO ProcessInvokerWrapper]   High priority process: 'False'
[2025-10-06 05:55:52Z INFO ProcessInvokerWrapper] Process started with process id 30483, waiting for process exit.
[2025-10-06 05:55:52Z INFO ProcessInvokerWrapper] STDOUT/STDERR stream read finished.
[2025-10-06 05:55:52Z INFO ProcessInvokerWrapper] STDOUT/STDERR stream read finished.
[2025-10-06 05:55:52Z INFO ProcessInvokerWrapper] Finished process 30483 with exit code 0, and elapsed time 00:00:00.0383786.
[2025-10-06 05:55:52Z INFO LinuxProcessExtensions] Successfully dump environment variables for 30283
[2025-10-06 05:55:52Z INFO JobExtension] Inspecting process environment variables. PID: 30279 (mdworker_shared)
[2025-10-06 05:55:52Z INFO LinuxProcessExtensions] Read env from output of `ps e -p 30279 -o command`
[2025-10-06 05:55:52Z INFO HostContext] Well known directory 'Bin': '/Users/jnalair/quiet-reference-site/actions-runner/bin'
[2025-10-06 05:55:52Z INFO HostContext] Well known directory 'Root': '/Users/jnalair/quiet-reference-site/actions-runner'
[2025-10-06 05:55:52Z INFO ProcessInvokerWrapper] Starting process:
[2025-10-06 05:55:52Z INFO ProcessInvokerWrapper]   File name: 'ps'
[2025-10-06 05:55:52Z INFO ProcessInvokerWrapper]   Arguments: 'e -p 30279 -o command'
[2025-10-06 05:55:52Z INFO ProcessInvokerWrapper]   Working directory: '/Users/jnalair/quiet-reference-site/actions-runner'
[2025-10-06 05:55:52Z INFO ProcessInvokerWrapper]   Require exit code zero: 'False'
[2025-10-06 05:55:52Z INFO ProcessInvokerWrapper]   Encoding web name:  ; code page: ''
[2025-10-06 05:55:52Z INFO ProcessInvokerWrapper]   Force kill process on cancellation: 'False'
[2025-10-06 05:55:52Z INFO ProcessInvokerWrapper]   Redirected STDIN: 'False'
[2025-10-06 05:55:52Z INFO ProcessInvokerWrapper]   Persist current code page: 'False'
[2025-10-06 05:55:52Z INFO ProcessInvokerWrapper]   Keep redirected STDIN open: 'False'
[2025-10-06 05:55:52Z INFO ProcessInvokerWrapper]   High priority process: 'False'
[2025-10-06 05:55:52Z INFO ProcessInvokerWrapper] Process started with process id 30484, waiting for process exit.
[2025-10-06 05:55:52Z INFO ProcessInvokerWrapper] STDOUT/STDERR stream read finished.
[2025-10-06 05:55:52Z INFO ProcessInvokerWrapper] STDOUT/STDERR stream read finished.
[2025-10-06 05:55:52Z INFO ProcessInvokerWrapper] Finished process 30484 with exit code 0, and elapsed time 00:00:00.0370182.
[2025-10-06 05:55:52Z INFO LinuxProcessExtensions] Successfully dump environment variables for 30279
[2025-10-06 05:55:52Z INFO JobExtension] Inspecting process environment variables. PID: 30278 (mdworker_shared)
[2025-10-06 05:55:52Z INFO LinuxProcessExtensions] Read env from output of `ps e -p 30278 -o command`
[2025-10-06 05:55:52Z INFO HostContext] Well known directory 'Bin': '/Users/jnalair/quiet-reference-site/actions-runner/bin'
[2025-10-06 05:55:52Z INFO HostContext] Well known directory 'Root': '/Users/jnalair/quiet-reference-site/actions-runner'
[2025-10-06 05:55:52Z INFO ProcessInvokerWrapper] Starting process:
[2025-10-06 05:55:52Z INFO ProcessInvokerWrapper]   File name: 'ps'
[2025-10-06 05:55:52Z INFO ProcessInvokerWrapper]   Arguments: 'e -p 30278 -o command'
[2025-10-06 05:55:52Z INFO ProcessInvokerWrapper]   Working directory: '/Users/jnalair/quiet-reference-site/actions-runner'
[2025-10-06 05:55:52Z INFO ProcessInvokerWrapper]   Require exit code zero: 'False'
[2025-10-06 05:55:52Z INFO ProcessInvokerWrapper]   Encoding web name:  ; code page: ''
[2025-10-06 05:55:52Z INFO ProcessInvokerWrapper]   Force kill process on cancellation: 'False'
[2025-10-06 05:55:52Z INFO ProcessInvokerWrapper]   Redirected STDIN: 'False'
[2025-10-06 05:55:52Z INFO ProcessInvokerWrapper]   Persist current code page: 'False'
[2025-10-06 05:55:52Z INFO ProcessInvokerWrapper]   Keep redirected STDIN open: 'False'
[2025-10-06 05:55:52Z INFO ProcessInvokerWrapper]   High priority process: 'False'
[2025-10-06 05:55:52Z INFO ProcessInvokerWrapper] Process started with process id 30485, waiting for process exit.
[2025-10-06 05:55:52Z INFO ProcessInvokerWrapper] STDOUT/STDERR stream read finished.
[2025-10-06 05:55:52Z INFO ProcessInvokerWrapper] STDOUT/STDERR stream read finished.
[2025-10-06 05:55:52Z INFO ProcessInvokerWrapper] Finished process 30485 with exit code 0, and elapsed time 00:00:00.0362050.
[2025-10-06 05:55:52Z INFO LinuxProcessExtensions] Successfully dump environment variables for 30278
[2025-10-06 05:55:52Z INFO JobExtension] Inspecting process environment variables. PID: 30276 (mdworker_shared)
[2025-10-06 05:55:52Z INFO LinuxProcessExtensions] Read env from output of `ps e -p 30276 -o command`
[2025-10-06 05:55:52Z INFO HostContext] Well known directory 'Bin': '/Users/jnalair/quiet-reference-site/actions-runner/bin'
[2025-10-06 05:55:52Z INFO HostContext] Well known directory 'Root': '/Users/jnalair/quiet-reference-site/actions-runner'
[2025-10-06 05:55:52Z INFO ProcessInvokerWrapper] Starting process:
[2025-10-06 05:55:52Z INFO ProcessInvokerWrapper]   File name: 'ps'
[2025-10-06 05:55:52Z INFO ProcessInvokerWrapper]   Arguments: 'e -p 30276 -o command'
[2025-10-06 05:55:52Z INFO ProcessInvokerWrapper]   Working directory: '/Users/jnalair/quiet-reference-site/actions-runner'
[2025-10-06 05:55:52Z INFO ProcessInvokerWrapper]   Require exit code zero: 'False'
[2025-10-06 05:55:52Z INFO ProcessInvokerWrapper]   Encoding web name:  ; code page: ''
[2025-10-06 05:55:52Z INFO ProcessInvokerWrapper]   Force kill process on cancellation: 'False'
[2025-10-06 05:55:52Z INFO ProcessInvokerWrapper]   Redirected STDIN: 'False'
[2025-10-06 05:55:52Z INFO ProcessInvokerWrapper]   Persist current code page: 'False'
[2025-10-06 05:55:52Z INFO ProcessInvokerWrapper]   Keep redirected STDIN open: 'False'
[2025-10-06 05:55:52Z INFO ProcessInvokerWrapper]   High priority process: 'False'
[2025-10-06 05:55:52Z INFO ProcessInvokerWrapper] Process started with process id 30486, waiting for process exit.
[2025-10-06 05:55:52Z INFO ProcessInvokerWrapper] STDOUT/STDERR stream read finished.
[2025-10-06 05:55:52Z INFO ProcessInvokerWrapper] STDOUT/STDERR stream read finished.
[2025-10-06 05:55:52Z INFO ProcessInvokerWrapper] Finished process 30486 with exit code 0, and elapsed time 00:00:00.0347967.
[2025-10-06 05:55:52Z INFO LinuxProcessExtensions] Successfully dump environment variables for 30276
[2025-10-06 05:55:52Z INFO JobExtension] Inspecting process environment variables. PID: 30275 (mdworker_shared)
[2025-10-06 05:55:52Z INFO LinuxProcessExtensions] Read env from output of `ps e -p 30275 -o command`
[2025-10-06 05:55:52Z INFO HostContext] Well known directory 'Bin': '/Users/jnalair/quiet-reference-site/actions-runner/bin'
[2025-10-06 05:55:52Z INFO HostContext] Well known directory 'Root': '/Users/jnalair/quiet-reference-site/actions-runner'
[2025-10-06 05:55:52Z INFO ProcessInvokerWrapper] Starting process:
[2025-10-06 05:55:52Z INFO ProcessInvokerWrapper]   File name: 'ps'
[2025-10-06 05:55:52Z INFO ProcessInvokerWrapper]   Arguments: 'e -p 30275 -o command'
[2025-10-06 05:55:52Z INFO ProcessInvokerWrapper]   Working directory: '/Users/jnalair/quiet-reference-site/actions-runner'
[2025-10-06 05:55:52Z INFO ProcessInvokerWrapper]   Require exit code zero: 'False'
[2025-10-06 05:55:52Z INFO ProcessInvokerWrapper]   Encoding web name:  ; code page: ''
[2025-10-06 05:55:52Z INFO ProcessInvokerWrapper]   Force kill process on cancellation: 'False'
[2025-10-06 05:55:52Z INFO ProcessInvokerWrapper]   Redirected STDIN: 'False'
[2025-10-06 05:55:52Z INFO ProcessInvokerWrapper]   Persist current code page: 'False'
[2025-10-06 05:55:52Z INFO ProcessInvokerWrapper]   Keep redirected STDIN open: 'False'
[2025-10-06 05:55:52Z INFO ProcessInvokerWrapper]   High priority process: 'False'
[2025-10-06 05:55:52Z INFO ProcessInvokerWrapper] Process started with process id 30487, waiting for process exit.
[2025-10-06 05:55:52Z INFO ProcessInvokerWrapper] STDOUT/STDERR stream read finished.
[2025-10-06 05:55:52Z INFO ProcessInvokerWrapper] STDOUT/STDERR stream read finished.
[2025-10-06 05:55:52Z INFO ProcessInvokerWrapper] Finished process 30487 with exit code 0, and elapsed time 00:00:00.0360000.
[2025-10-06 05:55:52Z INFO LinuxProcessExtensions] Successfully dump environment variables for 30275
[2025-10-06 05:55:52Z INFO JobExtension] Inspecting process environment variables. PID: 30273 (mdworker_shared)
[2025-10-06 05:55:52Z INFO LinuxProcessExtensions] Read env from output of `ps e -p 30273 -o command`
[2025-10-06 05:55:52Z INFO HostContext] Well known directory 'Bin': '/Users/jnalair/quiet-reference-site/actions-runner/bin'
[2025-10-06 05:55:52Z INFO HostContext] Well known directory 'Root': '/Users/jnalair/quiet-reference-site/actions-runner'
[2025-10-06 05:55:52Z INFO ProcessInvokerWrapper] Starting process:
[2025-10-06 05:55:52Z INFO ProcessInvokerWrapper]   File name: 'ps'
[2025-10-06 05:55:52Z INFO ProcessInvokerWrapper]   Arguments: 'e -p 30273 -o command'
[2025-10-06 05:55:52Z INFO ProcessInvokerWrapper]   Working directory: '/Users/jnalair/quiet-reference-site/actions-runner'
[2025-10-06 05:55:52Z INFO ProcessInvokerWrapper]   Require exit code zero: 'False'
[2025-10-06 05:55:52Z INFO ProcessInvokerWrapper]   Encoding web name:  ; code page: ''
[2025-10-06 05:55:52Z INFO ProcessInvokerWrapper]   Force kill process on cancellation: 'False'
[2025-10-06 05:55:52Z INFO ProcessInvokerWrapper]   Redirected STDIN: 'False'
[2025-10-06 05:55:52Z INFO ProcessInvokerWrapper]   Persist current code page: 'False'
[2025-10-06 05:55:52Z INFO ProcessInvokerWrapper]   Keep redirected STDIN open: 'False'
[2025-10-06 05:55:52Z INFO ProcessInvokerWrapper]   High priority process: 'False'
[2025-10-06 05:55:52Z INFO ProcessInvokerWrapper] Process started with process id 30488, waiting for process exit.
[2025-10-06 05:55:52Z INFO ProcessInvokerWrapper] STDOUT/STDERR stream read finished.
[2025-10-06 05:55:52Z INFO ProcessInvokerWrapper] STDOUT/STDERR stream read finished.
[2025-10-06 05:55:52Z INFO ProcessInvokerWrapper] Finished process 30488 with exit code 0, and elapsed time 00:00:00.0362556.
[2025-10-06 05:55:52Z INFO LinuxProcessExtensions] Successfully dump environment variables for 30273
[2025-10-06 05:55:52Z INFO JobExtension] Inspecting process environment variables. PID: 30271 (mdworker_shared)
[2025-10-06 05:55:52Z INFO LinuxProcessExtensions] Read env from output of `ps e -p 30271 -o command`
[2025-10-06 05:55:52Z INFO HostContext] Well known directory 'Bin': '/Users/jnalair/quiet-reference-site/actions-runner/bin'
[2025-10-06 05:55:52Z INFO HostContext] Well known directory 'Root': '/Users/jnalair/quiet-reference-site/actions-runner'
[2025-10-06 05:55:52Z INFO ProcessInvokerWrapper] Starting process:
[2025-10-06 05:55:52Z INFO ProcessInvokerWrapper]   File name: 'ps'
[2025-10-06 05:55:52Z INFO ProcessInvokerWrapper]   Arguments: 'e -p 30271 -o command'
[2025-10-06 05:55:52Z INFO ProcessInvokerWrapper]   Working directory: '/Users/jnalair/quiet-reference-site/actions-runner'
[2025-10-06 05:55:52Z INFO ProcessInvokerWrapper]   Require exit code zero: 'False'
[2025-10-06 05:55:52Z INFO ProcessInvokerWrapper]   Encoding web name:  ; code page: ''
[2025-10-06 05:55:52Z INFO ProcessInvokerWrapper]   Force kill process on cancellation: 'False'
[2025-10-06 05:55:52Z INFO ProcessInvokerWrapper]   Redirected STDIN: 'False'
[2025-10-06 05:55:52Z INFO ProcessInvokerWrapper]   Persist current code page: 'False'
[2025-10-06 05:55:52Z INFO ProcessInvokerWrapper]   Keep redirected STDIN open: 'False'
[2025-10-06 05:55:52Z INFO ProcessInvokerWrapper]   High priority process: 'False'
[2025-10-06 05:55:52Z INFO ProcessInvokerWrapper] Process started with process id 30489, waiting for process exit.
[2025-10-06 05:55:52Z INFO ProcessInvokerWrapper] STDOUT/STDERR stream read finished.
[2025-10-06 05:55:52Z INFO ProcessInvokerWrapper] STDOUT/STDERR stream read finished.
[2025-10-06 05:55:52Z INFO ProcessInvokerWrapper] Finished process 30489 with exit code 0, and elapsed time 00:00:00.0356713.
[2025-10-06 05:55:52Z INFO LinuxProcessExtensions] Successfully dump environment variables for 30271
[2025-10-06 05:55:52Z INFO JobExtension] Inspecting process environment variables. PID: 30270 (mdworker_shared)
[2025-10-06 05:55:52Z INFO LinuxProcessExtensions] Read env from output of `ps e -p 30270 -o command`
[2025-10-06 05:55:52Z INFO HostContext] Well known directory 'Bin': '/Users/jnalair/quiet-reference-site/actions-runner/bin'
[2025-10-06 05:55:52Z INFO HostContext] Well known directory 'Root': '/Users/jnalair/quiet-reference-site/actions-runner'
[2025-10-06 05:55:52Z INFO ProcessInvokerWrapper] Starting process:
[2025-10-06 05:55:52Z INFO ProcessInvokerWrapper]   File name: 'ps'
[2025-10-06 05:55:52Z INFO ProcessInvokerWrapper]   Arguments: 'e -p 30270 -o command'
[2025-10-06 05:55:52Z INFO ProcessInvokerWrapper]   Working directory: '/Users/jnalair/quiet-reference-site/actions-runner'
[2025-10-06 05:55:52Z INFO ProcessInvokerWrapper]   Require exit code zero: 'False'
[2025-10-06 05:55:52Z INFO ProcessInvokerWrapper]   Encoding web name:  ; code page: ''
[2025-10-06 05:55:52Z INFO ProcessInvokerWrapper]   Force kill process on cancellation: 'False'
[2025-10-06 05:55:52Z INFO ProcessInvokerWrapper]   Redirected STDIN: 'False'
[2025-10-06 05:55:52Z INFO ProcessInvokerWrapper]   Persist current code page: 'False'
[2025-10-06 05:55:52Z INFO ProcessInvokerWrapper]   Keep redirected STDIN open: 'False'
[2025-10-06 05:55:52Z INFO ProcessInvokerWrapper]   High priority process: 'False'
[2025-10-06 05:55:52Z INFO ProcessInvokerWrapper] Process started with process id 30490, waiting for process exit.
[2025-10-06 05:55:52Z INFO ProcessInvokerWrapper] STDOUT/STDERR stream read finished.
[2025-10-06 05:55:52Z INFO ProcessInvokerWrapper] STDOUT/STDERR stream read finished.
[2025-10-06 05:55:52Z INFO ProcessInvokerWrapper] Finished process 30490 with exit code 0, and elapsed time 00:00:00.0357057.
[2025-10-06 05:55:52Z INFO LinuxProcessExtensions] Successfully dump environment variables for 30270
[2025-10-06 05:55:52Z INFO JobExtension] Inspecting process environment variables. PID: 30269 (mdworker_shared)
[2025-10-06 05:55:52Z INFO LinuxProcessExtensions] Read env from output of `ps e -p 30269 -o command`
[2025-10-06 05:55:52Z INFO HostContext] Well known directory 'Bin': '/Users/jnalair/quiet-reference-site/actions-runner/bin'
[2025-10-06 05:55:52Z INFO HostContext] Well known directory 'Root': '/Users/jnalair/quiet-reference-site/actions-runner'
[2025-10-06 05:55:52Z INFO ProcessInvokerWrapper] Starting process:
[2025-10-06 05:55:52Z INFO ProcessInvokerWrapper]   File name: 'ps'
[2025-10-06 05:55:52Z INFO ProcessInvokerWrapper]   Arguments: 'e -p 30269 -o command'
[2025-10-06 05:55:52Z INFO ProcessInvokerWrapper]   Working directory: '/Users/jnalair/quiet-reference-site/actions-runner'
[2025-10-06 05:55:52Z INFO ProcessInvokerWrapper]   Require exit code zero: 'False'
[2025-10-06 05:55:52Z INFO ProcessInvokerWrapper]   Encoding web name:  ; code page: ''
[2025-10-06 05:55:52Z INFO ProcessInvokerWrapper]   Force kill process on cancellation: 'False'
[2025-10-06 05:55:52Z INFO ProcessInvokerWrapper]   Redirected STDIN: 'False'
[2025-10-06 05:55:52Z INFO ProcessInvokerWrapper]   Persist current code page: 'False'
[2025-10-06 05:55:52Z INFO ProcessInvokerWrapper]   Keep redirected STDIN open: 'False'
[2025-10-06 05:55:52Z INFO ProcessInvokerWrapper]   High priority process: 'False'
[2025-10-06 05:55:53Z INFO ProcessInvokerWrapper] Process started with process id 30491, waiting for process exit.
[2025-10-06 05:55:53Z INFO ProcessInvokerWrapper] STDOUT/STDERR stream read finished.
[2025-10-06 05:55:53Z INFO ProcessInvokerWrapper] STDOUT/STDERR stream read finished.
[2025-10-06 05:55:53Z INFO ProcessInvokerWrapper] Finished process 30491 with exit code 0, and elapsed time 00:00:00.0334138.
[2025-10-06 05:55:53Z INFO LinuxProcessExtensions] Successfully dump environment variables for 30269
[2025-10-06 05:55:53Z INFO JobExtension] Inspecting process environment variables. PID: 30268 (mdworker_shared)
[2025-10-06 05:55:53Z INFO LinuxProcessExtensions] Read env from output of `ps e -p 30268 -o command`
[2025-10-06 05:55:53Z INFO HostContext] Well known directory 'Bin': '/Users/jnalair/quiet-reference-site/actions-runner/bin'
[2025-10-06 05:55:53Z INFO HostContext] Well known directory 'Root': '/Users/jnalair/quiet-reference-site/actions-runner'
[2025-10-06 05:55:53Z INFO ProcessInvokerWrapper] Starting process:
[2025-10-06 05:55:53Z INFO ProcessInvokerWrapper]   File name: 'ps'
[2025-10-06 05:55:53Z INFO ProcessInvokerWrapper]   Arguments: 'e -p 30268 -o command'
[2025-10-06 05:55:53Z INFO ProcessInvokerWrapper]   Working directory: '/Users/jnalair/quiet-reference-site/actions-runner'
[2025-10-06 05:55:53Z INFO ProcessInvokerWrapper]   Require exit code zero: 'False'
[2025-10-06 05:55:53Z INFO ProcessInvokerWrapper]   Encoding web name:  ; code page: ''
[2025-10-06 05:55:53Z INFO ProcessInvokerWrapper]   Force kill process on cancellation: 'False'
[2025-10-06 05:55:53Z INFO ProcessInvokerWrapper]   Redirected STDIN: 'False'
[2025-10-06 05:55:53Z INFO ProcessInvokerWrapper]   Persist current code page: 'False'
[2025-10-06 05:55:53Z INFO ProcessInvokerWrapper]   Keep redirected STDIN open: 'False'
[2025-10-06 05:55:53Z INFO ProcessInvokerWrapper]   High priority process: 'False'
[2025-10-06 05:55:53Z INFO ProcessInvokerWrapper] Process started with process id 30492, waiting for process exit.
[2025-10-06 05:55:53Z INFO ProcessInvokerWrapper] STDOUT/STDERR stream read finished.
[2025-10-06 05:55:53Z INFO ProcessInvokerWrapper] STDOUT/STDERR stream read finished.
[2025-10-06 05:55:53Z INFO ProcessInvokerWrapper] Finished process 30492 with exit code 0, and elapsed time 00:00:00.0309970.
[2025-10-06 05:55:53Z INFO LinuxProcessExtensions] Successfully dump environment variables for 30268
[2025-10-06 05:55:53Z INFO JobExtension] Inspecting process environment variables. PID: 30264 (mdworker_shared)
[2025-10-06 05:55:53Z INFO LinuxProcessExtensions] Read env from output of `ps e -p 30264 -o command`
[2025-10-06 05:55:53Z INFO HostContext] Well known directory 'Bin': '/Users/jnalair/quiet-reference-site/actions-runner/bin'
[2025-10-06 05:55:53Z INFO HostContext] Well known directory 'Root': '/Users/jnalair/quiet-reference-site/actions-runner'
[2025-10-06 05:55:53Z INFO ProcessInvokerWrapper] Starting process:
[2025-10-06 05:55:53Z INFO ProcessInvokerWrapper]   File name: 'ps'
[2025-10-06 05:55:53Z INFO ProcessInvokerWrapper]   Arguments: 'e -p 30264 -o command'
[2025-10-06 05:55:53Z INFO ProcessInvokerWrapper]   Working directory: '/Users/jnalair/quiet-reference-site/actions-runner'
[2025-10-06 05:55:53Z INFO ProcessInvokerWrapper]   Require exit code zero: 'False'
[2025-10-06 05:55:53Z INFO ProcessInvokerWrapper]   Encoding web name:  ; code page: ''
[2025-10-06 05:55:53Z INFO ProcessInvokerWrapper]   Force kill process on cancellation: 'False'
[2025-10-06 05:55:53Z INFO ProcessInvokerWrapper]   Redirected STDIN: 'False'
[2025-10-06 05:55:53Z INFO ProcessInvokerWrapper]   Persist current code page: 'False'
[2025-10-06 05:55:53Z INFO ProcessInvokerWrapper]   Keep redirected STDIN open: 'False'
[2025-10-06 05:55:53Z INFO ProcessInvokerWrapper]   High priority process: 'False'
[2025-10-06 05:55:53Z INFO ProcessInvokerWrapper] Process started with process id 30493, waiting for process exit.
[2025-10-06 05:55:53Z INFO ProcessInvokerWrapper] STDOUT/STDERR stream read finished.
[2025-10-06 05:55:53Z INFO ProcessInvokerWrapper] STDOUT/STDERR stream read finished.
[2025-10-06 05:55:53Z INFO ProcessInvokerWrapper] Finished process 30493 with exit code 0, and elapsed time 00:00:00.0339756.
[2025-10-06 05:55:53Z INFO LinuxProcessExtensions] Successfully dump environment variables for 30264
[2025-10-06 05:55:53Z INFO ExecutionContext] Publish step telemetry for current step {
  "action": "complete_job",
  "type": "runner",
  "stage": "Post",
  "stepId": "f7cfe131-f9e0-4dcb-985e-09d1c2cc7a4b",
  "result": "succeeded",
  "errorMessages": [],
  "executionTimeInSeconds": 1,
  "startTime": "2025-10-06T05:55:52.470057Z",
  "finishTime": "2025-10-06T05:55:53.096195Z"
}.
[2025-10-06 05:55:53Z INFO JobRunner] Job result after all job steps finish: Failed
[2025-10-06 05:55:53Z INFO JobRunner] Completing the job execution context.
[2025-10-06 05:55:53Z INFO JobRunner] Shutting down the job server queue.
[2025-10-06 05:55:53Z INFO JobServerQueue] Fire signal to shutdown all queues.
[2025-10-06 05:55:53Z INFO JobServerQueue] Tried to upload 1 file(s) to results, success rate: 1/1.
[2025-10-06 05:55:54Z INFO JobServerQueue] All queue process task stopped.
[2025-10-06 05:55:54Z INFO JobServerQueue] Web console line queue drained.
[2025-10-06 05:55:54Z INFO JobServerQueue] Uploading 3 files in one shot.
[2025-10-06 05:55:54Z INFO JobServerQueue] Try to upload 3 log files or attachments, success rate: 3/3.
[2025-10-06 05:55:54Z INFO JobServerQueue] File upload queue drained.
[2025-10-06 05:55:54Z INFO JobServerQueue] Starting results-based upload queue...
[2025-10-06 05:55:54Z INFO JobServerQueue] Uploading 3 file(s) in one shot through results service.
[2025-10-06 05:55:54Z INFO JobServerQueue] Got a step log file to send to results service.
[2025-10-06 05:55:54Z INFO JobServerQueue] Starting upload of step log file to results service ResultsLog, /Users/jnalair/quiet-reference-site/actions-runner/_diag/blocks/dbcee3e4-8503-4295-91f9-2d89e09c2429_693d97ca-73dc-47df-aafb-1ed71fb1c9f5.1
[2025-10-06 05:55:56Z INFO JobServerQueue] Got a step log file to send to results service.
[2025-10-06 05:55:56Z INFO JobServerQueue] Starting upload of step log file to results service ResultsLog, /Users/jnalair/quiet-reference-site/actions-runner/_diag/blocks/dbcee3e4-8503-4295-91f9-2d89e09c2429_f7cfe131-f9e0-4dcb-985e-09d1c2cc7a4b.1
[2025-10-06 05:55:59Z INFO JobServerQueue] Got a job log file to send to results service.
[2025-10-06 05:55:59Z INFO JobServerQueue] Starting upload of job log file to results service ResultsLog, /Users/jnalair/quiet-reference-site/actions-runner/_diag/blocks/dbcee3e4-8503-4295-91f9-2d89e09c2429_b881f023-25dc-5e23-b345-a57f76384080.1
[2025-10-06 05:56:00Z INFO JobServerQueue] Tried to upload 3 file(s) to results, success rate: 3/3.
[2025-10-06 05:56:00Z INFO JobServerQueue] Results upload queue drained.
[2025-10-06 05:56:01Z INFO JobServerQueue] Timeline update queue drained.
[2025-10-06 05:56:01Z INFO JobServerQueue] Disposing job server ...
[2025-10-06 05:56:01Z INFO JobServerQueue] Disposing results server ...
[2025-10-06 05:56:01Z INFO JobServerQueue] All queue process tasks have been stopped, and all queues are drained.
[2025-10-06 05:56:01Z INFO TempDirectoryManager] Cleaning runner temp folder: /Users/jnalair/quiet-reference-site/actions-runner/_work/_temp
[2025-10-06 05:56:01Z INFO HostContext] Well known directory 'Bin': '/Users/jnalair/quiet-reference-site/actions-runner/bin'
[2025-10-06 05:56:01Z INFO HostContext] Well known directory 'Root': '/Users/jnalair/quiet-reference-site/actions-runner'
[2025-10-06 05:56:01Z INFO HostContext] Well known directory 'Diag': '/Users/jnalair/quiet-reference-site/actions-runner/_diag'
[2025-10-06 05:56:01Z INFO HostContext] Well known config file 'Telemetry': '/Users/jnalair/quiet-reference-site/actions-runner/_diag/.telemetry'
[2025-10-06 05:56:01Z INFO JobRunner] Raising job completed against run service
[2025-10-06 05:56:02Z INFO Worker] Job completed.
