[2025-10-06 06:19:16Z INFO HostContext] No proxy settings were found based on environmental variables (http_proxy/https_proxy/HTTP_PROXY/HTTPS_PROXY)
[2025-10-06 06:19:16Z INFO HostContext] Well known directory 'Bin': '/Users/jnalair/quiet-reference-site/actions-runner/bin'
[2025-10-06 06:19:16Z INFO HostContext] Well known directory 'Root': '/Users/jnalair/quiet-reference-site/actions-runner'
[2025-10-06 06:19:16Z INFO HostContext] Well known config file 'Credentials': '/Users/jnalair/quiet-reference-site/actions-runner/.credentials'
[2025-10-06 06:19:16Z INFO HostContext] Well known directory 'Bin': '/Users/jnalair/quiet-reference-site/actions-runner/bin'
[2025-10-06 06:19:16Z INFO HostContext] Well known directory 'Root': '/Users/jnalair/quiet-reference-site/actions-runner'
[2025-10-06 06:19:16Z INFO HostContext] Well known config file 'Runner': '/Users/jnalair/quiet-reference-site/actions-runner/.runner'
[2025-10-06 06:19:16Z INFO Worker] Version: 2.328.0
[2025-10-06 06:19:16Z INFO Worker] Commit: 6f9a9110adce65f44ca6f7c0ae142b9cc6af937b
[2025-10-06 06:19:16Z INFO Worker] Culture: en-PH
[2025-10-06 06:19:16Z INFO Worker] UI Culture: en-PH
[2025-10-06 06:19:16Z INFO Worker] Waiting to receive the job message from the channel.
[2025-10-06 06:19:16Z INFO ProcessChannel] Receiving message of length 20068, with hash '635a0f78307898dda4618c075ca1e91361b58b69021f110370b43b74185671a5'
[2025-10-06 06:19:16Z INFO Worker] Message received.
[2025-10-06 06:19:17Z INFO Worker] Job message:
 {
  "fileTable": [
    ".github/workflows/deploy-ipfs.yml"
  ],
  "mask": [
    {
      "type": "regex",
      "value": "***"
    },
    {
      "type": "regex",
      "value": "***"
    },
    {
      "type": "regex",
      "value": "***"
    },
    {
      "type": "regex",
      "value": "***"
    },
    {
      "type": "regex",
      "value": "***"
    },
    {
      "type": "regex",
      "value": "***"
    },
    {
      "type": "regex",
      "value": "***"
    },
    {
      "type": "regex",
      "value": "***"
    },
    {
      "type": "regex",
      "value": "***"
    },
    {
      "type": "regex",
      "value": "***"
    },
    {
      "type": "regex",
      "value": "***"
    },
    {
      "type": "regex",
      "value": "***"
    },
    {
      "type": "regex",
      "value": "***"
    },
    {
      "type": "regex",
      "value": "***"
    },
    {
      "type": "regex",
      "value": "***"
    },
    {
      "type": "regex",
      "value": "***"
    },
    {
      "type": "regex",
      "value": "***"
    },
    {
      "type": "regex",
      "value": "***"
    }
  ],
  "steps": [
    {
      "type": "action",
      "reference": {
        "type": "repository",
        "name": "actions/checkout",
        "ref": "v3",
        "repositoryType": "GitHub"
      },
      "displayNameToken": {
        "type": 0,
        "file": 1,
        "line": 13,
        "col": 15,
        "lit": "Checkout repo"
      },
      "contextName": "__actions_checkout",
      "condition": "success()",
      "id": "b61927aa-1453-4a7e-973b-9797b0e67f0c",
      "name": "__actions_checkout"
    },
    {
      "type": "action",
      "reference": {
        "type": "script"
      },
      "displayNameToken": {
        "type": 0,
        "file": 1,
        "line": 16,
        "col": 15,
        "lit": "Install Hugo"
      },
      "contextName": "__run",
      "inputs": {
        "type": 2,
        "map": [
          {
            "key": "script",
            "value": {
              "type": 0,
              "file": 1,
              "line": 17,
              "col": 14,
              "lit": "npm install"
            }
          }
        ]
      },
      "condition": "success()",
      "id": "25a6d637-9626-46b3-975c-829e293ef2f8",
      "name": "__run"
    },
    {
      "type": "action",
      "reference": {
        "type": "script"
      },
      "displayNameToken": {
        "type": 0,
        "file": 1,
        "line": 19,
        "col": 15,
        "lit": "Build site"
      },
      "contextName": "__run_2",
      "inputs": {
        "type": 2,
        "map": [
          {
            "key": "script",
            "value": {
              "type": 0,
              "file": 1,
              "line": 20,
              "col": 14,
              "lit": "npm run build"
            }
          }
        ]
      },
      "condition": "success()",
      "id": "b39bc721-9c72-406d-9d50-8bbccc32ec22",
      "name": "__run_2"
    }
  ],
  "variables": {
    "ACTIONS_RUNNER_DEBUG": {
      "value": "true",
      "isSecret": true
    },
    "ACTIONS_STEP_DEBUG": {
      "value": "true",
      "isSecret": true
    },
    "Actions.EnableHttpRedirects": {
      "value": "true"
    },
    "DistributedTask.AddWarningToNode12Action": {
      "value": "true"
    },
    "DistributedTask.AddWarningToNode16Action": {
      "value": "true"
    },
    "DistributedTask.AllowRunnerContainerHooks": {
      "value": "true"
    },
    "DistributedTask.DeprecateStepOutputCommands": {
      "value": "true"
    },
    "DistributedTask.DetailUntarFailure": {
      "value": "true"
    },
    "DistributedTask.EnableCompositeActions": {
      "value": "true"
    },
    "DistributedTask.EnableJobServerQueueTelemetry": {
      "value": "true"
    },
    "DistributedTask.EnhancedAnnotations": {
      "value": "true"
    },
    "DistributedTask.ForceGithubJavascriptActionsToNode16": {
      "value": "true"
    },
    "DistributedTask.ForceGithubJavascriptActionsToNode20": {
      "value": "true"
    },
    "DistributedTask.LogTemplateErrorsAsDebugMessages": {
      "value": "true"
    },
    "DistributedTask.MarkJobAsFailedOnWorkerCrash": {
      "value": "true"
    },
    "DistributedTask.NewActionMetadata": {
      "value": "true"
    },
    "DistributedTask.UploadStepSummary": {
      "value": "true"
    },
    "DistributedTask.UseActionArchiveCache": {
      "value": "true"
    },
    "DistributedTask.UseWhich2": {
      "value": "true"
    },
    "RunService.FixEmbeddedIssues": {
      "value": "true"
    },
    "actions_add_check_run_id_to_job_context": {
      "value": "true"
    },
    "actions_display_helpful_actions_download_errors": {
      "value": "true"
    },
    "actions_skip_retry_complete_job_upon_known_errors": {
      "value": "true"
    },
    "actions_uses_cache_service_v2": {
      "value": "true"
    },
    "github_token": {
      "value": "***",
      "isSecret": true
    },
    "system.from_run_service": {
      "value": "true"
    },
    "system.github.job": {
      "value": "build"
    },
    "system.github.launch_endpoint": {
      "value": "https://launch.actions.githubusercontent.com"
    },
    "system.github.results_endpoint": {
      "value": "https://results-receiver.actions.githubusercontent.com/"
    },
    "system.github.results_upload_with_sdk": {
      "value": "true"
    },
    "system.github.token": {
      "value": "***",
      "isSecret": true
    },
    "system.github.token.permissions": {
      "value": "{\"Actions\":\"write\",\"Attestations\":\"write\",\"Checks\":\"write\",\"Contents\":\"write\",\"Deployments\":\"write\",\"Discussions\":\"write\",\"Issues\":\"write\",\"Metadata\":\"read\",\"Models\":\"read\",\"Packages\":\"write\",\"Pages\":\"write\",\"PullRequests\":\"write\",\"RepositoryProjects\":\"write\",\"SecurityEvents\":\"write\",\"Statuses\":\"write\"}"
    },
    "system.orchestrationId": {
      "value": "890e4f73-3e16-40f1-bdbe-33b8eb0f07e9.build.__default"
    },
    "system.phaseDisplayName": {
      "value": "Hugo Build"
    },
    "system.runner.lowdiskspacethreshold": {
      "value": "100"
    },
    "system.runnerEnvironment": {
      "value": "self-hosted"
    },
    "system.runnerGroupName": {
      "value": "Default"
    }
  },
  "messageType": "RunnerJobRequest",
  "plan": {
    "scopeIdentifier": "00000000-0000-0000-0000-000000000000",
    "planType": "actions",
    "version": 0,
    "planId": "890e4f73-3e16-40f1-bdbe-33b8eb0f07e9",
    "planGroup": null,
    "artifactUri": null,
    "artifactLocation": null,
    "definition": null,
    "owner": null
  },
  "timeline": {
    "id": "890e4f73-3e16-40f1-bdbe-33b8eb0f07e9",
    "changeId": 0,
    "location": null
  },
  "jobId": "6df74aad-cef0-5d30-8df0-834c9f47d44a",
  "jobDisplayName": "Hugo Build",
  "jobName": "__default",
  "requestId": 0,
  "lockedUntil": "0001-01-01T00:00:00",
  "resources": {
    "endpoints": [
      {
        "data": {
          "ServerId": "",
          "ServerName": "",
          "CacheServerUrl": "https://artifactcache.actions.githubusercontent.com/SYCnhz2TBMyoZ9z75XCHm6D8trJWrhRorGx3S1opb6M1Cm28ce/",
          "FeedStreamUrl": "wss://results-receiver.actions.githubusercontent.com/_ws/ingest.sock",
          "ResultsServiceUrl": "https://results-receiver.actions.githubusercontent.com/",
          "PipelinesServiceUrl": "https://pipelinesghubeus11.actions.githubusercontent.com/SYCnhz2TBMyoZ9z75XCHm6D8trJWrhRorGx3S1opb6M1Cm28ce/",
          "GenerateIdTokenUrl": ""
        },
        "name": "SystemVssConnection",
        "url": "https://run-actions-2-azure-eastus.actions.githubusercontent.com/14/",
        "authorization": {
          "parameters": {
            "AccessToken": "***"
          },
          "scheme": "OAuth"
        },
        "isShared": false,
        "isReady": true
      }
    ]
  },
  "contextData": {
    "github": {
      "t": 2,
      "d": [
        {
          "k": "ref",
          "v": "refs/heads/Master"
        },
        {
          "k": "sha",
          "v": "5eb64e47d152eea0c5826076fac185458e8d4b29"
        },
        {
          "k": "repository",
          "v": "Vodkashot28/quiet-reference-site"
        },
        {
          "k": "repository_owner",
          "v": "Vodkashot28"
        },
        {
          "k": "repository_owner_id",
          "v": "183611920"
        },
        {
          "k": "repositoryUrl",
          "v": "git://github.com/Vodkashot28/quiet-reference-site.git"
        },
        {
          "k": "run_id",
          "v": "18271446145"
        },
        {
          "k": "run_number",
          "v": "28"
        },
        {
          "k": "retention_days",
          "v": "90"
        },
        {
          "k": "run_attempt",
          "v": "2"
        },
        {
          "k": "artifact_cache_size_limit",
          "v": "10"
        },
        {
          "k": "repository_visibility",
          "v": "public"
        },
        {
          "k": "actor_id",
          "v": "183611920"
        },
        {
          "k": "actor",
          "v": "Vodkashot28"
        },
        {
          "k": "workflow",
          "v": "Build Site"
        },
        {
          "k": "head_ref",
          "v": ""
        },
        {
          "k": "base_ref",
          "v": ""
        },
        {
          "k": "event_name",
          "v": "push"
        },
        {
          "k": "server_url",
          "v": "https://github.com"
        },
        {
          "k": "api_url",
          "v": "https://api.github.com"
        },
        {
          "k": "graphql_url",
          "v": "https://api.github.com/graphql"
        },
        {
          "k": "ref_name",
          "v": "Master"
        },
        {
          "k": "ref_protected",
          "v": false
        },
        {
          "k": "ref_type",
          "v": "branch"
        },
        {
          "k": "secret_source",
          "v": "Actions"
        },
        {
          "k": "event",
          "v": {
            "t": 2,
            "d": [
              {
                "k": "after",
                "v": "5eb64e47d152eea0c5826076fac185458e8d4b29"
              },
              {
                "k": "base_ref",
                "v": null
              },
              {
                "k": "before",
                "v": "dd70162fbcbb7d9cb75a807ae561b68576003dd3"
              },
              {
                "k": "commits",
                "v": {
                  "t": 1,
                  "a": [
                    {
                      "t": 2,
                      "d": [
                        {
                          "k": "author",
                          "v": {
                            "t": 2,
                            "d": [
                              {
                                "k": "email",
                                "v": "183611920+Vodkashot28@users.noreply.github.com"
                              },
                              {
                                "k": "name",
                                "v": "vodkashot"
                              },
                              {
                                "k": "username",
                                "v": "Vodkashot28"
                              }
                            ]
                          }
                        },
                        {
                          "k": "committer",
                          "v": {
                            "t": 2,
                            "d": [
                              {
                                "k": "email",
                                "v": "noreply@github.com"
                              },
                              {
                                "k": "name",
                                "v": "GitHub"
                              },
                              {
                                "k": "username",
                                "v": "web-flow"
                              }
                            ]
                          }
                        },
                        {
                          "k": "distinct",
                          "v": true
                        },
                        {
                          "k": "id",
                          "v": "5eb64e47d152eea0c5826076fac185458e8d4b29"
                        },
                        {
                          "k": "message",
                          "v": "Update README.md"
                        },
                        {
                          "k": "timestamp",
                          "v": "2025-10-06T13:55:19+08:00"
                        },
                        {
                          "k": "tree_id",
                          "v": "4abb4ef75a46f7eeca4c28283492bbf87c791e7f"
                        },
                        {
                          "k": "url",
                          "v": "https://github.com/Vodkashot28/quiet-reference-site/commit/5eb64e47d152eea0c5826076fac185458e8d4b29"
                        }
                      ]
                    }
                  ]
                }
              },
              {
                "k": "compare",
                "v": "https://github.com/Vodkashot28/quiet-reference-site/compare/dd70162fbcbb...5eb64e47d152"
              },
              {
                "k": "created",
                "v": false
              },
              {
                "k": "deleted",
                "v": false
              },
              {
                "k": "forced",
                "v": false
              },
              {
                "k": "head_commit",
                "v": {
                  "t": 2,
                  "d": [
                    {
                      "k": "author",
                      "v": {
                        "t": 2,
                        "d": [
                          {
                            "k": "email",
                            "v": "183611920+Vodkashot28@users.noreply.github.com"
                          },
                          {
                            "k": "name",
                            "v": "vodkashot"
                          },
                          {
                            "k": "username",
                            "v": "Vodkashot28"
                          }
                        ]
                      }
                    },
                    {
                      "k": "committer",
                      "v": {
                        "t": 2,
                        "d": [
                          {
                            "k": "email",
                            "v": "noreply@github.com"
                          },
                          {
                            "k": "name",
                            "v": "GitHub"
                          },
                          {
                            "k": "username",
                            "v": "web-flow"
                          }
                        ]
                      }
                    },
                    {
                      "k": "distinct",
                      "v": true
                    },
                    {
                      "k": "id",
                      "v": "5eb64e47d152eea0c5826076fac185458e8d4b29"
                    },
                    {
                      "k": "message",
                      "v": "Update README.md"
                    },
                    {
                      "k": "timestamp",
                      "v": "2025-10-06T13:55:19+08:00"
                    },
                    {
                      "k": "tree_id",
                      "v": "4abb4ef75a46f7eeca4c28283492bbf87c791e7f"
                    },
                    {
                      "k": "url",
                      "v": "https://github.com/Vodkashot28/quiet-reference-site/commit/5eb64e47d152eea0c5826076fac185458e8d4b29"
                    }
                  ]
                }
              },
              {
                "k": "pusher",
                "v": {
                  "t": 2,
                  "d": [
                    {
                      "k": "email",
                      "v": "183611920+Vodkashot28@users.noreply.github.com"
                    },
                    {
                      "k": "name",
                      "v": "Vodkashot28"
                    }
                  ]
                }
              },
              {
                "k": "ref",
                "v": "refs/heads/Master"
              },
              {
                "k": "repository",
                "v": {
                  "t": 2,
                  "d": [
                    {
                      "k": "allow_forking",
                      "v": true
                    },
                    {
                      "k": "archive_url",
                      "v": "https://api.github.com/repos/Vodkashot28/quiet-reference-site/{archive_format}{/ref}"
                    },
                    {
                      "k": "archived",
                      "v": false
                    },
                    {
                      "k": "assignees_url",
                      "v": "https://api.github.com/repos/Vodkashot28/quiet-reference-site/assignees{/user}"
                    },
                    {
                      "k": "blobs_url",
                      "v": "https://api.github.com/repos/Vodkashot28/quiet-reference-site/git/blobs{/sha}"
                    },
                    {
                      "k": "branches_url",
                      "v": "https://api.github.com/repos/Vodkashot28/quiet-reference-site/branches{/branch}"
                    },
                    {
                      "k": "clone_url",
                      "v": "https://github.com/Vodkashot28/quiet-reference-site.git"
                    },
                    {
                      "k": "collaborators_url",
                      "v": "https://api.github.com/repos/Vodkashot28/quiet-reference-site/collaborators{/collaborator}"
                    },
                    {
                      "k": "comments_url",
                      "v": "https://api.github.com/repos/Vodkashot28/quiet-reference-site/comments{/number}"
                    },
                    {
                      "k": "commits_url",
                      "v": "https://api.github.com/repos/Vodkashot28/quiet-reference-site/commits{/sha}"
                    },
                    {
                      "k": "compare_url",
                      "v": "https://api.github.com/repos/Vodkashot28/quiet-reference-site/compare/{base}...{head}"
                    },
                    {
                      "k": "contents_url",
                      "v": "https://api.github.com/repos/Vodkashot28/quiet-reference-site/contents/{+path}"
                    },
                    {
                      "k": "contributors_url",
                      "v": "https://api.github.com/repos/Vodkashot28/quiet-reference-site/contributors"
                    },
                    {
                      "k": "created_at",
                      "v": 1757832047.0
                    },
                    {
                      "k": "default_branch",
                      "v": "Master"
                    },
                    {
                      "k": "deployments_url",
                      "v": "https://api.github.com/repos/Vodkashot28/quiet-reference-site/deployments"
                    },
                    {
                      "k": "description",
                      "v": "Sanctuary for truth, restraint, and emotional clarity"
                    },
                    {
                      "k": "disabled",
                      "v": false
                    },
                    {
                      "k": "downloads_url",
                      "v": "https://api.github.com/repos/Vodkashot28/quiet-reference-site/downloads"
                    },
                    {
                      "k": "events_url",
                      "v": "https://api.github.com/repos/Vodkashot28/quiet-reference-site/events"
                    },
                    {
                      "k": "fork",
                      "v": false
                    },
                    {
                      "k": "forks",
                      "v": 0.0
                    },
                    {
                      "k": "forks_count",
                      "v": 0.0
                    },
                    {
                      "k": "forks_url",
                      "v": "https://api.github.com/repos/Vodkashot28/quiet-reference-site/forks"
                    },
                    {
                      "k": "full_name",
                      "v": "Vodkashot28/quiet-reference-site"
                    },
                    {
                      "k": "git_commits_url",
                      "v": "https://api.github.com/repos/Vodkashot28/quiet-reference-site/git/commits{/sha}"
                    },
                    {
                      "k": "git_refs_url",
                      "v": "https://api.github.com/repos/Vodkashot28/quiet-reference-site/git/refs{/sha}"
                    },
                    {
                      "k": "git_tags_url",
                      "v": "https://api.github.com/repos/Vodkashot28/quiet-reference-site/git/tags{/sha}"
                    },
                    {
                      "k": "git_url",
                      "v": "git://github.com/Vodkashot28/quiet-reference-site.git"
                    },
                    {
                      "k": "has_discussions",
                      "v": false
                    },
                    {
                      "k": "has_downloads",
                      "v": true
                    },
                    {
                      "k": "has_issues",
                      "v": true
                    },
                    {
                      "k": "has_pages",
                      "v": true
                    },
                    {
                      "k": "has_projects",
                      "v": true
                    },
                    {
                      "k": "has_wiki",
                      "v": false
                    },
                    {
                      "k": "homepage",
                      "v": null
                    },
                    {
                      "k": "hooks_url",
                      "v": "https://api.github.com/repos/Vodkashot28/quiet-reference-site/hooks"
                    },
                    {
                      "k": "html_url",
                      "v": "https://github.com/Vodkashot28/quiet-reference-site"
                    },
                    {
                      "k": "id",
                      "v": 1056467739.0
                    },
                    {
                      "k": "is_template",
                      "v": true
                    },
                    {
                      "k": "issue_comment_url",
                      "v": "https://api.github.com/repos/Vodkashot28/quiet-reference-site/issues/comments{/number}"
                    },
                    {
                      "k": "issue_events_url",
                      "v": "https://api.github.com/repos/Vodkashot28/quiet-reference-site/issues/events{/number}"
                    },
                    {
                      "k": "issues_url",
                      "v": "https://api.github.com/repos/Vodkashot28/quiet-reference-site/issues{/number}"
                    },
                    {
                      "k": "keys_url",
                      "v": "https://api.github.com/repos/Vodkashot28/quiet-reference-site/keys{/key_id}"
                    },
                    {
                      "k": "labels_url",
                      "v": "https://api.github.com/repos/Vodkashot28/quiet-reference-site/labels{/name}"
                    },
                    {
                      "k": "language",
                      "v": "HTML"
                    },
                    {
                      "k": "languages_url",
                      "v": "https://api.github.com/repos/Vodkashot28/quiet-reference-site/languages"
                    },
                    {
                      "k": "license",
                      "v": null
                    },
                    {
                      "k": "master_branch",
                      "v": "Master"
                    },
                    {
                      "k": "merges_url",
                      "v": "https://api.github.com/repos/Vodkashot28/quiet-reference-site/merges"
                    },
                    {
                      "k": "milestones_url",
                      "v": "https://api.github.com/repos/Vodkashot28/quiet-reference-site/milestones{/number}"
                    },
                    {
                      "k": "mirror_url",
                      "v": null
                    },
                    {
                      "k": "name",
                      "v": "quiet-reference-site"
                    },
                    {
                      "k": "node_id",
                      "v": "R_kgDOPvhrGw"
                    },
                    {
                      "k": "notifications_url",
                      "v": "https://api.github.com/repos/Vodkashot28/quiet-reference-site/notifications{?since,all,participating}"
                    },
                    {
                      "k": "open_issues",
                      "v": 0.0
                    },
                    {
                      "k": "open_issues_count",
                      "v": 0.0
                    },
                    {
                      "k": "owner",
                      "v": {
                        "t": 2,
                        "d": [
                          {
                            "k": "avatar_url",
                            "v": "https://avatars.githubusercontent.com/u/183611920?v=4"
                          },
                          {
                            "k": "email",
                            "v": "183611920+Vodkashot28@users.noreply.github.com"
                          },
                          {
                            "k": "events_url",
                            "v": "https://api.github.com/users/Vodkashot28/events{/privacy}"
                          },
                          {
                            "k": "followers_url",
                            "v": "https://api.github.com/users/Vodkashot28/followers"
                          },
                          {
                            "k": "following_url",
                            "v": "https://api.github.com/users/Vodkashot28/following{/other_user}"
                          },
                          {
                            "k": "gists_url",
                            "v": "https://api.github.com/users/Vodkashot28/gists{/gist_id}"
                          },
                          {
                            "k": "gravatar_id",
                            "v": ""
                          },
                          {
                            "k": "html_url",
                            "v": "https://github.com/Vodkashot28"
                          },
                          {
                            "k": "id",
                            "v": 183611920.0
                          },
                          {
                            "k": "login",
                            "v": "Vodkashot28"
                          },
                          {
                            "k": "name",
                            "v": "Vodkashot28"
                          },
                          {
                            "k": "node_id",
                            "v": "U_kgDOCvGyEA"
                          },
                          {
                            "k": "organizations_url",
                            "v": "https://api.github.com/users/Vodkashot28/orgs"
                          },
                          {
                            "k": "received_events_url",
                            "v": "https://api.github.com/users/Vodkashot28/received_events"
                          },
                          {
                            "k": "repos_url",
                            "v": "https://api.github.com/users/Vodkashot28/repos"
                          },
                          {
                            "k": "site_admin",
                            "v": false
                          },
                          {
                            "k": "starred_url",
                            "v": "https://api.github.com/users/Vodkashot28/starred{/owner}{/repo}"
                          },
                          {
                            "k": "subscriptions_url",
                            "v": "https://api.github.com/users/Vodkashot28/subscriptions"
                          },
                          {
                            "k": "type",
                            "v": "User"
                          },
                          {
                            "k": "url",
                            "v": "https://api.github.com/users/Vodkashot28"
                          },
                          {
                            "k": "user_view_type",
                            "v": "public"
                          }
                        ]
                      }
                    },
                    {
                      "k": "private",
                      "v": false
                    },
                    {
                      "k": "pulls_url",
                      "v": "https://api.github.com/repos/Vodkashot28/quiet-reference-site/pulls{/number}"
                    },
                    {
                      "k": "pushed_at",
                      "v": 1759730120.0
                    },
                    {
                      "k": "releases_url",
                      "v": "https://api.github.com/repos/Vodkashot28/quiet-reference-site/releases{/id}"
                    },
                    {
                      "k": "size",
                      "v": 70595.0
                    },
                    {
                      "k": "ssh_url",
                      "v": "git@github.com:Vodkashot28/quiet-reference-site.git"
                    },
                    {
                      "k": "stargazers",
                      "v": 0.0
                    },
                    {
                      "k": "stargazers_count",
                      "v": 0.0
                    },
                    {
                      "k": "stargazers_url",
                      "v": "https://api.github.com/repos/Vodkashot28/quiet-reference-site/stargazers"
                    },
                    {
                      "k": "statuses_url",
                      "v": "https://api.github.com/repos/Vodkashot28/quiet-reference-site/statuses/{sha}"
                    },
                    {
                      "k": "subscribers_url",
                      "v": "https://api.github.com/repos/Vodkashot28/quiet-reference-site/subscribers"
                    },
                    {
                      "k": "subscription_url",
                      "v": "https://api.github.com/repos/Vodkashot28/quiet-reference-site/subscription"
                    },
                    {
                      "k": "svn_url",
                      "v": "https://github.com/Vodkashot28/quiet-reference-site"
                    },
                    {
                      "k": "tags_url",
                      "v": "https://api.github.com/repos/Vodkashot28/quiet-reference-site/tags"
                    },
                    {
                      "k": "teams_url",
                      "v": "https://api.github.com/repos/Vodkashot28/quiet-reference-site/teams"
                    },
                    {
                      "k": "topics",
                      "v": {
                        "t": 1
                      }
                    },
                    {
                      "k": "trees_url",
                      "v": "https://api.github.com/repos/Vodkashot28/quiet-reference-site/git/trees{/sha}"
                    },
                    {
                      "k": "updated_at",
                      "v": "2025-10-05T22:08:18Z"
                    },
                    {
                      "k": "url",
                      "v": "https://api.github.com/repos/Vodkashot28/quiet-reference-site"
                    },
                    {
                      "k": "visibility",
                      "v": "public"
                    },
                    {
                      "k": "watchers",
                      "v": 0.0
                    },
                    {
                      "k": "watchers_count",
                      "v": 0.0
                    },
                    {
                      "k": "web_commit_signoff_required",
                      "v": false
                    }
                  ]
                }
              },
              {
                "k": "sender",
                "v": {
                  "t": 2,
                  "d": [
                    {
                      "k": "avatar_url",
                      "v": "https://avatars.githubusercontent.com/u/183611920?v=4"
                    },
                    {
                      "k": "events_url",
                      "v": "https://api.github.com/users/Vodkashot28/events{/privacy}"
                    },
                    {
                      "k": "followers_url",
                      "v": "https://api.github.com/users/Vodkashot28/followers"
                    },
                    {
                      "k": "following_url",
                      "v": "https://api.github.com/users/Vodkashot28/following{/other_user}"
                    },
                    {
                      "k": "gists_url",
                      "v": "https://api.github.com/users/Vodkashot28/gists{/gist_id}"
                    },
                    {
                      "k": "gravatar_id",
                      "v": ""
                    },
                    {
                      "k": "html_url",
                      "v": "https://github.com/Vodkashot28"
                    },
                    {
                      "k": "id",
                      "v": 183611920.0
                    },
                    {
                      "k": "login",
                      "v": "Vodkashot28"
                    },
                    {
                      "k": "node_id",
                      "v": "U_kgDOCvGyEA"
                    },
                    {
                      "k": "organizations_url",
                      "v": "https://api.github.com/users/Vodkashot28/orgs"
                    },
                    {
                      "k": "received_events_url",
                      "v": "https://api.github.com/users/Vodkashot28/received_events"
                    },
                    {
                      "k": "repos_url",
                      "v": "https://api.github.com/users/Vodkashot28/repos"
                    },
                    {
                      "k": "site_admin",
                      "v": false
                    },
                    {
                      "k": "starred_url",
                      "v": "https://api.github.com/users/Vodkashot28/starred{/owner}{/repo}"
                    },
                    {
                      "k": "subscriptions_url",
                      "v": "https://api.github.com/users/Vodkashot28/subscriptions"
                    },
                    {
                      "k": "type",
                      "v": "User"
                    },
                    {
                      "k": "url",
                      "v": "https://api.github.com/users/Vodkashot28"
                    },
                    {
                      "k": "user_view_type",
                      "v": "public"
                    }
                  ]
                }
              }
            ]
          }
        },
        {
          "k": "workflow_ref",
          "v": "Vodkashot28/quiet-reference-site/.github/workflows/deploy-ipfs.yml@refs/heads/Master"
        },
        {
          "k": "workflow_sha",
          "v": "5eb64e47d152eea0c5826076fac185458e8d4b29"
        },
        {
          "k": "repository_id",
          "v": "1056467739"
        },
        {
          "k": "triggering_actor",
          "v": "Vodkashot28"
        }
      ]
    },
    "inputs": {
      "t": 2
    },
    "job": {
      "t": 2,
      "d": [
        {
          "k": "check_run_id",
          "v": 52015705191.0
        }
      ]
    },
    "matrix": null,
    "needs": {
      "t": 2
    },
    "strategy": {
      "t": 2,
      "d": [
        {
          "k": "fail-fast",
          "v": true
        },
        {
          "k": "job-index",
          "v": 0.0
        },
        {
          "k": "job-total",
          "v": 1.0
        },
        {
          "k": "max-parallel",
          "v": 1.0
        }
      ]
    },
    "vars": {
      "t": 2
    }
  },
  "billingOwnerId": "U_kgDOCvGyEA"
}
[2025-10-06 06:19:17Z INFO JobRunner] Job ID 6df74aad-cef0-5d30-8df0-834c9f47d44a
[2025-10-06 06:19:17Z INFO ConfigurationStore] currentAssemblyLocation: /Users/jnalair/quiet-reference-site/actions-runner/bin/Runner.Worker.dll
[2025-10-06 06:19:17Z INFO HostContext] Well known directory 'Bin': '/Users/jnalair/quiet-reference-site/actions-runner/bin'
[2025-10-06 06:19:17Z INFO ConfigurationStore] binPath: /Users/jnalair/quiet-reference-site/actions-runner/bin
[2025-10-06 06:19:17Z INFO HostContext] Well known directory 'Bin': '/Users/jnalair/quiet-reference-site/actions-runner/bin'
[2025-10-06 06:19:17Z INFO HostContext] Well known directory 'Root': '/Users/jnalair/quiet-reference-site/actions-runner'
[2025-10-06 06:19:17Z INFO ConfigurationStore] RootFolder: /Users/jnalair/quiet-reference-site/actions-runner
[2025-10-06 06:19:17Z INFO HostContext] Well known directory 'Bin': '/Users/jnalair/quiet-reference-site/actions-runner/bin'
[2025-10-06 06:19:17Z INFO HostContext] Well known directory 'Root': '/Users/jnalair/quiet-reference-site/actions-runner'
[2025-10-06 06:19:17Z INFO HostContext] Well known config file 'Runner': '/Users/jnalair/quiet-reference-site/actions-runner/.runner'
[2025-10-06 06:19:17Z INFO ConfigurationStore] ConfigFilePath: /Users/jnalair/quiet-reference-site/actions-runner/.runner
[2025-10-06 06:19:17Z INFO HostContext] Well known directory 'Bin': '/Users/jnalair/quiet-reference-site/actions-runner/bin'
[2025-10-06 06:19:17Z INFO HostContext] Well known directory 'Root': '/Users/jnalair/quiet-reference-site/actions-runner'
[2025-10-06 06:19:17Z INFO HostContext] Well known config file 'MigratedRunner': '/Users/jnalair/quiet-reference-site/actions-runner/.runner_migrated'
[2025-10-06 06:19:17Z INFO ConfigurationStore] MigratedConfigFilePath: /Users/jnalair/quiet-reference-site/actions-runner/.runner_migrated
[2025-10-06 06:19:17Z INFO HostContext] Well known directory 'Bin': '/Users/jnalair/quiet-reference-site/actions-runner/bin'
[2025-10-06 06:19:17Z INFO HostContext] Well known directory 'Root': '/Users/jnalair/quiet-reference-site/actions-runner'
[2025-10-06 06:19:17Z INFO HostContext] Well known config file 'Credentials': '/Users/jnalair/quiet-reference-site/actions-runner/.credentials'
[2025-10-06 06:19:17Z INFO ConfigurationStore] CredFilePath: /Users/jnalair/quiet-reference-site/actions-runner/.credentials
[2025-10-06 06:19:17Z INFO HostContext] Well known directory 'Bin': '/Users/jnalair/quiet-reference-site/actions-runner/bin'
[2025-10-06 06:19:17Z INFO HostContext] Well known directory 'Root': '/Users/jnalair/quiet-reference-site/actions-runner'
[2025-10-06 06:19:17Z INFO HostContext] Well known config file 'MigratedCredentials': '/Users/jnalair/quiet-reference-site/actions-runner/.credentials_migrated'
[2025-10-06 06:19:17Z INFO ConfigurationStore] MigratedCredFilePath: /Users/jnalair/quiet-reference-site/actions-runner/.credentials_migrated
[2025-10-06 06:19:17Z INFO HostContext] Well known directory 'Bin': '/Users/jnalair/quiet-reference-site/actions-runner/bin'
[2025-10-06 06:19:17Z INFO HostContext] Well known directory 'Root': '/Users/jnalair/quiet-reference-site/actions-runner'
[2025-10-06 06:19:17Z INFO HostContext] Well known config file 'Service': '/Users/jnalair/quiet-reference-site/actions-runner/.service'
[2025-10-06 06:19:17Z INFO ConfigurationStore] ServiceConfigFilePath: /Users/jnalair/quiet-reference-site/actions-runner/.service
[2025-10-06 06:19:17Z INFO ConfigurationStore] Read setting file: 394 chars
[2025-10-06 06:19:17Z INFO JobRunner] Initializing launch client
[2025-10-06 06:19:17Z INFO JobServerQueue] Initializing results client
[2025-10-06 06:19:17Z INFO ResultServer] Creating websocket client ...wss://results-receiver.actions.githubusercontent.com/_ws/ingest.sock
[2025-10-06 06:19:17Z INFO ResultServer] Attempting to start websocket client with delay 00:00:00.
[2025-10-06 06:19:17Z INFO JobServerQueue] Start process web console line queue.
[2025-10-06 06:19:17Z INFO JobServerQueue] Start process file upload queue.
[2025-10-06 06:19:17Z INFO JobServerQueue] Start results file upload queue.
[2025-10-06 06:19:17Z INFO JobServerQueue] Starting results-based upload queue...
[2025-10-06 06:19:17Z INFO JobServerQueue] Start process timeline update queue.
[2025-10-06 06:19:17Z INFO ExecutionContext] Initializing Job context
[2025-10-06 06:19:17Z INFO ExecutionContext] Initialize GitHub context
[2025-10-06 06:19:17Z INFO ExecutionContext] Initialize Env context
[2025-10-06 06:19:17Z INFO HostContext] Well known directory 'Bin': '/Users/jnalair/quiet-reference-site/actions-runner/bin'
[2025-10-06 06:19:17Z INFO HostContext] Well known directory 'Root': '/Users/jnalair/quiet-reference-site/actions-runner'
[2025-10-06 06:19:17Z INFO HostContext] Well known directory 'Diag': '/Users/jnalair/quiet-reference-site/actions-runner/_diag'
[2025-10-06 06:19:17Z INFO HostContext] Well known directory 'Bin': '/Users/jnalair/quiet-reference-site/actions-runner/bin'
[2025-10-06 06:19:17Z INFO HostContext] Well known directory 'Root': '/Users/jnalair/quiet-reference-site/actions-runner'
[2025-10-06 06:19:17Z INFO HostContext] Well known directory 'Diag': '/Users/jnalair/quiet-reference-site/actions-runner/_diag'
[2025-10-06 06:19:17Z INFO JobRunner] Starting the job execution context.
[2025-10-06 06:19:17Z INFO HostContext] Well known directory 'Bin': '/Users/jnalair/quiet-reference-site/actions-runner/bin'
[2025-10-06 06:19:17Z INFO HostContext] Well known directory 'Root': '/Users/jnalair/quiet-reference-site/actions-runner'
[2025-10-06 06:19:17Z INFO HostContext] Well known directory 'Work': '/Users/jnalair/quiet-reference-site/actions-runner/_work'
[2025-10-06 06:19:17Z INFO JobRunner] Validating directory permissions for: '/Users/jnalair/quiet-reference-site/actions-runner/_work'
[2025-10-06 06:19:17Z INFO HostContext] Well known directory 'Bin': '/Users/jnalair/quiet-reference-site/actions-runner/bin'
[2025-10-06 06:19:17Z INFO HostContext] Well known directory 'Root': '/Users/jnalair/quiet-reference-site/actions-runner'
[2025-10-06 06:19:17Z INFO HostContext] Well known directory 'Work': '/Users/jnalair/quiet-reference-site/actions-runner/_work'
[2025-10-06 06:19:17Z INFO HostContext] Well known directory 'Tools': '/Users/jnalair/quiet-reference-site/actions-runner/_work/_tool'
[2025-10-06 06:19:17Z INFO HostContext] Well known directory 'Bin': '/Users/jnalair/quiet-reference-site/actions-runner/bin'
[2025-10-06 06:19:17Z INFO HostContext] Well known directory 'Root': '/Users/jnalair/quiet-reference-site/actions-runner'
[2025-10-06 06:19:17Z INFO HostContext] Well known directory 'Work': '/Users/jnalair/quiet-reference-site/actions-runner/_work'
[2025-10-06 06:19:17Z INFO HostContext] Well known directory 'Temp': '/Users/jnalair/quiet-reference-site/actions-runner/_work/_temp'
[2025-10-06 06:19:17Z INFO JobRunner] Getting job extension.
[2025-10-06 06:19:17Z INFO JobRunner] Initialize job. Getting all job steps.
[2025-10-06 06:19:17Z INFO HostContext] Well known directory 'Bin': '/Users/jnalair/quiet-reference-site/actions-runner/bin'
[2025-10-06 06:19:17Z INFO HostContext] Well known directory 'Root': '/Users/jnalair/quiet-reference-site/actions-runner'
[2025-10-06 06:19:17Z INFO HostContext] Well known directory 'Diag': '/Users/jnalair/quiet-reference-site/actions-runner/_diag'
[2025-10-06 06:19:17Z INFO HostContext] Well known directory 'Bin': '/Users/jnalair/quiet-reference-site/actions-runner/bin'
[2025-10-06 06:19:17Z INFO HostContext] Well known directory 'Root': '/Users/jnalair/quiet-reference-site/actions-runner'
[2025-10-06 06:19:17Z INFO HostContext] Well known directory 'Diag': '/Users/jnalair/quiet-reference-site/actions-runner/_diag'
[2025-10-06 06:19:17Z INFO HostContext] Well known directory 'Bin': '/Users/jnalair/quiet-reference-site/actions-runner/bin'
[2025-10-06 06:19:17Z INFO HostContext] Well known directory 'Root': '/Users/jnalair/quiet-reference-site/actions-runner'
[2025-10-06 06:19:17Z INFO HostContext] Well known config file 'Credentials': '/Users/jnalair/quiet-reference-site/actions-runner/.credentials'
[2025-10-06 06:19:17Z INFO HostContext] Well known directory 'Bin': '/Users/jnalair/quiet-reference-site/actions-runner/bin'
[2025-10-06 06:19:17Z INFO HostContext] Well known directory 'Root': '/Users/jnalair/quiet-reference-site/actions-runner'
[2025-10-06 06:19:17Z INFO HostContext] Well known config file 'SetupInfo': '/Users/jnalair/quiet-reference-site/actions-runner/.setup_info'
[2025-10-06 06:19:17Z INFO HostContext] Well known directory 'Bin': '/Users/jnalair/quiet-reference-site/actions-runner/bin'
[2025-10-06 06:19:17Z INFO HostContext] Well known directory 'Root': '/Users/jnalair/quiet-reference-site/actions-runner'
[2025-10-06 06:19:17Z INFO HostContext] Well known directory 'Work': '/Users/jnalair/quiet-reference-site/actions-runner/_work'
[2025-10-06 06:19:17Z INFO PipelineDirectoryManager] Loading tracking config if exists: /Users/jnalair/quiet-reference-site/actions-runner/_work/_PipelineMapping/Vodkashot28/quiet-reference-site/PipelineFolder.json
[2025-10-06 06:19:17Z INFO PipelineDirectoryManager] Updating job run properties.
[2025-10-06 06:19:17Z INFO HostContext] Well known directory 'Bin': '/Users/jnalair/quiet-reference-site/actions-runner/bin'
[2025-10-06 06:19:17Z INFO HostContext] Well known directory 'Root': '/Users/jnalair/quiet-reference-site/actions-runner'
[2025-10-06 06:19:17Z INFO HostContext] Well known directory 'Work': '/Users/jnalair/quiet-reference-site/actions-runner/_work'
[2025-10-06 06:19:17Z INFO HostContext] Well known directory 'Bin': '/Users/jnalair/quiet-reference-site/actions-runner/bin'
[2025-10-06 06:19:17Z INFO HostContext] Well known directory 'Root': '/Users/jnalair/quiet-reference-site/actions-runner'
[2025-10-06 06:19:17Z INFO HostContext] Well known directory 'Work': '/Users/jnalair/quiet-reference-site/actions-runner/_work'
[2025-10-06 06:19:17Z INFO HostContext] Well known directory 'Bin': '/Users/jnalair/quiet-reference-site/actions-runner/bin'
[2025-10-06 06:19:17Z INFO HostContext] Well known directory 'Root': '/Users/jnalair/quiet-reference-site/actions-runner'
[2025-10-06 06:19:17Z INFO HostContext] Well known directory 'Work': '/Users/jnalair/quiet-reference-site/actions-runner/_work'
[2025-10-06 06:19:17Z INFO JobExtension] Downloading actions
[2025-10-06 06:19:17Z INFO HostContext] Well known directory 'Bin': '/Users/jnalair/quiet-reference-site/actions-runner/bin'
[2025-10-06 06:19:17Z INFO HostContext] Well known directory 'Root': '/Users/jnalair/quiet-reference-site/actions-runner'
[2025-10-06 06:19:17Z INFO HostContext] Well known directory 'Work': '/Users/jnalair/quiet-reference-site/actions-runner/_work'
[2025-10-06 06:19:17Z INFO HostContext] Well known directory 'Actions': '/Users/jnalair/quiet-reference-site/actions-runner/_work/_actions'
[2025-10-06 06:19:17Z INFO Worker] Listening for cancel message from the channel.
[2025-10-06 06:19:17Z INFO Worker] Waiting for the job to complete or for a cancel message from the channel.
[2025-10-06 06:19:22Z INFO ResultServer] Successfully started websocket client.
[2025-10-06 06:19:22Z INFO JobServerQueue] Try to append 1 batches web console lines for record '6df74aad-cef0-5d30-8df0-834c9f47d44a', success rate: 1/1.
[2025-10-06 06:19:22Z INFO JobServerQueue] Job timeline record has been updated for the first time.
[2025-10-06 06:19:22Z INFO JobServerQueue] Try to append 1 batches web console lines for record '8380dccb-8679-47f6-855a-2b15b98f90fc', success rate: 1/1.
[2025-10-06 06:19:22Z INFO HostContext] Well known directory 'Bin': '/Users/jnalair/quiet-reference-site/actions-runner/bin'
[2025-10-06 06:19:22Z INFO HostContext] Well known directory 'Root': '/Users/jnalair/quiet-reference-site/actions-runner'
[2025-10-06 06:19:22Z INFO HostContext] Well known directory 'Work': '/Users/jnalair/quiet-reference-site/actions-runner/_work'
[2025-10-06 06:19:22Z INFO HostContext] Well known directory 'Actions': '/Users/jnalair/quiet-reference-site/actions-runner/_work/_actions'
[2025-10-06 06:19:22Z INFO HostContext] Well known directory 'Bin': '/Users/jnalair/quiet-reference-site/actions-runner/bin'
[2025-10-06 06:19:22Z INFO HostContext] Well known directory 'Root': '/Users/jnalair/quiet-reference-site/actions-runner'
[2025-10-06 06:19:22Z INFO HostContext] Well known directory 'Work': '/Users/jnalair/quiet-reference-site/actions-runner/_work'
[2025-10-06 06:19:22Z INFO HostContext] Well known directory 'Actions': '/Users/jnalair/quiet-reference-site/actions-runner/_work/_actions'
[2025-10-06 06:19:22Z INFO ActionManager] Save archive 'https://api.github.com/repos/actions/checkout/tarball/f43a0e5ff2bd294095638e18286ca9a3d1956744' into /Users/jnalair/quiet-reference-site/actions-runner/_work/_actions/_temp_5136c0b0-170b-431f-9ec4-a8701de69821/49fb3ebb-533a-4942-bd8b-a5a30e8a721d.tar.gz.
[2025-10-06 06:19:22Z INFO JobServerQueue] Try to append 1 batches web console lines for record '8380dccb-8679-47f6-855a-2b15b98f90fc', success rate: 1/1.
[2025-10-06 06:19:24Z INFO ActionManager] Request URL: https://api.github.com/repos/actions/checkout/tarball/f43a0e5ff2bd294095638e18286ca9a3d1956744 X-GitHub-Request-Id: E021:17F32D:F0688:37F9FB:68E35F6B Http Status: OK
[2025-10-06 06:19:24Z INFO ActionManager] Which2: 'tar'
[2025-10-06 06:19:24Z INFO ActionManager] Location: '/usr/bin/tar'
[2025-10-06 06:19:24Z INFO ProcessInvokerWrapper] Starting process:
[2025-10-06 06:19:24Z INFO ProcessInvokerWrapper]   File name: '/usr/bin/tar'
[2025-10-06 06:19:24Z INFO ProcessInvokerWrapper]   Arguments: '-xzf "/Users/jnalair/quiet-reference-site/actions-runner/_work/_actions/_temp_5136c0b0-170b-431f-9ec4-a8701de69821/49fb3ebb-533a-4942-bd8b-a5a30e8a721d.tar.gz"'
[2025-10-06 06:19:24Z INFO ProcessInvokerWrapper]   Working directory: '/Users/jnalair/quiet-reference-site/actions-runner/_work/_actions/_temp_5136c0b0-170b-431f-9ec4-a8701de69821/_staging'
[2025-10-06 06:19:24Z INFO ProcessInvokerWrapper]   Require exit code zero: 'False'
[2025-10-06 06:19:24Z INFO ProcessInvokerWrapper]   Encoding web name:  ; code page: ''
[2025-10-06 06:19:24Z INFO ProcessInvokerWrapper]   Force kill process on cancellation: 'False'
[2025-10-06 06:19:24Z INFO ProcessInvokerWrapper]   Redirected STDIN: 'False'
[2025-10-06 06:19:24Z INFO ProcessInvokerWrapper]   Persist current code page: 'False'
[2025-10-06 06:19:24Z INFO ProcessInvokerWrapper]   Keep redirected STDIN open: 'False'
[2025-10-06 06:19:24Z INFO ProcessInvokerWrapper]   High priority process: 'False'
[2025-10-06 06:19:24Z INFO ProcessInvokerWrapper] Process started with process id 30621, waiting for process exit.
[2025-10-06 06:19:24Z INFO JobServerQueue] Try to append 1 batches web console lines for record '8380dccb-8679-47f6-855a-2b15b98f90fc', success rate: 1/1.
[2025-10-06 06:19:24Z INFO ProcessInvokerWrapper] STDOUT/STDERR stream read finished.
[2025-10-06 06:19:24Z INFO ProcessInvokerWrapper] STDOUT/STDERR stream read finished.
[2025-10-06 06:19:24Z INFO ProcessInvokerWrapper] Finished process 30621 with exit code 0, and elapsed time 00:00:00.0938473.
[2025-10-06 06:19:24Z INFO ActionManager] Finished getting action repository.
[2025-10-06 06:19:24Z INFO HostContext] Well known directory 'Bin': '/Users/jnalair/quiet-reference-site/actions-runner/bin'
[2025-10-06 06:19:24Z INFO HostContext] Well known directory 'Root': '/Users/jnalair/quiet-reference-site/actions-runner'
[2025-10-06 06:19:24Z INFO HostContext] Well known directory 'Work': '/Users/jnalair/quiet-reference-site/actions-runner/_work'
[2025-10-06 06:19:24Z INFO HostContext] Well known directory 'Actions': '/Users/jnalair/quiet-reference-site/actions-runner/_work/_actions'
[2025-10-06 06:19:24Z INFO ActionManifestManager] Load schema file with definitions: [
  "null",
  "boolean",
  "number",
  "string",
  "sequence",
  "mapping",
  "any",
  "action-root",
  "inputs",
  "input",
  "outputs",
  "output-definition",
  "runs",
  "container-runs",
  "container-runs-args",
  "container-runs-env",
  "node-runs",
  "plugin-runs",
  "composite-runs",
  "composite-steps",
  "composite-step",
  "run-step",
  "uses-step",
  "container-runs-context",
  "output-value",
  "input-default-context",
  "non-empty-string",
  "string-steps-context",
  "boolean-steps-context",
  "step-env",
  "step-if",
  "step-with"
]
[2025-10-06 06:19:24Z INFO HostContext] Well known directory 'Bin': '/Users/jnalair/quiet-reference-site/actions-runner/bin'
[2025-10-06 06:19:24Z INFO HostContext] Well known directory 'Root': '/Users/jnalair/quiet-reference-site/actions-runner'
[2025-10-06 06:19:24Z INFO HostContext] Well known directory 'Work': '/Users/jnalair/quiet-reference-site/actions-runner/_work'
[2025-10-06 06:19:24Z INFO HostContext] Well known directory 'Actions': '/Users/jnalair/quiet-reference-site/actions-runner/_work/_actions'
[2025-10-06 06:19:24Z INFO ActionManifestManager] Loaded action.yml file: {
  "name": "Checkout",
  "description": "Checkout a Git repository at a particular version",
  "inputs": {
    "type": 2,
    "map": [
      {
        "key": {
          "type": 0,
          "file": 2,
          "line": 4,
          "col": 3,
          "lit": "repository"
        },
        "value": {
          "type": 3,
          "file": 2,
          "line": 6,
          "col": 14,
          "expr": "github.repository"
        }
      },
      {
        "key": {
          "type": 0,
          "file": 2,
          "line": 7,
          "col": 3,
          "lit": "ref"
        },
        "value": ""
      },
      {
        "key": {
          "type": 0,
          "file": 2,
          "line": 12,
          "col": 3,
          "lit": "token"
        },
        "value": {
          "type": 3,
          "file": 2,
          "line": 24,
          "col": 14,
          "expr": "github.token"
        }
      },
      {
        "key": {
          "type": 0,
          "file": 2,
          "line": 25,
          "col": 3,
          "lit": "ssh-key"
        },
        "value": ""
      },
      {
        "key": {
          "type": 0,
          "file": 2,
          "line": 37,
          "col": 3,
          "lit": "ssh-known-hosts"
        },
        "value": ""
      },
      {
        "key": {
          "type": 0,
          "file": 2,
          "line": 42,
          "col": 3,
          "lit": "ssh-strict"
        },
        "value": {
          "type": 0,
          "file": 2,
          "line": 47,
          "col": 14,
          "lit": "true"
        }
      },
      {
        "key": {
          "type": 0,
          "file": 2,
          "line": 48,
          "col": 3,
          "lit": "persist-credentials"
        },
        "value": {
          "type": 0,
          "file": 2,
          "line": 50,
          "col": 14,
          "lit": "true"
        }
      },
      {
        "key": {
          "type": 0,
          "file": 2,
          "line": 51,
          "col": 3,
          "lit": "path"
        },
        "value": ""
      },
      {
        "key": {
          "type": 0,
          "file": 2,
          "line": 53,
          "col": 3,
          "lit": "clean"
        },
        "value": {
          "type": 0,
          "file": 2,
          "line": 55,
          "col": 14,
          "lit": "true"
        }
      },
      {
        "key": {
          "type": 0,
          "file": 2,
          "line": 56,
          "col": 3,
          "lit": "sparse-checkout"
        },
        "value": {
          "type": 0,
          "file": 2,
          "line": 60,
          "col": 14,
          "lit": ""
        }
      },
      {
        "key": {
          "type": 0,
          "file": 2,
          "line": 61,
          "col": 3,
          "lit": "sparse-checkout-cone-mode"
        },
        "value": {
          "type": 0,
          "file": 2,
          "line": 64,
          "col": 14,
          "lit": "true"
        }
      },
      {
        "key": {
          "type": 0,
          "file": 2,
          "line": 65,
          "col": 3,
          "lit": "fetch-depth"
        },
        "value": {
          "type": 0,
          "file": 2,
          "line": 67,
          "col": 14,
          "lit": "1"
        }
      },
      {
        "key": {
          "type": 0,
          "file": 2,
          "line": 68,
          "col": 3,
          "lit": "fetch-tags"
        },
        "value": {
          "type": 0,
          "file": 2,
          "line": 70,
          "col": 14,
          "lit": "false"
        }
      },
      {
        "key": {
          "type": 0,
          "file": 2,
          "line": 71,
          "col": 3,
          "lit": "lfs"
        },
        "value": {
          "type": 0,
          "file": 2,
          "line": 73,
          "col": 14,
          "lit": "false"
        }
      },
      {
        "key": {
          "type": 0,
          "file": 2,
          "line": 74,
          "col": 3,
          "lit": "submodules"
        },
        "value": {
          "type": 0,
          "file": 2,
          "line": 82,
          "col": 14,
          "lit": "false"
        }
      },
      {
        "key": {
          "type": 0,
          "file": 2,
          "line": 83,
          "col": 3,
          "lit": "set-safe-directory"
        },
        "value": {
          "type": 0,
          "file": 2,
          "line": 85,
          "col": 14,
          "lit": "true"
        }
      },
      {
        "key": {
          "type": 0,
          "file": 2,
          "line": 86,
          "col": 3,
          "lit": "github-server-url"
        },
        "value": ""
      }
    ]
  },
  "execution": {
    "executionType": "nodeJS",
    "hasPre": false,
    "hasPost": true,
    "script": "dist/index.js",
    "pre": null,
    "post": "dist/index.js",
    "nodeVersion": "node16",
    "cleanupCondition": "always()",
    "initCondition": "always()"
  },
  "deprecated": null
}
[2025-10-06 06:19:24Z INFO ActionManager] Action node.js file: dist/index.js, no more preparation.
[2025-10-06 06:19:24Z INFO HostContext] Well known directory 'Bin': '/Users/jnalair/quiet-reference-site/actions-runner/bin'
[2025-10-06 06:19:24Z INFO HostContext] Well known directory 'Root': '/Users/jnalair/quiet-reference-site/actions-runner'
[2025-10-06 06:19:24Z INFO HostContext] Well known directory 'Work': '/Users/jnalair/quiet-reference-site/actions-runner/_work'
[2025-10-06 06:19:24Z INFO HostContext] Well known directory 'Actions': '/Users/jnalair/quiet-reference-site/actions-runner/_work/_actions'
[2025-10-06 06:19:24Z INFO ActionManager] Load action that reference repository from '/Users/jnalair/quiet-reference-site/actions-runner/_work/_actions/actions/checkout/v3'
[2025-10-06 06:19:24Z INFO HostContext] Well known directory 'Bin': '/Users/jnalair/quiet-reference-site/actions-runner/bin'
[2025-10-06 06:19:24Z INFO HostContext] Well known directory 'Root': '/Users/jnalair/quiet-reference-site/actions-runner'
[2025-10-06 06:19:24Z INFO HostContext] Well known directory 'Work': '/Users/jnalair/quiet-reference-site/actions-runner/_work'
[2025-10-06 06:19:24Z INFO HostContext] Well known directory 'Actions': '/Users/jnalair/quiet-reference-site/actions-runner/_work/_actions'
[2025-10-06 06:19:24Z INFO ActionManifestManager] Loaded action.yml file: {
  "name": "Checkout",
  "description": "Checkout a Git repository at a particular version",
  "inputs": {
    "type": 2,
    "map": [
      {
        "key": {
          "type": 0,
          "file": 2,
          "line": 4,
          "col": 3,
          "lit": "repository"
        },
        "value": {
          "type": 3,
          "file": 2,
          "line": 6,
          "col": 14,
          "expr": "github.repository"
        }
      },
      {
        "key": {
          "type": 0,
          "file": 2,
          "line": 7,
          "col": 3,
          "lit": "ref"
        },
        "value": ""
      },
      {
        "key": {
          "type": 0,
          "file": 2,
          "line": 12,
          "col": 3,
          "lit": "token"
        },
        "value": {
          "type": 3,
          "file": 2,
          "line": 24,
          "col": 14,
          "expr": "github.token"
        }
      },
      {
        "key": {
          "type": 0,
          "file": 2,
          "line": 25,
          "col": 3,
          "lit": "ssh-key"
        },
        "value": ""
      },
      {
        "key": {
          "type": 0,
          "file": 2,
          "line": 37,
          "col": 3,
          "lit": "ssh-known-hosts"
        },
        "value": ""
      },
      {
        "key": {
          "type": 0,
          "file": 2,
          "line": 42,
          "col": 3,
          "lit": "ssh-strict"
        },
        "value": {
          "type": 0,
          "file": 2,
          "line": 47,
          "col": 14,
          "lit": "true"
        }
      },
      {
        "key": {
          "type": 0,
          "file": 2,
          "line": 48,
          "col": 3,
          "lit": "persist-credentials"
        },
        "value": {
          "type": 0,
          "file": 2,
          "line": 50,
          "col": 14,
          "lit": "true"
        }
      },
      {
        "key": {
          "type": 0,
          "file": 2,
          "line": 51,
          "col": 3,
          "lit": "path"
        },
        "value": ""
      },
      {
        "key": {
          "type": 0,
          "file": 2,
          "line": 53,
          "col": 3,
          "lit": "clean"
        },
        "value": {
          "type": 0,
          "file": 2,
          "line": 55,
          "col": 14,
          "lit": "true"
        }
      },
      {
        "key": {
          "type": 0,
          "file": 2,
          "line": 56,
          "col": 3,
          "lit": "sparse-checkout"
        },
        "value": {
          "type": 0,
          "file": 2,
          "line": 60,
          "col": 14,
          "lit": ""
        }
      },
      {
        "key": {
          "type": 0,
          "file": 2,
          "line": 61,
          "col": 3,
          "lit": "sparse-checkout-cone-mode"
        },
        "value": {
          "type": 0,
          "file": 2,
          "line": 64,
          "col": 14,
          "lit": "true"
        }
      },
      {
        "key": {
          "type": 0,
          "file": 2,
          "line": 65,
          "col": 3,
          "lit": "fetch-depth"
        },
        "value": {
          "type": 0,
          "file": 2,
          "line": 67,
          "col": 14,
          "lit": "1"
        }
      },
      {
        "key": {
          "type": 0,
          "file": 2,
          "line": 68,
          "col": 3,
          "lit": "fetch-tags"
        },
        "value": {
          "type": 0,
          "file": 2,
          "line": 70,
          "col": 14,
          "lit": "false"
        }
      },
      {
        "key": {
          "type": 0,
          "file": 2,
          "line": 71,
          "col": 3,
          "lit": "lfs"
        },
        "value": {
          "type": 0,
          "file": 2,
          "line": 73,
          "col": 14,
          "lit": "false"
        }
      },
      {
        "key": {
          "type": 0,
          "file": 2,
          "line": 74,
          "col": 3,
          "lit": "submodules"
        },
        "value": {
          "type": 0,
          "file": 2,
          "line": 82,
          "col": 14,
          "lit": "false"
        }
      },
      {
        "key": {
          "type": 0,
          "file": 2,
          "line": 83,
          "col": 3,
          "lit": "set-safe-directory"
        },
        "value": {
          "type": 0,
          "file": 2,
          "line": 85,
          "col": 14,
          "lit": "true"
        }
      },
      {
        "key": {
          "type": 0,
          "file": 2,
          "line": 86,
          "col": 3,
          "lit": "github-server-url"
        },
        "value": ""
      }
    ]
  },
  "execution": {
    "executionType": "nodeJS",
    "hasPre": false,
    "hasPost": true,
    "script": "dist/index.js",
    "pre": null,
    "post": "dist/index.js",
    "nodeVersion": "node16",
    "cleanupCondition": "always()",
    "initCondition": "always()"
  },
  "deprecated": null
}
[2025-10-06 06:19:24Z INFO ActionManager] Action pre node.js file: N/A.
[2025-10-06 06:19:24Z INFO ActionManager] Action node.js file: dist/index.js.
[2025-10-06 06:19:24Z INFO ActionManager] Action post node.js file: dist/index.js.
[2025-10-06 06:19:24Z INFO JobExtension] Adding .
[2025-10-06 06:19:24Z INFO JobExtension] Adding .
[2025-10-06 06:19:24Z INFO JobExtension] Adding .
[2025-10-06 06:19:24Z INFO HostContext] Well known directory 'Bin': '/Users/jnalair/quiet-reference-site/actions-runner/bin'
[2025-10-06 06:19:24Z INFO HostContext] Well known directory 'Root': '/Users/jnalair/quiet-reference-site/actions-runner'
[2025-10-06 06:19:24Z INFO HostContext] Well known directory 'Diag': '/Users/jnalair/quiet-reference-site/actions-runner/_diag'
[2025-10-06 06:19:24Z INFO HostContext] Well known directory 'Bin': '/Users/jnalair/quiet-reference-site/actions-runner/bin'
[2025-10-06 06:19:24Z INFO HostContext] Well known directory 'Root': '/Users/jnalair/quiet-reference-site/actions-runner'
[2025-10-06 06:19:24Z INFO HostContext] Well known directory 'Diag': '/Users/jnalair/quiet-reference-site/actions-runner/_diag'
[2025-10-06 06:19:24Z INFO HostContext] Well known directory 'Bin': '/Users/jnalair/quiet-reference-site/actions-runner/bin'
[2025-10-06 06:19:24Z INFO HostContext] Well known directory 'Root': '/Users/jnalair/quiet-reference-site/actions-runner'
[2025-10-06 06:19:24Z INFO HostContext] Well known directory 'Diag': '/Users/jnalair/quiet-reference-site/actions-runner/_diag'
[2025-10-06 06:19:24Z INFO HostContext] Well known directory 'Bin': '/Users/jnalair/quiet-reference-site/actions-runner/bin'
[2025-10-06 06:19:24Z INFO HostContext] Well known directory 'Root': '/Users/jnalair/quiet-reference-site/actions-runner'
[2025-10-06 06:19:24Z INFO HostContext] Well known directory 'Diag': '/Users/jnalair/quiet-reference-site/actions-runner/_diag'
[2025-10-06 06:19:24Z INFO HostContext] Well known directory 'Bin': '/Users/jnalair/quiet-reference-site/actions-runner/bin'
[2025-10-06 06:19:24Z INFO HostContext] Well known directory 'Root': '/Users/jnalair/quiet-reference-site/actions-runner'
[2025-10-06 06:19:24Z INFO HostContext] Well known directory 'Diag': '/Users/jnalair/quiet-reference-site/actions-runner/_diag'
[2025-10-06 06:19:24Z INFO HostContext] Well known directory 'Bin': '/Users/jnalair/quiet-reference-site/actions-runner/bin'
[2025-10-06 06:19:24Z INFO HostContext] Well known directory 'Root': '/Users/jnalair/quiet-reference-site/actions-runner'
[2025-10-06 06:19:24Z INFO HostContext] Well known directory 'Diag': '/Users/jnalair/quiet-reference-site/actions-runner/_diag'
[2025-10-06 06:19:24Z INFO JobExtension] Total accessible running process: 264.
[2025-10-06 06:19:24Z INFO HostContext] Well known directory 'Bin': '/Users/jnalair/quiet-reference-site/actions-runner/bin'
[2025-10-06 06:19:24Z INFO HostContext] Well known directory 'Root': '/Users/jnalair/quiet-reference-site/actions-runner'
[2025-10-06 06:19:24Z INFO HostContext] Well known directory 'Work': '/Users/jnalair/quiet-reference-site/actions-runner/_work'
[2025-10-06 06:19:24Z INFO JobExtension] Start checking service connectivity in background.
[2025-10-06 06:19:24Z INFO ExecutionContext] Publish step telemetry for current step {
  "action": "setup_job",
  "type": "runner",
  "stage": "Pre",
  "stepId": "8380dccb-8679-47f6-855a-2b15b98f90fc",
  "result": "succeeded",
  "errorMessages": [],
  "executionTimeInSeconds": 8,
  "startTime": "2025-10-06T06:19:17.437382Z",
  "finishTime": "2025-10-06T06:19:24.629275Z"
}.
[2025-10-06 06:19:24Z INFO JobRunner] Total job steps: 3.
[2025-10-06 06:19:24Z INFO JobRunner] Run all job steps.
[2025-10-06 06:19:24Z INFO StepsRunner] Processing step: DisplayName='Checkout repo'
[2025-10-06 06:19:24Z INFO StepsRunner] Evaluating: success()
[2025-10-06 06:19:24Z INFO JobServerQueue] Try to append 1 batches web console lines for record '8380dccb-8679-47f6-855a-2b15b98f90fc', success rate: 1/1.
[2025-10-06 06:19:24Z INFO JobServerQueue] Try to append 1 batches web console lines for record 'b61927aa-1453-4a7e-973b-9797b0e67f0c', success rate: 1/1.
[2025-10-06 06:19:24Z INFO StepsRunner] Result: true
[2025-10-06 06:19:24Z INFO StepsRunner] Starting the step.
[2025-10-06 06:19:24Z INFO HostContext] Well known directory 'Bin': '/Users/jnalair/quiet-reference-site/actions-runner/bin'
[2025-10-06 06:19:24Z INFO HostContext] Well known directory 'Root': '/Users/jnalair/quiet-reference-site/actions-runner'
[2025-10-06 06:19:24Z INFO HostContext] Well known directory 'Work': '/Users/jnalair/quiet-reference-site/actions-runner/_work'
[2025-10-06 06:19:24Z INFO HostContext] Well known directory 'Actions': '/Users/jnalair/quiet-reference-site/actions-runner/_work/_actions'
[2025-10-06 06:19:24Z INFO ActionManager] Load action that reference repository from '/Users/jnalair/quiet-reference-site/actions-runner/_work/_actions/actions/checkout/v3'
[2025-10-06 06:19:24Z INFO HostContext] Well known directory 'Bin': '/Users/jnalair/quiet-reference-site/actions-runner/bin'
[2025-10-06 06:19:24Z INFO HostContext] Well known directory 'Root': '/Users/jnalair/quiet-reference-site/actions-runner'
[2025-10-06 06:19:24Z INFO HostContext] Well known directory 'Work': '/Users/jnalair/quiet-reference-site/actions-runner/_work'
[2025-10-06 06:19:24Z INFO HostContext] Well known directory 'Actions': '/Users/jnalair/quiet-reference-site/actions-runner/_work/_actions'
[2025-10-06 06:19:24Z INFO ActionManifestManager] Loaded action.yml file: {
  "name": "Checkout",
  "description": "Checkout a Git repository at a particular version",
  "inputs": {
    "type": 2,
    "map": [
      {
        "key": {
          "type": 0,
          "file": 2,
          "line": 4,
          "col": 3,
          "lit": "repository"
        },
        "value": {
          "type": 3,
          "file": 2,
          "line": 6,
          "col": 14,
          "expr": "github.repository"
        }
      },
      {
        "key": {
          "type": 0,
          "file": 2,
          "line": 7,
          "col": 3,
          "lit": "ref"
        },
        "value": ""
      },
      {
        "key": {
          "type": 0,
          "file": 2,
          "line": 12,
          "col": 3,
          "lit": "token"
        },
        "value": {
          "type": 3,
          "file": 2,
          "line": 24,
          "col": 14,
          "expr": "github.token"
        }
      },
      {
        "key": {
          "type": 0,
          "file": 2,
          "line": 25,
          "col": 3,
          "lit": "ssh-key"
        },
        "value": ""
      },
      {
        "key": {
          "type": 0,
          "file": 2,
          "line": 37,
          "col": 3,
          "lit": "ssh-known-hosts"
        },
        "value": ""
      },
      {
        "key": {
          "type": 0,
          "file": 2,
          "line": 42,
          "col": 3,
          "lit": "ssh-strict"
        },
        "value": {
          "type": 0,
          "file": 2,
          "line": 47,
          "col": 14,
          "lit": "true"
        }
      },
      {
        "key": {
          "type": 0,
          "file": 2,
          "line": 48,
          "col": 3,
          "lit": "persist-credentials"
        },
        "value": {
          "type": 0,
          "file": 2,
          "line": 50,
          "col": 14,
          "lit": "true"
        }
      },
      {
        "key": {
          "type": 0,
          "file": 2,
          "line": 51,
          "col": 3,
          "lit": "path"
        },
        "value": ""
      },
      {
        "key": {
          "type": 0,
          "file": 2,
          "line": 53,
          "col": 3,
          "lit": "clean"
        },
        "value": {
          "type": 0,
          "file": 2,
          "line": 55,
          "col": 14,
          "lit": "true"
        }
      },
      {
        "key": {
          "type": 0,
          "file": 2,
          "line": 56,
          "col": 3,
          "lit": "sparse-checkout"
        },
        "value": {
          "type": 0,
          "file": 2,
          "line": 60,
          "col": 14,
          "lit": ""
        }
      },
      {
        "key": {
          "type": 0,
          "file": 2,
          "line": 61,
          "col": 3,
          "lit": "sparse-checkout-cone-mode"
        },
        "value": {
          "type": 0,
          "file": 2,
          "line": 64,
          "col": 14,
          "lit": "true"
        }
      },
      {
        "key": {
          "type": 0,
          "file": 2,
          "line": 65,
          "col": 3,
          "lit": "fetch-depth"
        },
        "value": {
          "type": 0,
          "file": 2,
          "line": 67,
          "col": 14,
          "lit": "1"
        }
      },
      {
        "key": {
          "type": 0,
          "file": 2,
          "line": 68,
          "col": 3,
          "lit": "fetch-tags"
        },
        "value": {
          "type": 0,
          "file": 2,
          "line": 70,
          "col": 14,
          "lit": "false"
        }
      },
      {
        "key": {
          "type": 0,
          "file": 2,
          "line": 71,
          "col": 3,
          "lit": "lfs"
        },
        "value": {
          "type": 0,
          "file": 2,
          "line": 73,
          "col": 14,
          "lit": "false"
        }
      },
      {
        "key": {
          "type": 0,
          "file": 2,
          "line": 74,
          "col": 3,
          "lit": "submodules"
        },
        "value": {
          "type": 0,
          "file": 2,
          "line": 82,
          "col": 14,
          "lit": "false"
        }
      },
      {
        "key": {
          "type": 0,
          "file": 2,
          "line": 83,
          "col": 3,
          "lit": "set-safe-directory"
        },
        "value": {
          "type": 0,
          "file": 2,
          "line": 85,
          "col": 14,
          "lit": "true"
        }
      },
      {
        "key": {
          "type": 0,
          "file": 2,
          "line": 86,
          "col": 3,
          "lit": "github-server-url"
        },
        "value": ""
      }
    ]
  },
  "execution": {
    "executionType": "nodeJS",
    "hasPre": false,
    "hasPost": true,
    "script": "dist/index.js",
    "pre": null,
    "post": "dist/index.js",
    "nodeVersion": "node16",
    "cleanupCondition": "always()",
    "initCondition": "always()"
  },
  "deprecated": null
}
[2025-10-06 06:19:24Z INFO ActionManager] Action pre node.js file: N/A.
[2025-10-06 06:19:24Z INFO ActionManager] Action node.js file: dist/index.js.
[2025-10-06 06:19:24Z INFO ActionManager] Action post node.js file: dist/index.js.
[2025-10-06 06:19:24Z INFO ExecutionContext] Reserve record order 5 to 8 for post job actions.
[2025-10-06 06:19:24Z INFO HostContext] Well known directory 'Bin': '/Users/jnalair/quiet-reference-site/actions-runner/bin'
[2025-10-06 06:19:24Z INFO HostContext] Well known directory 'Root': '/Users/jnalair/quiet-reference-site/actions-runner'
[2025-10-06 06:19:24Z INFO HostContext] Well known directory 'Diag': '/Users/jnalair/quiet-reference-site/actions-runner/_diag'
[2025-10-06 06:19:24Z INFO HostContext] Well known directory 'Bin': '/Users/jnalair/quiet-reference-site/actions-runner/bin'
[2025-10-06 06:19:24Z INFO HostContext] Well known directory 'Root': '/Users/jnalair/quiet-reference-site/actions-runner'
[2025-10-06 06:19:24Z INFO HostContext] Well known directory 'Diag': '/Users/jnalair/quiet-reference-site/actions-runner/_diag'
[2025-10-06 06:19:24Z INFO HostContext] Well known directory 'Bin': '/Users/jnalair/quiet-reference-site/actions-runner/bin'
[2025-10-06 06:19:24Z INFO HostContext] Well known directory 'Root': '/Users/jnalair/quiet-reference-site/actions-runner'
[2025-10-06 06:19:24Z INFO HostContext] Well known directory 'Work': '/Users/jnalair/quiet-reference-site/actions-runner/_work'
[2025-10-06 06:19:24Z INFO HostContext] Well known directory 'Temp': '/Users/jnalair/quiet-reference-site/actions-runner/_work/_temp'
[2025-10-06 06:19:24Z INFO ExecutionContext] Write event payload to /Users/jnalair/quiet-reference-site/actions-runner/_work/_temp/_github_workflow/event.json
[2025-10-06 06:19:24Z INFO HostContext] Well known directory 'Bin': '/Users/jnalair/quiet-reference-site/actions-runner/bin'
[2025-10-06 06:19:24Z INFO HostContext] Well known directory 'Root': '/Users/jnalair/quiet-reference-site/actions-runner'
[2025-10-06 06:19:24Z INFO HostContext] Well known directory 'Work': '/Users/jnalair/quiet-reference-site/actions-runner/_work'
[2025-10-06 06:19:24Z INFO HostContext] Well known directory 'Temp': '/Users/jnalair/quiet-reference-site/actions-runner/_work/_temp'
[2025-10-06 06:19:24Z INFO ExtensionManager] Getting extensions for interface: 'GitHub.Runner.Worker.IFileCommandExtension'
[2025-10-06 06:19:24Z INFO ExtensionManager] Creating instance: GitHub.Runner.Worker.AddPathFileCommand, Runner.Worker
[2025-10-06 06:19:24Z INFO ExtensionManager] Creating instance: GitHub.Runner.Worker.SetEnvFileCommand, Runner.Worker
[2025-10-06 06:19:24Z INFO ExtensionManager] Creating instance: GitHub.Runner.Worker.CreateStepSummaryCommand, Runner.Worker
[2025-10-06 06:19:24Z INFO ExtensionManager] Creating instance: GitHub.Runner.Worker.SaveStateFileCommand, Runner.Worker
[2025-10-06 06:19:24Z INFO ExtensionManager] Creating instance: GitHub.Runner.Worker.SetOutputFileCommand, Runner.Worker
[2025-10-06 06:19:24Z INFO ActionManifestManager] Input 'repository': default value evaluate result: {
  "type": 0,
  "file": 2,
  "line": 6,
  "col": 14,
  "lit": "Vodkashot28/quiet-reference-site"
}
[2025-10-06 06:19:24Z INFO ActionManifestManager] Input 'ref': default value evaluate result: ""
[2025-10-06 06:19:24Z INFO ActionManifestManager] Input 'token': default value evaluate result: {
  "type": 0,
  "file": 2,
  "line": 24,
  "col": 14,
  "lit": "***"
}
[2025-10-06 06:19:24Z INFO ActionManifestManager] Input 'ssh-key': default value evaluate result: ""
[2025-10-06 06:19:24Z INFO ActionManifestManager] Input 'ssh-known-hosts': default value evaluate result: ""
[2025-10-06 06:19:24Z INFO ActionManifestManager] Input 'ssh-strict': default value evaluate result: {
  "type": 0,
  "file": 2,
  "line": 47,
  "col": 14,
  "lit": "true"
}
[2025-10-06 06:19:24Z INFO ActionManifestManager] Input 'persist-credentials': default value evaluate result: {
  "type": 0,
  "file": 2,
  "line": 50,
  "col": 14,
  "lit": "true"
}
[2025-10-06 06:19:24Z INFO ActionManifestManager] Input 'path': default value evaluate result: ""
[2025-10-06 06:19:24Z INFO ActionManifestManager] Input 'clean': default value evaluate result: {
  "type": 0,
  "file": 2,
  "line": 55,
  "col": 14,
  "lit": "true"
}
[2025-10-06 06:19:24Z INFO ActionManifestManager] Input 'sparse-checkout': default value evaluate result: {
  "type": 0,
  "file": 2,
  "line": 60,
  "col": 14,
  "lit": ""
}
[2025-10-06 06:19:24Z INFO ActionManifestManager] Input 'sparse-checkout-cone-mode': default value evaluate result: {
  "type": 0,
  "file": 2,
  "line": 64,
  "col": 14,
  "lit": "true"
}
[2025-10-06 06:19:24Z INFO ActionManifestManager] Input 'fetch-depth': default value evaluate result: {
  "type": 0,
  "file": 2,
  "line": 67,
  "col": 14,
  "lit": "1"
}
[2025-10-06 06:19:24Z INFO ActionManifestManager] Input 'fetch-tags': default value evaluate result: {
  "type": 0,
  "file": 2,
  "line": 70,
  "col": 14,
  "lit": "false"
}
[2025-10-06 06:19:24Z INFO ActionManifestManager] Input 'lfs': default value evaluate result: {
  "type": 0,
  "file": 2,
  "line": 73,
  "col": 14,
  "lit": "false"
}
[2025-10-06 06:19:24Z INFO ActionManifestManager] Input 'submodules': default value evaluate result: {
  "type": 0,
  "file": 2,
  "line": 82,
  "col": 14,
  "lit": "false"
}
[2025-10-06 06:19:24Z INFO ActionManifestManager] Input 'set-safe-directory': default value evaluate result: {
  "type": 0,
  "file": 2,
  "line": 85,
  "col": 14,
  "lit": "true"
}
[2025-10-06 06:19:24Z INFO ActionManifestManager] Input 'github-server-url': default value evaluate result: ""
[2025-10-06 06:19:24Z INFO ExtensionManager] Getting extensions for interface: 'GitHub.Runner.Worker.IActionCommandExtension'
[2025-10-06 06:19:24Z INFO ExtensionManager] Creating instance: GitHub.Runner.Worker.InternalPluginSetRepoPathCommandExtension, Runner.Worker
[2025-10-06 06:19:24Z INFO ExtensionManager] Creating instance: GitHub.Runner.Worker.SetEnvCommandExtension, Runner.Worker
[2025-10-06 06:19:24Z INFO ExtensionManager] Creating instance: GitHub.Runner.Worker.SetOutputCommandExtension, Runner.Worker
[2025-10-06 06:19:24Z INFO ExtensionManager] Creating instance: GitHub.Runner.Worker.SaveStateCommandExtension, Runner.Worker
[2025-10-06 06:19:24Z INFO ExtensionManager] Creating instance: GitHub.Runner.Worker.AddPathCommandExtension, Runner.Worker
[2025-10-06 06:19:24Z INFO ExtensionManager] Creating instance: GitHub.Runner.Worker.AddMaskCommandExtension, Runner.Worker
[2025-10-06 06:19:24Z INFO ExtensionManager] Creating instance: GitHub.Runner.Worker.AddMatcherCommandExtension, Runner.Worker
[2025-10-06 06:19:24Z INFO ExtensionManager] Creating instance: GitHub.Runner.Worker.RemoveMatcherCommandExtension, Runner.Worker
[2025-10-06 06:19:24Z INFO ExtensionManager] Creating instance: GitHub.Runner.Worker.WarningCommandExtension, Runner.Worker
[2025-10-06 06:19:24Z INFO ExtensionManager] Creating instance: GitHub.Runner.Worker.ErrorCommandExtension, Runner.Worker
[2025-10-06 06:19:24Z INFO ExtensionManager] Creating instance: GitHub.Runner.Worker.NoticeCommandExtension, Runner.Worker
[2025-10-06 06:19:24Z INFO ExtensionManager] Creating instance: GitHub.Runner.Worker.DebugCommandExtension, Runner.Worker
[2025-10-06 06:19:24Z INFO ExtensionManager] Creating instance: GitHub.Runner.Worker.GroupCommandExtension, Runner.Worker
[2025-10-06 06:19:24Z INFO ExtensionManager] Creating instance: GitHub.Runner.Worker.EndGroupCommandExtension, Runner.Worker
[2025-10-06 06:19:24Z INFO ExtensionManager] Creating instance: GitHub.Runner.Worker.EchoCommandExtension, Runner.Worker
[2025-10-06 06:19:24Z INFO ActionCommandManager] Register action command extension for command internal-set-repo-path
[2025-10-06 06:19:24Z INFO ActionCommandManager] Register action command extension for command set-env
[2025-10-06 06:19:24Z INFO ActionCommandManager] Register action command extension for command set-output
[2025-10-06 06:19:24Z INFO ActionCommandManager] Register action command extension for command save-state
[2025-10-06 06:19:24Z INFO ActionCommandManager] Register action command extension for command add-path
[2025-10-06 06:19:24Z INFO ActionCommandManager] Register action command extension for command add-mask
[2025-10-06 06:19:24Z INFO ActionCommandManager] Register action command extension for command add-matcher
[2025-10-06 06:19:24Z INFO ActionCommandManager] Register action command extension for command remove-matcher
[2025-10-06 06:19:24Z INFO ActionCommandManager] Register action command extension for command warning
[2025-10-06 06:19:24Z INFO ActionCommandManager] Register action command extension for command error
[2025-10-06 06:19:24Z INFO ActionCommandManager] Register action command extension for command notice
[2025-10-06 06:19:24Z INFO ActionCommandManager] Register action command extension for command debug
[2025-10-06 06:19:24Z INFO ActionCommandManager] Register action command extension for command group
[2025-10-06 06:19:24Z INFO ActionCommandManager] Register action command extension for command endgroup
[2025-10-06 06:19:24Z INFO ActionCommandManager] Register action command extension for command echo
[2025-10-06 06:19:24Z INFO HostContext] Well known directory 'Bin': '/Users/jnalair/quiet-reference-site/actions-runner/bin'
[2025-10-06 06:19:24Z INFO HostContext] Well known directory 'Root': '/Users/jnalair/quiet-reference-site/actions-runner'
[2025-10-06 06:19:24Z INFO HostContext] Well known directory 'Externals': '/Users/jnalair/quiet-reference-site/actions-runner/externals'
[2025-10-06 06:19:24Z INFO ProcessInvokerWrapper] Starting process:
[2025-10-06 06:19:24Z INFO ProcessInvokerWrapper]   File name: '/Users/jnalair/quiet-reference-site/actions-runner/externals/node20/bin/node'
[2025-10-06 06:19:24Z INFO ProcessInvokerWrapper]   Arguments: '"/Users/jnalair/quiet-reference-site/actions-runner/_work/_actions/actions/checkout/v3/dist/index.js"'
[2025-10-06 06:19:24Z INFO ProcessInvokerWrapper]   Working directory: '/Users/jnalair/quiet-reference-site/actions-runner/_work/quiet-reference-site/quiet-reference-site'
[2025-10-06 06:19:24Z INFO ProcessInvokerWrapper]   Require exit code zero: 'False'
[2025-10-06 06:19:24Z INFO ProcessInvokerWrapper]   Encoding web name:  ; code page: ''
[2025-10-06 06:19:24Z INFO ProcessInvokerWrapper]   Force kill process on cancellation: 'False'
[2025-10-06 06:19:24Z INFO ProcessInvokerWrapper]   Redirected STDIN: 'False'
[2025-10-06 06:19:24Z INFO ProcessInvokerWrapper]   Persist current code page: 'False'
[2025-10-06 06:19:24Z INFO ProcessInvokerWrapper]   Keep redirected STDIN open: 'False'
[2025-10-06 06:19:24Z INFO ProcessInvokerWrapper]   High priority process: 'False'
[2025-10-06 06:19:24Z INFO ProcessInvokerWrapper] Process started with process id 30628, waiting for process exit.
[2025-10-06 06:19:24Z INFO JobServerQueue] Try to append 1 batches web console lines for record 'b61927aa-1453-4a7e-973b-9797b0e67f0c', success rate: 1/1.
[2025-10-06 06:19:25Z INFO JobServerQueue] Try to append 1 batches web console lines for record 'b61927aa-1453-4a7e-973b-9797b0e67f0c', success rate: 1/1.
[2025-10-06 06:19:25Z INFO AddMaskCommandExtension] Add new secret mask with length of 76
[2025-10-06 06:19:25Z INFO JobServerQueue] Got a step log file to send to results service.
[2025-10-06 06:19:25Z INFO JobServerQueue] Starting upload of step log file to results service ResultsLog, /Users/jnalair/quiet-reference-site/actions-runner/_diag/blocks/890e4f73-3e16-40f1-bdbe-33b8eb0f07e9_8380dccb-8679-47f6-855a-2b15b98f90fc.1
[2025-10-06 06:19:25Z INFO JobServerQueue] Try to upload 1 log files or attachments, success rate: 1/1.
[2025-10-06 06:19:25Z INFO JobServerQueue] Try to append 1 batches web console lines for record 'b61927aa-1453-4a7e-973b-9797b0e67f0c', success rate: 1/1.
[2025-10-06 06:19:25Z INFO JobServerQueue] Try to append 1 batches web console lines for record 'b61927aa-1453-4a7e-973b-9797b0e67f0c', success rate: 1/1.
[2025-10-06 06:19:25Z INFO JobServerQueue] Try to append 1 batches web console lines for record 'b61927aa-1453-4a7e-973b-9797b0e67f0c', success rate: 1/1.
[2025-10-06 06:19:26Z INFO JobServerQueue] Try to append 1 batches web console lines for record 'b61927aa-1453-4a7e-973b-9797b0e67f0c', success rate: 1/1.
[2025-10-06 06:19:26Z INFO JobServerQueue] Try to append 1 batches web console lines for record 'b61927aa-1453-4a7e-973b-9797b0e67f0c', success rate: 1/1.
[2025-10-06 06:19:26Z INFO JobServerQueue] Try to append 1 batches web console lines for record 'b61927aa-1453-4a7e-973b-9797b0e67f0c', success rate: 1/1.
[2025-10-06 06:19:27Z INFO JobServerQueue] Try to append 1 batches web console lines for record 'b61927aa-1453-4a7e-973b-9797b0e67f0c', success rate: 1/1.
[2025-10-06 06:19:27Z INFO JobServerQueue] Try to append 1 batches web console lines for record 'b61927aa-1453-4a7e-973b-9797b0e67f0c', success rate: 1/1.
[2025-10-06 06:19:28Z INFO JobServerQueue] Try to append 1 batches web console lines for record 'b61927aa-1453-4a7e-973b-9797b0e67f0c', success rate: 1/1.
[2025-10-06 06:19:28Z INFO JobServerQueue] Try to append 1 batches web console lines for record 'b61927aa-1453-4a7e-973b-9797b0e67f0c', success rate: 1/1.
[2025-10-06 06:19:30Z INFO JobServerQueue] Try to append 1 batches web console lines for record 'b61927aa-1453-4a7e-973b-9797b0e67f0c', success rate: 1/1.
[2025-10-06 06:19:30Z INFO ProcessInvokerWrapper] STDOUT/STDERR stream read finished.
[2025-10-06 06:19:30Z INFO ProcessInvokerWrapper] STDOUT/STDERR stream read finished.
[2025-10-06 06:19:30Z INFO ProcessInvokerWrapper] Finished process 30628 with exit code 0, and elapsed time 00:00:05.6239795.
[2025-10-06 06:19:30Z INFO CreateStepSummaryCommand] Step Summary file (/Users/jnalair/quiet-reference-site/actions-runner/_work/_temp/_runner_file_commands/step_summary_a3777566-944a-49e4-b6b8-4350c043e0b1) is empty; skipping attachment upload
[2025-10-06 06:19:30Z INFO StepsRunner] Step result: 
[2025-10-06 06:19:30Z INFO ExecutionContext] Publish step telemetry for current step {
  "action": "actions/checkout",
  "ref": "v3",
  "type": "node20",
  "stage": "Main",
  "stepId": "b61927aa-1453-4a7e-973b-9797b0e67f0c",
  "stepContextName": "__actions_checkout",
  "hasPreStep": false,
  "hasPostStep": true,
  "result": "succeeded",
  "errorMessages": [],
  "executionTimeInSeconds": 6,
  "startTime": "2025-10-06T06:19:24.65036Z",
  "finishTime": "2025-10-06T06:19:30.374138Z"
}.
[2025-10-06 06:19:30Z INFO StepsRunner] No need for updating job result with current step result 'Succeeded'.
[2025-10-06 06:19:30Z INFO StepsRunner] Current state: job state = ''
[2025-10-06 06:19:30Z INFO StepsRunner] Processing step: DisplayName='Install Hugo'
[2025-10-06 06:19:30Z INFO StepsRunner] Evaluating: success()
[2025-10-06 06:19:30Z INFO StepsRunner] Result: true
[2025-10-06 06:19:30Z INFO StepsRunner] Starting the step.
[2025-10-06 06:19:30Z INFO HostContext] Well known directory 'Bin': '/Users/jnalair/quiet-reference-site/actions-runner/bin'
[2025-10-06 06:19:30Z INFO HostContext] Well known directory 'Root': '/Users/jnalair/quiet-reference-site/actions-runner'
[2025-10-06 06:19:30Z INFO HostContext] Well known directory 'Work': '/Users/jnalair/quiet-reference-site/actions-runner/_work'
[2025-10-06 06:19:30Z INFO HostContext] Well known directory 'Temp': '/Users/jnalair/quiet-reference-site/actions-runner/_work/_temp'
[2025-10-06 06:19:30Z INFO ExecutionContext] Write event payload to /Users/jnalair/quiet-reference-site/actions-runner/_work/_temp/_github_workflow/event.json
[2025-10-06 06:19:30Z INFO HostContext] Well known directory 'Bin': '/Users/jnalair/quiet-reference-site/actions-runner/bin'
[2025-10-06 06:19:30Z INFO HostContext] Well known directory 'Root': '/Users/jnalair/quiet-reference-site/actions-runner'
[2025-10-06 06:19:30Z INFO HostContext] Well known directory 'Work': '/Users/jnalair/quiet-reference-site/actions-runner/_work'
[2025-10-06 06:19:30Z INFO HostContext] Well known directory 'Temp': '/Users/jnalair/quiet-reference-site/actions-runner/_work/_temp'
[2025-10-06 06:19:30Z INFO ExtensionManager] Getting extensions for interface: 'GitHub.Runner.Worker.IFileCommandExtension'
[2025-10-06 06:19:30Z INFO ExtensionManager] Getting extensions for interface: 'GitHub.Runner.Worker.IActionCommandExtension'
[2025-10-06 06:19:30Z INFO ActionCommandManager] Register action command extension for command internal-set-repo-path
[2025-10-06 06:19:30Z INFO ActionCommandManager] Register action command extension for command set-env
[2025-10-06 06:19:30Z INFO ActionCommandManager] Register action command extension for command set-output
[2025-10-06 06:19:30Z INFO ActionCommandManager] Register action command extension for command save-state
[2025-10-06 06:19:30Z INFO ActionCommandManager] Register action command extension for command add-path
[2025-10-06 06:19:30Z INFO ActionCommandManager] Register action command extension for command add-mask
[2025-10-06 06:19:30Z INFO ActionCommandManager] Register action command extension for command add-matcher
[2025-10-06 06:19:30Z INFO ActionCommandManager] Register action command extension for command remove-matcher
[2025-10-06 06:19:30Z INFO ActionCommandManager] Register action command extension for command warning
[2025-10-06 06:19:30Z INFO ActionCommandManager] Register action command extension for command error
[2025-10-06 06:19:30Z INFO ActionCommandManager] Register action command extension for command notice
[2025-10-06 06:19:30Z INFO ActionCommandManager] Register action command extension for command debug
[2025-10-06 06:19:30Z INFO ActionCommandManager] Register action command extension for command group
[2025-10-06 06:19:30Z INFO ActionCommandManager] Register action command extension for command endgroup
[2025-10-06 06:19:30Z INFO ActionCommandManager] Register action command extension for command echo
[2025-10-06 06:19:30Z INFO ScriptHandler] Which2: 'bash'
[2025-10-06 06:19:30Z INFO ScriptHandler] Location: '/bin/bash'
[2025-10-06 06:19:30Z INFO HostContext] Well known directory 'Bin': '/Users/jnalair/quiet-reference-site/actions-runner/bin'
[2025-10-06 06:19:30Z INFO HostContext] Well known directory 'Root': '/Users/jnalair/quiet-reference-site/actions-runner'
[2025-10-06 06:19:30Z INFO HostContext] Well known directory 'Work': '/Users/jnalair/quiet-reference-site/actions-runner/_work'
[2025-10-06 06:19:30Z INFO HostContext] Well known directory 'Temp': '/Users/jnalair/quiet-reference-site/actions-runner/_work/_temp'
[2025-10-06 06:19:30Z INFO ScriptHandler] Which2: 'bash'
[2025-10-06 06:19:30Z INFO ScriptHandler] Location: '/bin/bash'
[2025-10-06 06:19:30Z INFO ProcessInvokerWrapper] Starting process:
[2025-10-06 06:19:30Z INFO ProcessInvokerWrapper]   File name: '/bin/bash'
[2025-10-06 06:19:30Z INFO ProcessInvokerWrapper]   Arguments: '-e /Users/jnalair/quiet-reference-site/actions-runner/_work/_temp/30692fa5-90f9-445e-9c05-ae759f377a09.sh'
[2025-10-06 06:19:30Z INFO ProcessInvokerWrapper]   Working directory: '/Users/jnalair/quiet-reference-site/actions-runner/_work/quiet-reference-site/quiet-reference-site'
[2025-10-06 06:19:30Z INFO ProcessInvokerWrapper]   Require exit code zero: 'False'
[2025-10-06 06:19:30Z INFO ProcessInvokerWrapper]   Encoding web name:  ; code page: ''
[2025-10-06 06:19:30Z INFO ProcessInvokerWrapper]   Force kill process on cancellation: 'False'
[2025-10-06 06:19:30Z INFO ProcessInvokerWrapper]   Redirected STDIN: 'False'
[2025-10-06 06:19:30Z INFO ProcessInvokerWrapper]   Persist current code page: 'False'
[2025-10-06 06:19:30Z INFO ProcessInvokerWrapper]   Keep redirected STDIN open: 'False'
[2025-10-06 06:19:30Z INFO ProcessInvokerWrapper]   High priority process: 'False'
[2025-10-06 06:19:30Z INFO ProcessInvokerWrapper] Process started with process id 30760, waiting for process exit.
[2025-10-06 06:19:30Z INFO JobServerQueue] Try to append 1 batches web console lines for record 'b61927aa-1453-4a7e-973b-9797b0e67f0c', success rate: 1/1.
[2025-10-06 06:19:30Z INFO JobServerQueue] Try to append 1 batches web console lines for record '25a6d637-9626-46b3-975c-829e293ef2f8', success rate: 1/1.
[2025-10-06 06:19:30Z INFO JobServerQueue] Tried to upload 1 file(s) to results, success rate: 1/1.
[2025-10-06 06:19:31Z INFO ProcessInvokerWrapper] STDOUT/STDERR stream read finished.
[2025-10-06 06:19:31Z INFO ProcessInvokerWrapper] STDOUT/STDERR stream read finished.
[2025-10-06 06:19:31Z INFO ProcessInvokerWrapper] Finished process 30760 with exit code 1, and elapsed time 00:00:00.6177377.
[2025-10-06 06:19:31Z INFO CreateStepSummaryCommand] Step Summary file (/Users/jnalair/quiet-reference-site/actions-runner/_work/_temp/_runner_file_commands/step_summary_bb428b3c-4dc0-4465-b64a-974ee9da415a) is empty; skipping attachment upload
[2025-10-06 06:19:31Z INFO StepsRunner] Step result: Failed
[2025-10-06 06:19:31Z INFO ExecutionContext] Publish step telemetry for current step {
  "action": "sh",
  "type": "run",
  "stage": "Main",
  "stepId": "25a6d637-9626-46b3-975c-829e293ef2f8",
  "stepContextName": "__run",
  "result": "failed",
  "errorMessages": [
    "Process completed with exit code 1."
  ],
  "executionTimeInSeconds": 1,
  "startTime": "2025-10-06T06:19:30.378287Z",
  "finishTime": "2025-10-06T06:19:31.036399Z"
}.
[2025-10-06 06:19:31Z INFO StepsRunner] Update job result with current step result 'Failed'.
[2025-10-06 06:19:31Z INFO StepsRunner] Current state: job state = 'Failed'
[2025-10-06 06:19:31Z INFO StepsRunner] Processing step: DisplayName='Build site'
[2025-10-06 06:19:31Z INFO StepsRunner] Evaluating: success()
[2025-10-06 06:19:31Z INFO StepsRunner] Result: false
[2025-10-06 06:19:31Z INFO StepsRunner] Skipping step due to condition evaluation.
[2025-10-06 06:19:31Z INFO StepsRunner] No need for updating job result with current step result 'Skipped'.
[2025-10-06 06:19:31Z INFO StepsRunner] Current state: job state = 'Failed'
[2025-10-06 06:19:31Z INFO StepsRunner] Processing step: DisplayName='Post Checkout repo'
[2025-10-06 06:19:31Z INFO StepsRunner] Evaluating: always()
[2025-10-06 06:19:31Z INFO StepsRunner] Result: true
[2025-10-06 06:19:31Z INFO StepsRunner] Starting the step.
[2025-10-06 06:19:31Z INFO HostContext] Well known directory 'Bin': '/Users/jnalair/quiet-reference-site/actions-runner/bin'
[2025-10-06 06:19:31Z INFO HostContext] Well known directory 'Root': '/Users/jnalair/quiet-reference-site/actions-runner'
[2025-10-06 06:19:31Z INFO HostContext] Well known directory 'Work': '/Users/jnalair/quiet-reference-site/actions-runner/_work'
[2025-10-06 06:19:31Z INFO HostContext] Well known directory 'Actions': '/Users/jnalair/quiet-reference-site/actions-runner/_work/_actions'
[2025-10-06 06:19:31Z INFO ActionManager] Load action that reference repository from '/Users/jnalair/quiet-reference-site/actions-runner/_work/_actions/actions/checkout/v3'
[2025-10-06 06:19:31Z INFO HostContext] Well known directory 'Bin': '/Users/jnalair/quiet-reference-site/actions-runner/bin'
[2025-10-06 06:19:31Z INFO HostContext] Well known directory 'Root': '/Users/jnalair/quiet-reference-site/actions-runner'
[2025-10-06 06:19:31Z INFO HostContext] Well known directory 'Work': '/Users/jnalair/quiet-reference-site/actions-runner/_work'
[2025-10-06 06:19:31Z INFO HostContext] Well known directory 'Actions': '/Users/jnalair/quiet-reference-site/actions-runner/_work/_actions'
[2025-10-06 06:19:31Z INFO ActionManifestManager] Loaded action.yml file: {
  "name": "Checkout",
  "description": "Checkout a Git repository at a particular version",
  "inputs": {
    "type": 2,
    "map": [
      {
        "key": {
          "type": 0,
          "file": 2,
          "line": 4,
          "col": 3,
          "lit": "repository"
        },
        "value": {
          "type": 3,
          "file": 2,
          "line": 6,
          "col": 14,
          "expr": "github.repository"
        }
      },
      {
        "key": {
          "type": 0,
          "file": 2,
          "line": 7,
          "col": 3,
          "lit": "ref"
        },
        "value": ""
      },
      {
        "key": {
          "type": 0,
          "file": 2,
          "line": 12,
          "col": 3,
          "lit": "token"
        },
        "value": {
          "type": 3,
          "file": 2,
          "line": 24,
          "col": 14,
          "expr": "github.token"
        }
      },
      {
        "key": {
          "type": 0,
          "file": 2,
          "line": 25,
          "col": 3,
          "lit": "ssh-key"
        },
        "value": ""
      },
      {
        "key": {
          "type": 0,
          "file": 2,
          "line": 37,
          "col": 3,
          "lit": "ssh-known-hosts"
        },
        "value": ""
      },
      {
        "key": {
          "type": 0,
          "file": 2,
          "line": 42,
          "col": 3,
          "lit": "ssh-strict"
        },
        "value": {
          "type": 0,
          "file": 2,
          "line": 47,
          "col": 14,
          "lit": "true"
        }
      },
      {
        "key": {
          "type": 0,
          "file": 2,
          "line": 48,
          "col": 3,
          "lit": "persist-credentials"
        },
        "value": {
          "type": 0,
          "file": 2,
          "line": 50,
          "col": 14,
          "lit": "true"
        }
      },
      {
        "key": {
          "type": 0,
          "file": 2,
          "line": 51,
          "col": 3,
          "lit": "path"
        },
        "value": ""
      },
      {
        "key": {
          "type": 0,
          "file": 2,
          "line": 53,
          "col": 3,
          "lit": "clean"
        },
        "value": {
          "type": 0,
          "file": 2,
          "line": 55,
          "col": 14,
          "lit": "true"
        }
      },
      {
        "key": {
          "type": 0,
          "file": 2,
          "line": 56,
          "col": 3,
          "lit": "sparse-checkout"
        },
        "value": {
          "type": 0,
          "file": 2,
          "line": 60,
          "col": 14,
          "lit": ""
        }
      },
      {
        "key": {
          "type": 0,
          "file": 2,
          "line": 61,
          "col": 3,
          "lit": "sparse-checkout-cone-mode"
        },
        "value": {
          "type": 0,
          "file": 2,
          "line": 64,
          "col": 14,
          "lit": "true"
        }
      },
      {
        "key": {
          "type": 0,
          "file": 2,
          "line": 65,
          "col": 3,
          "lit": "fetch-depth"
        },
        "value": {
          "type": 0,
          "file": 2,
          "line": 67,
          "col": 14,
          "lit": "1"
        }
      },
      {
        "key": {
          "type": 0,
          "file": 2,
          "line": 68,
          "col": 3,
          "lit": "fetch-tags"
        },
        "value": {
          "type": 0,
          "file": 2,
          "line": 70,
          "col": 14,
          "lit": "false"
        }
      },
      {
        "key": {
          "type": 0,
          "file": 2,
          "line": 71,
          "col": 3,
          "lit": "lfs"
        },
        "value": {
          "type": 0,
          "file": 2,
          "line": 73,
          "col": 14,
          "lit": "false"
        }
      },
      {
        "key": {
          "type": 0,
          "file": 2,
          "line": 74,
          "col": 3,
          "lit": "submodules"
        },
        "value": {
          "type": 0,
          "file": 2,
          "line": 82,
          "col": 14,
          "lit": "false"
        }
      },
      {
        "key": {
          "type": 0,
          "file": 2,
          "line": 83,
          "col": 3,
          "lit": "set-safe-directory"
        },
        "value": {
          "type": 0,
          "file": 2,
          "line": 85,
          "col": 14,
          "lit": "true"
        }
      },
      {
        "key": {
          "type": 0,
          "file": 2,
          "line": 86,
          "col": 3,
          "lit": "github-server-url"
        },
        "value": ""
      }
    ]
  },
  "execution": {
    "executionType": "nodeJS",
    "hasPre": false,
    "hasPost": true,
    "script": "dist/index.js",
    "pre": null,
    "post": "dist/index.js",
    "nodeVersion": "node16",
    "cleanupCondition": "always()",
    "initCondition": "always()"
  },
  "deprecated": null
}
[2025-10-06 06:19:31Z INFO ActionManager] Action pre node.js file: N/A.
[2025-10-06 06:19:31Z INFO ActionManager] Action node.js file: dist/index.js.
[2025-10-06 06:19:31Z INFO ActionManager] Action post node.js file: dist/index.js.
[2025-10-06 06:19:31Z INFO HostContext] Well known directory 'Bin': '/Users/jnalair/quiet-reference-site/actions-runner/bin'
[2025-10-06 06:19:31Z INFO HostContext] Well known directory 'Root': '/Users/jnalair/quiet-reference-site/actions-runner'
[2025-10-06 06:19:31Z INFO HostContext] Well known directory 'Work': '/Users/jnalair/quiet-reference-site/actions-runner/_work'
[2025-10-06 06:19:31Z INFO HostContext] Well known directory 'Temp': '/Users/jnalair/quiet-reference-site/actions-runner/_work/_temp'
[2025-10-06 06:19:31Z INFO ExecutionContext] Write event payload to /Users/jnalair/quiet-reference-site/actions-runner/_work/_temp/_github_workflow/event.json
[2025-10-06 06:19:31Z INFO HostContext] Well known directory 'Bin': '/Users/jnalair/quiet-reference-site/actions-runner/bin'
[2025-10-06 06:19:31Z INFO HostContext] Well known directory 'Root': '/Users/jnalair/quiet-reference-site/actions-runner'
[2025-10-06 06:19:31Z INFO HostContext] Well known directory 'Work': '/Users/jnalair/quiet-reference-site/actions-runner/_work'
[2025-10-06 06:19:31Z INFO HostContext] Well known directory 'Temp': '/Users/jnalair/quiet-reference-site/actions-runner/_work/_temp'
[2025-10-06 06:19:31Z INFO ExtensionManager] Getting extensions for interface: 'GitHub.Runner.Worker.IFileCommandExtension'
[2025-10-06 06:19:31Z INFO ActionManifestManager] Input 'repository': default value evaluate result: {
  "type": 0,
  "file": 2,
  "line": 6,
  "col": 14,
  "lit": "Vodkashot28/quiet-reference-site"
}
[2025-10-06 06:19:31Z INFO ActionManifestManager] Input 'ref': default value evaluate result: ""
[2025-10-06 06:19:31Z INFO ActionManifestManager] Input 'token': default value evaluate result: {
  "type": 0,
  "file": 2,
  "line": 24,
  "col": 14,
  "lit": "***"
}
[2025-10-06 06:19:31Z INFO ActionManifestManager] Input 'ssh-key': default value evaluate result: ""
[2025-10-06 06:19:31Z INFO ActionManifestManager] Input 'ssh-known-hosts': default value evaluate result: ""
[2025-10-06 06:19:31Z INFO ActionManifestManager] Input 'ssh-strict': default value evaluate result: {
  "type": 0,
  "file": 2,
  "line": 47,
  "col": 14,
  "lit": "true"
}
[2025-10-06 06:19:31Z INFO ActionManifestManager] Input 'persist-credentials': default value evaluate result: {
  "type": 0,
  "file": 2,
  "line": 50,
  "col": 14,
  "lit": "true"
}
[2025-10-06 06:19:31Z INFO ActionManifestManager] Input 'path': default value evaluate result: ""
[2025-10-06 06:19:31Z INFO ActionManifestManager] Input 'clean': default value evaluate result: {
  "type": 0,
  "file": 2,
  "line": 55,
  "col": 14,
  "lit": "true"
}
[2025-10-06 06:19:31Z INFO ActionManifestManager] Input 'sparse-checkout': default value evaluate result: {
  "type": 0,
  "file": 2,
  "line": 60,
  "col": 14,
  "lit": ""
}
[2025-10-06 06:19:31Z INFO ActionManifestManager] Input 'sparse-checkout-cone-mode': default value evaluate result: {
  "type": 0,
  "file": 2,
  "line": 64,
  "col": 14,
  "lit": "true"
}
[2025-10-06 06:19:31Z INFO ActionManifestManager] Input 'fetch-depth': default value evaluate result: {
  "type": 0,
  "file": 2,
  "line": 67,
  "col": 14,
  "lit": "1"
}
[2025-10-06 06:19:31Z INFO ActionManifestManager] Input 'fetch-tags': default value evaluate result: {
  "type": 0,
  "file": 2,
  "line": 70,
  "col": 14,
  "lit": "false"
}
[2025-10-06 06:19:31Z INFO ActionManifestManager] Input 'lfs': default value evaluate result: {
  "type": 0,
  "file": 2,
  "line": 73,
  "col": 14,
  "lit": "false"
}
[2025-10-06 06:19:31Z INFO ActionManifestManager] Input 'submodules': default value evaluate result: {
  "type": 0,
  "file": 2,
  "line": 82,
  "col": 14,
  "lit": "false"
}
[2025-10-06 06:19:31Z INFO ActionManifestManager] Input 'set-safe-directory': default value evaluate result: {
  "type": 0,
  "file": 2,
  "line": 85,
  "col": 14,
  "lit": "true"
}
[2025-10-06 06:19:31Z INFO ActionManifestManager] Input 'github-server-url': default value evaluate result: ""
[2025-10-06 06:19:31Z INFO ExtensionManager] Getting extensions for interface: 'GitHub.Runner.Worker.IActionCommandExtension'
[2025-10-06 06:19:31Z INFO ActionCommandManager] Register action command extension for command internal-set-repo-path
[2025-10-06 06:19:31Z INFO ActionCommandManager] Register action command extension for command set-env
[2025-10-06 06:19:31Z INFO ActionCommandManager] Register action command extension for command set-output
[2025-10-06 06:19:31Z INFO ActionCommandManager] Register action command extension for command save-state
[2025-10-06 06:19:31Z INFO ActionCommandManager] Register action command extension for command add-path
[2025-10-06 06:19:31Z INFO ActionCommandManager] Register action command extension for command add-mask
[2025-10-06 06:19:31Z INFO ActionCommandManager] Register action command extension for command add-matcher
[2025-10-06 06:19:31Z INFO ActionCommandManager] Register action command extension for command remove-matcher
[2025-10-06 06:19:31Z INFO ActionCommandManager] Register action command extension for command warning
[2025-10-06 06:19:31Z INFO ActionCommandManager] Register action command extension for command error
[2025-10-06 06:19:31Z INFO ActionCommandManager] Register action command extension for command notice
[2025-10-06 06:19:31Z INFO ActionCommandManager] Register action command extension for command debug
[2025-10-06 06:19:31Z INFO ActionCommandManager] Register action command extension for command group
[2025-10-06 06:19:31Z INFO ActionCommandManager] Register action command extension for command endgroup
[2025-10-06 06:19:31Z INFO ActionCommandManager] Register action command extension for command echo
[2025-10-06 06:19:31Z INFO HostContext] Well known directory 'Bin': '/Users/jnalair/quiet-reference-site/actions-runner/bin'
[2025-10-06 06:19:31Z INFO HostContext] Well known directory 'Root': '/Users/jnalair/quiet-reference-site/actions-runner'
[2025-10-06 06:19:31Z INFO HostContext] Well known directory 'Externals': '/Users/jnalair/quiet-reference-site/actions-runner/externals'
[2025-10-06 06:19:31Z INFO ProcessInvokerWrapper] Starting process:
[2025-10-06 06:19:31Z INFO ProcessInvokerWrapper]   File name: '/Users/jnalair/quiet-reference-site/actions-runner/externals/node20/bin/node'
[2025-10-06 06:19:31Z INFO ProcessInvokerWrapper]   Arguments: '"/Users/jnalair/quiet-reference-site/actions-runner/_work/_actions/actions/checkout/v3/dist/index.js"'
[2025-10-06 06:19:31Z INFO ProcessInvokerWrapper]   Working directory: '/Users/jnalair/quiet-reference-site/actions-runner/_work/quiet-reference-site/quiet-reference-site'
[2025-10-06 06:19:31Z INFO ProcessInvokerWrapper]   Require exit code zero: 'False'
[2025-10-06 06:19:31Z INFO ProcessInvokerWrapper]   Encoding web name:  ; code page: ''
[2025-10-06 06:19:31Z INFO ProcessInvokerWrapper]   Force kill process on cancellation: 'False'
[2025-10-06 06:19:31Z INFO ProcessInvokerWrapper]   Redirected STDIN: 'False'
[2025-10-06 06:19:31Z INFO ProcessInvokerWrapper]   Persist current code page: 'False'
[2025-10-06 06:19:31Z INFO ProcessInvokerWrapper]   Keep redirected STDIN open: 'False'
[2025-10-06 06:19:31Z INFO ProcessInvokerWrapper]   High priority process: 'False'
[2025-10-06 06:19:31Z INFO ProcessInvokerWrapper] Process started with process id 30762, waiting for process exit.
[2025-10-06 06:19:31Z INFO JobServerQueue] Try to append 1 batches web console lines for record '25a6d637-9626-46b3-975c-829e293ef2f8', success rate: 1/1.
[2025-10-06 06:19:31Z INFO JobServerQueue] Try to append 1 batches web console lines for record 'b39bc721-9c72-406d-9d50-8bbccc32ec22', success rate: 1/1.
[2025-10-06 06:19:31Z INFO JobServerQueue] Try to append 1 batches web console lines for record '4569b7ac-920d-4fd5-b83e-7226b2d7bd4e', success rate: 1/1.
[2025-10-06 06:19:31Z INFO AddMaskCommandExtension] Add new secret mask with length of 32
[2025-10-06 06:19:31Z INFO JobServerQueue] Try to upload 3 log files or attachments, success rate: 3/3.
[2025-10-06 06:19:31Z INFO JobServerQueue] Try to append 1 batches web console lines for record '4569b7ac-920d-4fd5-b83e-7226b2d7bd4e', success rate: 1/1.
[2025-10-06 06:19:31Z INFO JobServerQueue] Got a step log file to send to results service.
[2025-10-06 06:19:31Z INFO JobServerQueue] Starting upload of step log file to results service ResultsLog, /Users/jnalair/quiet-reference-site/actions-runner/_diag/blocks/890e4f73-3e16-40f1-bdbe-33b8eb0f07e9_b61927aa-1453-4a7e-973b-9797b0e67f0c.1
[2025-10-06 06:19:31Z INFO JobServerQueue] Try to append 1 batches web console lines for record '4569b7ac-920d-4fd5-b83e-7226b2d7bd4e', success rate: 1/1.
[2025-10-06 06:19:32Z INFO JobServerQueue] Try to append 1 batches web console lines for record '4569b7ac-920d-4fd5-b83e-7226b2d7bd4e', success rate: 1/1.
[2025-10-06 06:19:32Z INFO JobServerQueue] Got a step log file to send to results service.
[2025-10-06 06:19:32Z INFO JobServerQueue] Starting upload of step log file to results service ResultsLog, /Users/jnalair/quiet-reference-site/actions-runner/_diag/blocks/890e4f73-3e16-40f1-bdbe-33b8eb0f07e9_25a6d637-9626-46b3-975c-829e293ef2f8.1
[2025-10-06 06:19:32Z INFO JobServerQueue] Try to append 1 batches web console lines for record '4569b7ac-920d-4fd5-b83e-7226b2d7bd4e', success rate: 1/1.
[2025-10-06 06:19:33Z INFO ProcessInvokerWrapper] STDOUT/STDERR stream read finished.
[2025-10-06 06:19:33Z INFO ProcessInvokerWrapper] STDOUT/STDERR stream read finished.
[2025-10-06 06:19:33Z INFO ProcessInvokerWrapper] Finished process 30762 with exit code 0, and elapsed time 00:00:02.1308483.
[2025-10-06 06:19:33Z INFO CreateStepSummaryCommand] Step Summary file (/Users/jnalair/quiet-reference-site/actions-runner/_work/_temp/_runner_file_commands/step_summary_c6b44a1c-ba93-4d95-b78f-6c00d1465cc4) is empty; skipping attachment upload
[2025-10-06 06:19:33Z INFO StepsRunner] Step result: 
[2025-10-06 06:19:33Z INFO ExecutionContext] Publish step telemetry for current step {
  "action": "actions/checkout",
  "ref": "v3",
  "type": "node20",
  "stage": "Post",
  "stepId": "4569b7ac-920d-4fd5-b83e-7226b2d7bd4e",
  "result": "succeeded",
  "errorMessages": [],
  "executionTimeInSeconds": 3,
  "startTime": "2025-10-06T06:19:31.04513Z",
  "finishTime": "2025-10-06T06:19:33.209253Z"
}.
[2025-10-06 06:19:33Z INFO StepsRunner] No need for updating job result with current step result 'Succeeded'.
[2025-10-06 06:19:33Z INFO StepsRunner] Current state: job state = 'Failed'
[2025-10-06 06:19:33Z INFO JobRunner] Finalize job.
[2025-10-06 06:19:33Z INFO HostContext] Well known directory 'Bin': '/Users/jnalair/quiet-reference-site/actions-runner/bin'
[2025-10-06 06:19:33Z INFO HostContext] Well known directory 'Root': '/Users/jnalair/quiet-reference-site/actions-runner'
[2025-10-06 06:19:33Z INFO HostContext] Well known directory 'Diag': '/Users/jnalair/quiet-reference-site/actions-runner/_diag'
[2025-10-06 06:19:33Z INFO HostContext] Well known directory 'Bin': '/Users/jnalair/quiet-reference-site/actions-runner/bin'
[2025-10-06 06:19:33Z INFO HostContext] Well known directory 'Root': '/Users/jnalair/quiet-reference-site/actions-runner'
[2025-10-06 06:19:33Z INFO HostContext] Well known directory 'Diag': '/Users/jnalair/quiet-reference-site/actions-runner/_diag'
[2025-10-06 06:19:33Z INFO JobExtension] Initialize Env context
[2025-10-06 06:19:33Z INFO JobExtension] Initialize steps context
[2025-10-06 06:19:33Z INFO JobExtension] Support log upload starting.
[2025-10-06 06:19:33Z INFO JobServerQueue] Try to append 1 batches web console lines for record '4569b7ac-920d-4fd5-b83e-7226b2d7bd4e', success rate: 1/1.
[2025-10-06 06:19:33Z INFO JobServerQueue] Try to append 1 batches web console lines for record '0ba5f877-36e7-4880-9cb2-c7db22d8ad41', success rate: 1/1.
[2025-10-06 06:19:33Z INFO JobServerQueue] Try to upload 1 log files or attachments, success rate: 1/1.
[2025-10-06 06:19:33Z INFO JobServerQueue] Got a step log file to send to results service.
[2025-10-06 06:19:33Z INFO JobServerQueue] Starting upload of step log file to results service ResultsLog, /Users/jnalair/quiet-reference-site/actions-runner/_diag/blocks/890e4f73-3e16-40f1-bdbe-33b8eb0f07e9_b39bc721-9c72-406d-9d50-8bbccc32ec22.1
[2025-10-06 06:19:34Z INFO HostContext] Well known directory 'Bin': '/Users/jnalair/quiet-reference-site/actions-runner/bin'
[2025-10-06 06:19:34Z INFO HostContext] Well known directory 'Root': '/Users/jnalair/quiet-reference-site/actions-runner'
[2025-10-06 06:19:34Z INFO HostContext] Well known directory 'Work': '/Users/jnalair/quiet-reference-site/actions-runner/_work'
[2025-10-06 06:19:34Z INFO HostContext] Well known directory 'Temp': '/Users/jnalair/quiet-reference-site/actions-runner/_work/_temp'
[2025-10-06 06:19:34Z INFO HostContext] Well known directory 'Bin': '/Users/jnalair/quiet-reference-site/actions-runner/bin'
[2025-10-06 06:19:34Z INFO HostContext] Well known directory 'Root': '/Users/jnalair/quiet-reference-site/actions-runner'
[2025-10-06 06:19:34Z INFO HostContext] Well known directory 'Diag': '/Users/jnalair/quiet-reference-site/actions-runner/_diag'
[2025-10-06 06:19:34Z INFO HostContext] Well known directory 'Bin': '/Users/jnalair/quiet-reference-site/actions-runner/bin'
[2025-10-06 06:19:34Z INFO HostContext] Well known directory 'Root': '/Users/jnalair/quiet-reference-site/actions-runner'
[2025-10-06 06:19:34Z INFO HostContext] Well known directory 'Diag': '/Users/jnalair/quiet-reference-site/actions-runner/_diag'
[2025-10-06 06:19:34Z INFO JobServerQueue] Try to append 1 batches web console lines for record '0ba5f877-36e7-4880-9cb2-c7db22d8ad41', success rate: 1/1.
[2025-10-06 06:19:34Z INFO JobServerQueue] Tried to upload 3 file(s) to results, success rate: 3/3.
[2025-10-06 06:19:34Z INFO HostContext] Well known directory 'Bin': '/Users/jnalair/quiet-reference-site/actions-runner/bin'
[2025-10-06 06:19:34Z INFO HostContext] Well known directory 'Root': '/Users/jnalair/quiet-reference-site/actions-runner'
[2025-10-06 06:19:34Z INFO HostContext] Well known directory 'Work': '/Users/jnalair/quiet-reference-site/actions-runner/_work'
[2025-10-06 06:19:35Z INFO JobExtension] Support log upload complete.
[2025-10-06 06:19:35Z INFO JobExtension] Total accessible running process: 269.
[2025-10-06 06:19:35Z INFO JobExtension] Inspecting process environment variables. PID: 30787 (mdworker_shared)
[2025-10-06 06:19:35Z INFO LinuxProcessExtensions] Read env from output of `ps e -p 30787 -o command`
[2025-10-06 06:19:35Z INFO HostContext] Well known directory 'Bin': '/Users/jnalair/quiet-reference-site/actions-runner/bin'
[2025-10-06 06:19:35Z INFO HostContext] Well known directory 'Root': '/Users/jnalair/quiet-reference-site/actions-runner'
[2025-10-06 06:19:35Z INFO ProcessInvokerWrapper] Starting process:
[2025-10-06 06:19:35Z INFO ProcessInvokerWrapper]   File name: 'ps'
[2025-10-06 06:19:35Z INFO ProcessInvokerWrapper]   Arguments: 'e -p 30787 -o command'
[2025-10-06 06:19:35Z INFO ProcessInvokerWrapper]   Working directory: '/Users/jnalair/quiet-reference-site/actions-runner'
[2025-10-06 06:19:35Z INFO ProcessInvokerWrapper]   Require exit code zero: 'False'
[2025-10-06 06:19:35Z INFO ProcessInvokerWrapper]   Encoding web name:  ; code page: ''
[2025-10-06 06:19:35Z INFO ProcessInvokerWrapper]   Force kill process on cancellation: 'False'
[2025-10-06 06:19:35Z INFO ProcessInvokerWrapper]   Redirected STDIN: 'False'
[2025-10-06 06:19:35Z INFO ProcessInvokerWrapper]   Persist current code page: 'False'
[2025-10-06 06:19:35Z INFO ProcessInvokerWrapper]   Keep redirected STDIN open: 'False'
[2025-10-06 06:19:35Z INFO ProcessInvokerWrapper]   High priority process: 'False'
[2025-10-06 06:19:35Z INFO ProcessInvokerWrapper] Process started with process id 30842, waiting for process exit.
[2025-10-06 06:19:35Z INFO ProcessInvokerWrapper] STDOUT/STDERR stream read finished.
[2025-10-06 06:19:35Z INFO ProcessInvokerWrapper] STDOUT/STDERR stream read finished.
[2025-10-06 06:19:35Z INFO ProcessInvokerWrapper] Finished process 30842 with exit code 0, and elapsed time 00:00:00.0430930.
[2025-10-06 06:19:35Z INFO LinuxProcessExtensions] Successfully dump environment variables for 30787
[2025-10-06 06:19:35Z INFO JobExtension] Inspecting process environment variables. PID: 30786 (mdworker_shared)
[2025-10-06 06:19:35Z INFO LinuxProcessExtensions] Read env from output of `ps e -p 30786 -o command`
[2025-10-06 06:19:35Z INFO HostContext] Well known directory 'Bin': '/Users/jnalair/quiet-reference-site/actions-runner/bin'
[2025-10-06 06:19:35Z INFO HostContext] Well known directory 'Root': '/Users/jnalair/quiet-reference-site/actions-runner'
[2025-10-06 06:19:35Z INFO ProcessInvokerWrapper] Starting process:
[2025-10-06 06:19:35Z INFO ProcessInvokerWrapper]   File name: 'ps'
[2025-10-06 06:19:35Z INFO ProcessInvokerWrapper]   Arguments: 'e -p 30786 -o command'
[2025-10-06 06:19:35Z INFO ProcessInvokerWrapper]   Working directory: '/Users/jnalair/quiet-reference-site/actions-runner'
[2025-10-06 06:19:35Z INFO ProcessInvokerWrapper]   Require exit code zero: 'False'
[2025-10-06 06:19:35Z INFO ProcessInvokerWrapper]   Encoding web name:  ; code page: ''
[2025-10-06 06:19:35Z INFO ProcessInvokerWrapper]   Force kill process on cancellation: 'False'
[2025-10-06 06:19:35Z INFO ProcessInvokerWrapper]   Redirected STDIN: 'False'
[2025-10-06 06:19:35Z INFO ProcessInvokerWrapper]   Persist current code page: 'False'
[2025-10-06 06:19:35Z INFO ProcessInvokerWrapper]   Keep redirected STDIN open: 'False'
[2025-10-06 06:19:35Z INFO ProcessInvokerWrapper]   High priority process: 'False'
[2025-10-06 06:19:35Z INFO ProcessInvokerWrapper] Process started with process id 30843, waiting for process exit.
[2025-10-06 06:19:35Z INFO ProcessInvokerWrapper] STDOUT/STDERR stream read finished.
[2025-10-06 06:19:35Z INFO ProcessInvokerWrapper] STDOUT/STDERR stream read finished.
[2025-10-06 06:19:35Z INFO ProcessInvokerWrapper] Finished process 30843 with exit code 0, and elapsed time 00:00:00.0256939.
[2025-10-06 06:19:35Z INFO LinuxProcessExtensions] Successfully dump environment variables for 30786
[2025-10-06 06:19:35Z INFO JobExtension] Inspecting process environment variables. PID: 30768 (mdworker_shared)
[2025-10-06 06:19:35Z INFO LinuxProcessExtensions] Read env from output of `ps e -p 30768 -o command`
[2025-10-06 06:19:35Z INFO HostContext] Well known directory 'Bin': '/Users/jnalair/quiet-reference-site/actions-runner/bin'
[2025-10-06 06:19:35Z INFO HostContext] Well known directory 'Root': '/Users/jnalair/quiet-reference-site/actions-runner'
[2025-10-06 06:19:35Z INFO ProcessInvokerWrapper] Starting process:
[2025-10-06 06:19:35Z INFO ProcessInvokerWrapper]   File name: 'ps'
[2025-10-06 06:19:35Z INFO ProcessInvokerWrapper]   Arguments: 'e -p 30768 -o command'
[2025-10-06 06:19:35Z INFO ProcessInvokerWrapper]   Working directory: '/Users/jnalair/quiet-reference-site/actions-runner'
[2025-10-06 06:19:35Z INFO ProcessInvokerWrapper]   Require exit code zero: 'False'
[2025-10-06 06:19:35Z INFO ProcessInvokerWrapper]   Encoding web name:  ; code page: ''
[2025-10-06 06:19:35Z INFO ProcessInvokerWrapper]   Force kill process on cancellation: 'False'
[2025-10-06 06:19:35Z INFO ProcessInvokerWrapper]   Redirected STDIN: 'False'
[2025-10-06 06:19:35Z INFO ProcessInvokerWrapper]   Persist current code page: 'False'
[2025-10-06 06:19:35Z INFO ProcessInvokerWrapper]   Keep redirected STDIN open: 'False'
[2025-10-06 06:19:35Z INFO ProcessInvokerWrapper]   High priority process: 'False'
[2025-10-06 06:19:35Z INFO ProcessInvokerWrapper] Process started with process id 30844, waiting for process exit.
[2025-10-06 06:19:35Z INFO ProcessInvokerWrapper] STDOUT/STDERR stream read finished.
[2025-10-06 06:19:35Z INFO ProcessInvokerWrapper] STDOUT/STDERR stream read finished.
[2025-10-06 06:19:35Z INFO ProcessInvokerWrapper] Finished process 30844 with exit code 0, and elapsed time 00:00:00.0248881.
[2025-10-06 06:19:35Z INFO LinuxProcessExtensions] Successfully dump environment variables for 30768
[2025-10-06 06:19:35Z INFO JobExtension] Inspecting process environment variables. PID: 30767 (mdworker_shared)
[2025-10-06 06:19:35Z INFO LinuxProcessExtensions] Read env from output of `ps e -p 30767 -o command`
[2025-10-06 06:19:35Z INFO HostContext] Well known directory 'Bin': '/Users/jnalair/quiet-reference-site/actions-runner/bin'
[2025-10-06 06:19:35Z INFO HostContext] Well known directory 'Root': '/Users/jnalair/quiet-reference-site/actions-runner'
[2025-10-06 06:19:35Z INFO ProcessInvokerWrapper] Starting process:
[2025-10-06 06:19:35Z INFO ProcessInvokerWrapper]   File name: 'ps'
[2025-10-06 06:19:35Z INFO ProcessInvokerWrapper]   Arguments: 'e -p 30767 -o command'
[2025-10-06 06:19:35Z INFO ProcessInvokerWrapper]   Working directory: '/Users/jnalair/quiet-reference-site/actions-runner'
[2025-10-06 06:19:35Z INFO ProcessInvokerWrapper]   Require exit code zero: 'False'
[2025-10-06 06:19:35Z INFO ProcessInvokerWrapper]   Encoding web name:  ; code page: ''
[2025-10-06 06:19:35Z INFO ProcessInvokerWrapper]   Force kill process on cancellation: 'False'
[2025-10-06 06:19:35Z INFO ProcessInvokerWrapper]   Redirected STDIN: 'False'
[2025-10-06 06:19:35Z INFO ProcessInvokerWrapper]   Persist current code page: 'False'
[2025-10-06 06:19:35Z INFO ProcessInvokerWrapper]   Keep redirected STDIN open: 'False'
[2025-10-06 06:19:35Z INFO ProcessInvokerWrapper]   High priority process: 'False'
[2025-10-06 06:19:35Z INFO ProcessInvokerWrapper] Process started with process id 30845, waiting for process exit.
[2025-10-06 06:19:35Z INFO ProcessInvokerWrapper] STDOUT/STDERR stream read finished.
[2025-10-06 06:19:35Z INFO ProcessInvokerWrapper] STDOUT/STDERR stream read finished.
[2025-10-06 06:19:35Z INFO ProcessInvokerWrapper] Finished process 30845 with exit code 0, and elapsed time 00:00:00.0249095.
[2025-10-06 06:19:35Z INFO LinuxProcessExtensions] Successfully dump environment variables for 30767
[2025-10-06 06:19:35Z INFO JobExtension] Inspecting process environment variables. PID: 30644 (mdworker_shared)
[2025-10-06 06:19:35Z INFO LinuxProcessExtensions] Read env from output of `ps e -p 30644 -o command`
[2025-10-06 06:19:35Z INFO HostContext] Well known directory 'Bin': '/Users/jnalair/quiet-reference-site/actions-runner/bin'
[2025-10-06 06:19:35Z INFO HostContext] Well known directory 'Root': '/Users/jnalair/quiet-reference-site/actions-runner'
[2025-10-06 06:19:35Z INFO ProcessInvokerWrapper] Starting process:
[2025-10-06 06:19:35Z INFO ProcessInvokerWrapper]   File name: 'ps'
[2025-10-06 06:19:35Z INFO ProcessInvokerWrapper]   Arguments: 'e -p 30644 -o command'
[2025-10-06 06:19:35Z INFO ProcessInvokerWrapper]   Working directory: '/Users/jnalair/quiet-reference-site/actions-runner'
[2025-10-06 06:19:35Z INFO ProcessInvokerWrapper]   Require exit code zero: 'False'
[2025-10-06 06:19:35Z INFO ProcessInvokerWrapper]   Encoding web name:  ; code page: ''
[2025-10-06 06:19:35Z INFO ProcessInvokerWrapper]   Force kill process on cancellation: 'False'
[2025-10-06 06:19:35Z INFO ProcessInvokerWrapper]   Redirected STDIN: 'False'
[2025-10-06 06:19:35Z INFO ProcessInvokerWrapper]   Persist current code page: 'False'
[2025-10-06 06:19:35Z INFO ProcessInvokerWrapper]   Keep redirected STDIN open: 'False'
[2025-10-06 06:19:35Z INFO ProcessInvokerWrapper]   High priority process: 'False'
[2025-10-06 06:19:35Z INFO ProcessInvokerWrapper] Process started with process id 30846, waiting for process exit.
[2025-10-06 06:19:35Z INFO ProcessInvokerWrapper] STDOUT/STDERR stream read finished.
[2025-10-06 06:19:35Z INFO ProcessInvokerWrapper] STDOUT/STDERR stream read finished.
[2025-10-06 06:19:35Z INFO ProcessInvokerWrapper] Finished process 30846 with exit code 0, and elapsed time 00:00:00.0247985.
[2025-10-06 06:19:35Z INFO LinuxProcessExtensions] Successfully dump environment variables for 30644
[2025-10-06 06:19:35Z INFO JobExtension] Inspecting process environment variables. PID: 30643 (mdworker_shared)
[2025-10-06 06:19:35Z INFO LinuxProcessExtensions] Read env from output of `ps e -p 30643 -o command`
[2025-10-06 06:19:35Z INFO HostContext] Well known directory 'Bin': '/Users/jnalair/quiet-reference-site/actions-runner/bin'
[2025-10-06 06:19:35Z INFO HostContext] Well known directory 'Root': '/Users/jnalair/quiet-reference-site/actions-runner'
[2025-10-06 06:19:35Z INFO ProcessInvokerWrapper] Starting process:
[2025-10-06 06:19:35Z INFO ProcessInvokerWrapper]   File name: 'ps'
[2025-10-06 06:19:35Z INFO ProcessInvokerWrapper]   Arguments: 'e -p 30643 -o command'
[2025-10-06 06:19:35Z INFO ProcessInvokerWrapper]   Working directory: '/Users/jnalair/quiet-reference-site/actions-runner'
[2025-10-06 06:19:35Z INFO ProcessInvokerWrapper]   Require exit code zero: 'False'
[2025-10-06 06:19:35Z INFO ProcessInvokerWrapper]   Encoding web name:  ; code page: ''
[2025-10-06 06:19:35Z INFO ProcessInvokerWrapper]   Force kill process on cancellation: 'False'
[2025-10-06 06:19:35Z INFO ProcessInvokerWrapper]   Redirected STDIN: 'False'
[2025-10-06 06:19:35Z INFO ProcessInvokerWrapper]   Persist current code page: 'False'
[2025-10-06 06:19:35Z INFO ProcessInvokerWrapper]   Keep redirected STDIN open: 'False'
[2025-10-06 06:19:35Z INFO ProcessInvokerWrapper]   High priority process: 'False'
[2025-10-06 06:19:35Z INFO JobServerQueue] Try to append 1 batches web console lines for record '0ba5f877-36e7-4880-9cb2-c7db22d8ad41', success rate: 1/1.
[2025-10-06 06:19:35Z INFO ProcessInvokerWrapper] Process started with process id 30847, waiting for process exit.
[2025-10-06 06:19:35Z INFO ProcessInvokerWrapper] STDOUT/STDERR stream read finished.
[2025-10-06 06:19:35Z INFO ProcessInvokerWrapper] STDOUT/STDERR stream read finished.
[2025-10-06 06:19:35Z INFO ProcessInvokerWrapper] Finished process 30847 with exit code 0, and elapsed time 00:00:00.0250455.
[2025-10-06 06:19:35Z INFO LinuxProcessExtensions] Successfully dump environment variables for 30643
[2025-10-06 06:19:35Z INFO JobExtension] Inspecting process environment variables. PID: 30639 (mdworker_shared)
[2025-10-06 06:19:35Z INFO LinuxProcessExtensions] Read env from output of `ps e -p 30639 -o command`
[2025-10-06 06:19:35Z INFO HostContext] Well known directory 'Bin': '/Users/jnalair/quiet-reference-site/actions-runner/bin'
[2025-10-06 06:19:35Z INFO HostContext] Well known directory 'Root': '/Users/jnalair/quiet-reference-site/actions-runner'
[2025-10-06 06:19:35Z INFO ProcessInvokerWrapper] Starting process:
[2025-10-06 06:19:35Z INFO ProcessInvokerWrapper]   File name: 'ps'
[2025-10-06 06:19:35Z INFO ProcessInvokerWrapper]   Arguments: 'e -p 30639 -o command'
[2025-10-06 06:19:35Z INFO ProcessInvokerWrapper]   Working directory: '/Users/jnalair/quiet-reference-site/actions-runner'
[2025-10-06 06:19:35Z INFO ProcessInvokerWrapper]   Require exit code zero: 'False'
[2025-10-06 06:19:35Z INFO ProcessInvokerWrapper]   Encoding web name:  ; code page: ''
[2025-10-06 06:19:35Z INFO ProcessInvokerWrapper]   Force kill process on cancellation: 'False'
[2025-10-06 06:19:35Z INFO ProcessInvokerWrapper]   Redirected STDIN: 'False'
[2025-10-06 06:19:35Z INFO ProcessInvokerWrapper]   Persist current code page: 'False'
[2025-10-06 06:19:35Z INFO ProcessInvokerWrapper]   Keep redirected STDIN open: 'False'
[2025-10-06 06:19:35Z INFO ProcessInvokerWrapper]   High priority process: 'False'
[2025-10-06 06:19:35Z INFO ProcessInvokerWrapper] Process started with process id 30848, waiting for process exit.
[2025-10-06 06:19:35Z INFO ProcessInvokerWrapper] STDOUT/STDERR stream read finished.
[2025-10-06 06:19:35Z INFO ProcessInvokerWrapper] STDOUT/STDERR stream read finished.
[2025-10-06 06:19:35Z INFO ProcessInvokerWrapper] Finished process 30848 with exit code 0, and elapsed time 00:00:00.0284700.
[2025-10-06 06:19:35Z INFO LinuxProcessExtensions] Successfully dump environment variables for 30639
[2025-10-06 06:19:35Z INFO JobExtension] Inspecting process environment variables. PID: 30638 (mdworker_shared)
[2025-10-06 06:19:35Z INFO LinuxProcessExtensions] Read env from output of `ps e -p 30638 -o command`
[2025-10-06 06:19:35Z INFO HostContext] Well known directory 'Bin': '/Users/jnalair/quiet-reference-site/actions-runner/bin'
[2025-10-06 06:19:35Z INFO HostContext] Well known directory 'Root': '/Users/jnalair/quiet-reference-site/actions-runner'
[2025-10-06 06:19:35Z INFO ProcessInvokerWrapper] Starting process:
[2025-10-06 06:19:35Z INFO ProcessInvokerWrapper]   File name: 'ps'
[2025-10-06 06:19:35Z INFO ProcessInvokerWrapper]   Arguments: 'e -p 30638 -o command'
[2025-10-06 06:19:35Z INFO ProcessInvokerWrapper]   Working directory: '/Users/jnalair/quiet-reference-site/actions-runner'
[2025-10-06 06:19:35Z INFO ProcessInvokerWrapper]   Require exit code zero: 'False'
[2025-10-06 06:19:35Z INFO ProcessInvokerWrapper]   Encoding web name:  ; code page: ''
[2025-10-06 06:19:35Z INFO ProcessInvokerWrapper]   Force kill process on cancellation: 'False'
[2025-10-06 06:19:35Z INFO ProcessInvokerWrapper]   Redirected STDIN: 'False'
[2025-10-06 06:19:35Z INFO ProcessInvokerWrapper]   Persist current code page: 'False'
[2025-10-06 06:19:35Z INFO ProcessInvokerWrapper]   Keep redirected STDIN open: 'False'
[2025-10-06 06:19:35Z INFO ProcessInvokerWrapper]   High priority process: 'False'
[2025-10-06 06:19:35Z INFO ProcessInvokerWrapper] Process started with process id 30849, waiting for process exit.
[2025-10-06 06:19:35Z INFO ProcessInvokerWrapper] STDOUT/STDERR stream read finished.
[2025-10-06 06:19:35Z INFO ProcessInvokerWrapper] STDOUT/STDERR stream read finished.
[2025-10-06 06:19:35Z INFO ProcessInvokerWrapper] Finished process 30849 with exit code 0, and elapsed time 00:00:00.0288284.
[2025-10-06 06:19:35Z INFO LinuxProcessExtensions] Successfully dump environment variables for 30638
[2025-10-06 06:19:35Z INFO JobExtension] Inspecting process environment variables. PID: 30633 (mdworker_shared)
[2025-10-06 06:19:35Z INFO LinuxProcessExtensions] Read env from output of `ps e -p 30633 -o command`
[2025-10-06 06:19:35Z INFO HostContext] Well known directory 'Bin': '/Users/jnalair/quiet-reference-site/actions-runner/bin'
[2025-10-06 06:19:35Z INFO HostContext] Well known directory 'Root': '/Users/jnalair/quiet-reference-site/actions-runner'
[2025-10-06 06:19:35Z INFO ProcessInvokerWrapper] Starting process:
[2025-10-06 06:19:35Z INFO ProcessInvokerWrapper]   File name: 'ps'
[2025-10-06 06:19:35Z INFO ProcessInvokerWrapper]   Arguments: 'e -p 30633 -o command'
[2025-10-06 06:19:35Z INFO ProcessInvokerWrapper]   Working directory: '/Users/jnalair/quiet-reference-site/actions-runner'
[2025-10-06 06:19:35Z INFO ProcessInvokerWrapper]   Require exit code zero: 'False'
[2025-10-06 06:19:35Z INFO ProcessInvokerWrapper]   Encoding web name:  ; code page: ''
[2025-10-06 06:19:35Z INFO ProcessInvokerWrapper]   Force kill process on cancellation: 'False'
[2025-10-06 06:19:35Z INFO ProcessInvokerWrapper]   Redirected STDIN: 'False'
[2025-10-06 06:19:35Z INFO ProcessInvokerWrapper]   Persist current code page: 'False'
[2025-10-06 06:19:35Z INFO ProcessInvokerWrapper]   Keep redirected STDIN open: 'False'
[2025-10-06 06:19:35Z INFO ProcessInvokerWrapper]   High priority process: 'False'
[2025-10-06 06:19:35Z INFO ProcessInvokerWrapper] Process started with process id 30850, waiting for process exit.
[2025-10-06 06:19:35Z INFO JobServerQueue] Try to upload 2 log files or attachments, success rate: 2/2.
[2025-10-06 06:19:35Z INFO ProcessInvokerWrapper] STDOUT/STDERR stream read finished.
[2025-10-06 06:19:35Z INFO ProcessInvokerWrapper] STDOUT/STDERR stream read finished.
[2025-10-06 06:19:35Z INFO ProcessInvokerWrapper] Finished process 30850 with exit code 0, and elapsed time 00:00:00.0324660.
[2025-10-06 06:19:35Z INFO LinuxProcessExtensions] Successfully dump environment variables for 30633
[2025-10-06 06:19:35Z INFO JobExtension] Inspecting process environment variables. PID: 30631 (mdworker_shared)
[2025-10-06 06:19:35Z INFO LinuxProcessExtensions] Read env from output of `ps e -p 30631 -o command`
[2025-10-06 06:19:35Z INFO HostContext] Well known directory 'Bin': '/Users/jnalair/quiet-reference-site/actions-runner/bin'
[2025-10-06 06:19:35Z INFO HostContext] Well known directory 'Root': '/Users/jnalair/quiet-reference-site/actions-runner'
[2025-10-06 06:19:35Z INFO ProcessInvokerWrapper] Starting process:
[2025-10-06 06:19:35Z INFO ProcessInvokerWrapper]   File name: 'ps'
[2025-10-06 06:19:35Z INFO ProcessInvokerWrapper]   Arguments: 'e -p 30631 -o command'
[2025-10-06 06:19:35Z INFO ProcessInvokerWrapper]   Working directory: '/Users/jnalair/quiet-reference-site/actions-runner'
[2025-10-06 06:19:35Z INFO ProcessInvokerWrapper]   Require exit code zero: 'False'
[2025-10-06 06:19:35Z INFO ProcessInvokerWrapper]   Encoding web name:  ; code page: ''
[2025-10-06 06:19:35Z INFO ProcessInvokerWrapper]   Force kill process on cancellation: 'False'
[2025-10-06 06:19:35Z INFO ProcessInvokerWrapper]   Redirected STDIN: 'False'
[2025-10-06 06:19:35Z INFO ProcessInvokerWrapper]   Persist current code page: 'False'
[2025-10-06 06:19:35Z INFO ProcessInvokerWrapper]   Keep redirected STDIN open: 'False'
[2025-10-06 06:19:35Z INFO ProcessInvokerWrapper]   High priority process: 'False'
[2025-10-06 06:19:35Z INFO ProcessInvokerWrapper] Process started with process id 30851, waiting for process exit.
[2025-10-06 06:19:35Z INFO ProcessInvokerWrapper] STDOUT/STDERR stream read finished.
[2025-10-06 06:19:35Z INFO ProcessInvokerWrapper] STDOUT/STDERR stream read finished.
[2025-10-06 06:19:35Z INFO ProcessInvokerWrapper] Finished process 30851 with exit code 0, and elapsed time 00:00:00.0355037.
[2025-10-06 06:19:35Z INFO LinuxProcessExtensions] Successfully dump environment variables for 30631
[2025-10-06 06:19:35Z INFO JobExtension] Inspecting process environment variables. PID: 30629 (mdworker_shared)
[2025-10-06 06:19:35Z INFO LinuxProcessExtensions] Read env from output of `ps e -p 30629 -o command`
[2025-10-06 06:19:35Z INFO HostContext] Well known directory 'Bin': '/Users/jnalair/quiet-reference-site/actions-runner/bin'
[2025-10-06 06:19:35Z INFO HostContext] Well known directory 'Root': '/Users/jnalair/quiet-reference-site/actions-runner'
[2025-10-06 06:19:35Z INFO ProcessInvokerWrapper] Starting process:
[2025-10-06 06:19:35Z INFO ProcessInvokerWrapper]   File name: 'ps'
[2025-10-06 06:19:35Z INFO ProcessInvokerWrapper]   Arguments: 'e -p 30629 -o command'
[2025-10-06 06:19:35Z INFO ProcessInvokerWrapper]   Working directory: '/Users/jnalair/quiet-reference-site/actions-runner'
[2025-10-06 06:19:35Z INFO ProcessInvokerWrapper]   Require exit code zero: 'False'
[2025-10-06 06:19:35Z INFO ProcessInvokerWrapper]   Encoding web name:  ; code page: ''
[2025-10-06 06:19:35Z INFO ProcessInvokerWrapper]   Force kill process on cancellation: 'False'
[2025-10-06 06:19:35Z INFO ProcessInvokerWrapper]   Redirected STDIN: 'False'
[2025-10-06 06:19:35Z INFO ProcessInvokerWrapper]   Persist current code page: 'False'
[2025-10-06 06:19:35Z INFO ProcessInvokerWrapper]   Keep redirected STDIN open: 'False'
[2025-10-06 06:19:35Z INFO ProcessInvokerWrapper]   High priority process: 'False'
[2025-10-06 06:19:35Z INFO JobServerQueue] Got a step log file to send to results service.
[2025-10-06 06:19:35Z INFO JobServerQueue] Starting upload of step log file to results service ResultsLog, /Users/jnalair/quiet-reference-site/actions-runner/_diag/blocks/890e4f73-3e16-40f1-bdbe-33b8eb0f07e9_4569b7ac-920d-4fd5-b83e-7226b2d7bd4e.1
[2025-10-06 06:19:35Z INFO ProcessInvokerWrapper] Process started with process id 30852, waiting for process exit.
[2025-10-06 06:19:35Z INFO ProcessInvokerWrapper] STDOUT/STDERR stream read finished.
[2025-10-06 06:19:35Z INFO ProcessInvokerWrapper] STDOUT/STDERR stream read finished.
[2025-10-06 06:19:35Z INFO ProcessInvokerWrapper] Finished process 30852 with exit code 0, and elapsed time 00:00:00.0287445.
[2025-10-06 06:19:35Z INFO LinuxProcessExtensions] Successfully dump environment variables for 30629
[2025-10-06 06:19:35Z INFO ExecutionContext] Publish step telemetry for current step {
  "action": "complete_job",
  "type": "runner",
  "stage": "Post",
  "stepId": "0ba5f877-36e7-4880-9cb2-c7db22d8ad41",
  "result": "succeeded",
  "errorMessages": [],
  "executionTimeInSeconds": 3,
  "startTime": "2025-10-06T06:19:33.220003Z",
  "finishTime": "2025-10-06T06:19:35.463634Z"
}.
[2025-10-06 06:19:35Z INFO JobRunner] Job result after all job steps finish: Failed
[2025-10-06 06:19:35Z INFO JobRunner] Completing the job execution context.
[2025-10-06 06:19:35Z INFO JobRunner] Shutting down the job server queue.
[2025-10-06 06:19:35Z INFO JobServerQueue] Fire signal to shutdown all queues.
[2025-10-06 06:19:38Z INFO JobServerQueue] Starting to upload diagnostic logs file to results service Build UnknownBuildNumber-Hugo Build.zip, /Users/jnalair/quiet-reference-site/actions-runner/_work/_temp/__default-support/Build UnknownBuildNumber-Hugo Build.zip
[2025-10-06 06:19:39Z INFO JobServerQueue] Tried to upload 2 file(s) to results, success rate: 2/2.
[2025-10-06 06:19:40Z INFO JobServerQueue] All queue process task stopped.
[2025-10-06 06:19:40Z INFO JobServerQueue] Try to append 1 batches web console lines for record '0ba5f877-36e7-4880-9cb2-c7db22d8ad41', success rate: 1/1.
[2025-10-06 06:19:40Z INFO JobServerQueue] Try to append 1 batches web console lines for record '6df74aad-cef0-5d30-8df0-834c9f47d44a', success rate: 1/1.
[2025-10-06 06:19:40Z INFO JobServerQueue] Web console line queue drained.
[2025-10-06 06:19:40Z INFO JobServerQueue] Uploading 2 files in one shot.
[2025-10-06 06:19:40Z INFO JobServerQueue] Try to upload 2 log files or attachments, success rate: 2/2.
[2025-10-06 06:19:40Z INFO JobServerQueue] File upload queue drained.
[2025-10-06 06:19:40Z INFO JobServerQueue] Starting results-based upload queue...
[2025-10-06 06:19:40Z INFO JobServerQueue] Uploading 2 file(s) in one shot through results service.
[2025-10-06 06:19:40Z INFO JobServerQueue] Got a step log file to send to results service.
[2025-10-06 06:19:40Z INFO JobServerQueue] Starting upload of step log file to results service ResultsLog, /Users/jnalair/quiet-reference-site/actions-runner/_diag/blocks/890e4f73-3e16-40f1-bdbe-33b8eb0f07e9_0ba5f877-36e7-4880-9cb2-c7db22d8ad41.1
[2025-10-06 06:19:41Z INFO JobServerQueue] Got a job log file to send to results service.
[2025-10-06 06:19:41Z INFO JobServerQueue] Starting upload of job log file to results service ResultsLog, /Users/jnalair/quiet-reference-site/actions-runner/_diag/blocks/890e4f73-3e16-40f1-bdbe-33b8eb0f07e9_6df74aad-cef0-5d30-8df0-834c9f47d44a.1
[2025-10-06 06:19:42Z INFO JobServerQueue] Tried to upload 2 file(s) to results, success rate: 2/2.
[2025-10-06 06:19:42Z INFO JobServerQueue] Results upload queue drained.
[2025-10-06 06:19:42Z INFO JobServerQueue] Timeline update queue drained.
[2025-10-06 06:19:42Z INFO JobServerQueue] Disposing job server ...
[2025-10-06 06:19:43Z INFO JobServerQueue] Disposing results server ...
[2025-10-06 06:19:43Z INFO JobServerQueue] All queue process tasks have been stopped, and all queues are drained.
[2025-10-06 06:19:43Z INFO TempDirectoryManager] Cleaning runner temp folder: /Users/jnalair/quiet-reference-site/actions-runner/_work/_temp
[2025-10-06 06:19:43Z INFO HostContext] Well known directory 'Bin': '/Users/jnalair/quiet-reference-site/actions-runner/bin'
[2025-10-06 06:19:43Z INFO HostContext] Well known directory 'Root': '/Users/jnalair/quiet-reference-site/actions-runner'
[2025-10-06 06:19:43Z INFO HostContext] Well known directory 'Diag': '/Users/jnalair/quiet-reference-site/actions-runner/_diag'
[2025-10-06 06:19:43Z INFO HostContext] Well known config file 'Telemetry': '/Users/jnalair/quiet-reference-site/actions-runner/_diag/.telemetry'
[2025-10-06 06:19:43Z INFO JobRunner] Raising job completed against run service
[2025-10-06 06:19:44Z INFO Worker] Job completed.
