[2025-10-06 07:12:06Z INFO HostContext] No proxy settings were found based on environmental variables (http_proxy/https_proxy/HTTP_PROXY/HTTPS_PROXY)
[2025-10-06 07:12:06Z INFO HostContext] Well known directory 'Bin': '/Users/jnalair/quiet-reference-site/actions-runner/bin'
[2025-10-06 07:12:06Z INFO HostContext] Well known directory 'Root': '/Users/jnalair/quiet-reference-site/actions-runner'
[2025-10-06 07:12:06Z INFO HostContext] Well known config file 'Credentials': '/Users/jnalair/quiet-reference-site/actions-runner/.credentials'
[2025-10-06 07:12:06Z INFO HostContext] Well known directory 'Bin': '/Users/jnalair/quiet-reference-site/actions-runner/bin'
[2025-10-06 07:12:06Z INFO HostContext] Well known directory 'Root': '/Users/jnalair/quiet-reference-site/actions-runner'
[2025-10-06 07:12:06Z INFO HostContext] Well known config file 'Runner': '/Users/jnalair/quiet-reference-site/actions-runner/.runner'
[2025-10-06 07:12:06Z INFO Worker] Version: 2.328.0
[2025-10-06 07:12:06Z INFO Worker] Commit: 6f9a9110adce65f44ca6f7c0ae142b9cc6af937b
[2025-10-06 07:12:06Z INFO Worker] Culture: en-PH
[2025-10-06 07:12:06Z INFO Worker] UI Culture: en-PH
[2025-10-06 07:12:06Z INFO Worker] Waiting to receive the job message from the channel.
[2025-10-06 07:12:06Z INFO ProcessChannel] Receiving message of length 19954, with hash 'f8498fbf3ac0058c8625b3d828c54a40a4a4620c006eea27ec9c8b2d6dbf6ff7'
[2025-10-06 07:12:06Z INFO Worker] Message received.
[2025-10-06 07:12:06Z INFO Worker] Job message:
 {
  "fileTable": [
    ".github/workflows/build-site.yml"
  ],
  "mask": [
    {
      "type": "regex",
      "value": "***"
    },
    {
      "type": "regex",
      "value": "***"
    },
    {
      "type": "regex",
      "value": "***"
    },
    {
      "type": "regex",
      "value": "***"
    },
    {
      "type": "regex",
      "value": "***"
    },
    {
      "type": "regex",
      "value": "***"
    },
    {
      "type": "regex",
      "value": "***"
    },
    {
      "type": "regex",
      "value": "***"
    },
    {
      "type": "regex",
      "value": "***"
    },
    {
      "type": "regex",
      "value": "***"
    },
    {
      "type": "regex",
      "value": "***"
    },
    {
      "type": "regex",
      "value": "***"
    },
    {
      "type": "regex",
      "value": "***"
    },
    {
      "type": "regex",
      "value": "***"
    },
    {
      "type": "regex",
      "value": "***"
    },
    {
      "type": "regex",
      "value": "***"
    },
    {
      "type": "regex",
      "value": "***"
    },
    {
      "type": "regex",
      "value": "***"
    }
  ],
  "steps": [
    {
      "type": "action",
      "reference": {
        "type": "repository",
        "name": "actions/checkout",
        "ref": "v3",
        "repositoryType": "GitHub"
      },
      "displayNameToken": {
        "type": 0,
        "file": 1,
        "line": 13,
        "col": 15,
        "lit": "Checkout repo"
      },
      "contextName": "__actions_checkout",
      "condition": "success()",
      "id": "29b4c57b-f7ac-484c-a0de-2c462427bdde",
      "name": "__actions_checkout"
    },
    {
      "type": "action",
      "reference": {
        "type": "script"
      },
      "displayNameToken": {
        "type": 0,
        "file": 1,
        "line": 16,
        "col": 15,
        "lit": "Install Hugo"
      },
      "contextName": "__run",
      "inputs": {
        "type": 2,
        "map": [
          {
            "key": "script",
            "value": {
              "type": 0,
              "file": 1,
              "line": 17,
              "col": 14,
              "lit": "npm install"
            }
          }
        ]
      },
      "condition": "success()",
      "id": "050d5208-a9aa-4f93-a6a1-4563a9cf4268",
      "name": "__run"
    },
    {
      "type": "action",
      "reference": {
        "type": "script"
      },
      "displayNameToken": {
        "type": 0,
        "file": 1,
        "line": 19,
        "col": 15,
        "lit": "Build site"
      },
      "contextName": "__run_2",
      "inputs": {
        "type": 2,
        "map": [
          {
            "key": "script",
            "value": {
              "type": 0,
              "file": 1,
              "line": 20,
              "col": 14,
              "lit": "npm run build"
            }
          }
        ]
      },
      "condition": "success()",
      "id": "bf457242-de1e-44ac-b83b-4b53f23ac65d",
      "name": "__run_2"
    }
  ],
  "variables": {
    "Actions.EnableHttpRedirects": {
      "value": "true"
    },
    "DistributedTask.AddWarningToNode12Action": {
      "value": "true"
    },
    "DistributedTask.AddWarningToNode16Action": {
      "value": "true"
    },
    "DistributedTask.AllowRunnerContainerHooks": {
      "value": "true"
    },
    "DistributedTask.DeprecateStepOutputCommands": {
      "value": "true"
    },
    "DistributedTask.DetailUntarFailure": {
      "value": "true"
    },
    "DistributedTask.EnableCompositeActions": {
      "value": "true"
    },
    "DistributedTask.EnableJobServerQueueTelemetry": {
      "value": "true"
    },
    "DistributedTask.EnhancedAnnotations": {
      "value": "true"
    },
    "DistributedTask.ForceGithubJavascriptActionsToNode16": {
      "value": "true"
    },
    "DistributedTask.ForceGithubJavascriptActionsToNode20": {
      "value": "true"
    },
    "DistributedTask.LogTemplateErrorsAsDebugMessages": {
      "value": "true"
    },
    "DistributedTask.MarkJobAsFailedOnWorkerCrash": {
      "value": "true"
    },
    "DistributedTask.NewActionMetadata": {
      "value": "true"
    },
    "DistributedTask.UploadStepSummary": {
      "value": "true"
    },
    "DistributedTask.UseActionArchiveCache": {
      "value": "true"
    },
    "DistributedTask.UseWhich2": {
      "value": "true"
    },
    "RunService.FixEmbeddedIssues": {
      "value": "true"
    },
    "actions_add_check_run_id_to_job_context": {
      "value": "true"
    },
    "actions_display_helpful_actions_download_errors": {
      "value": "true"
    },
    "actions_skip_retry_complete_job_upon_known_errors": {
      "value": "true"
    },
    "actions_uses_cache_service_v2": {
      "value": "true"
    },
    "github_token": {
      "value": "***",
      "isSecret": true
    },
    "system.from_run_service": {
      "value": "true"
    },
    "system.github.job": {
      "value": "build"
    },
    "system.github.launch_endpoint": {
      "value": "https://launch.actions.githubusercontent.com"
    },
    "system.github.results_endpoint": {
      "value": "https://results-receiver.actions.githubusercontent.com/"
    },
    "system.github.results_upload_with_sdk": {
      "value": "true"
    },
    "system.github.token": {
      "value": "***",
      "isSecret": true
    },
    "system.github.token.permissions": {
      "value": "{\"Actions\":\"write\",\"Attestations\":\"write\",\"Checks\":\"write\",\"Contents\":\"write\",\"Deployments\":\"write\",\"Discussions\":\"write\",\"Issues\":\"write\",\"Metadata\":\"read\",\"Models\":\"read\",\"Packages\":\"write\",\"Pages\":\"write\",\"PullRequests\":\"write\",\"RepositoryProjects\":\"write\",\"SecurityEvents\":\"write\",\"Statuses\":\"write\"}"
    },
    "system.orchestrationId": {
      "value": "1654fc12-0891-43d0-8aa4-dfb6f75763d7.build.__default"
    },
    "system.phaseDisplayName": {
      "value": "Hugo Build"
    },
    "system.runner.lowdiskspacethreshold": {
      "value": "100"
    },
    "system.runnerEnvironment": {
      "value": "self-hosted"
    },
    "system.runnerGroupName": {
      "value": "Default"
    }
  },
  "messageType": "RunnerJobRequest",
  "plan": {
    "scopeIdentifier": "00000000-0000-0000-0000-000000000000",
    "planType": "actions",
    "version": 0,
    "planId": "1654fc12-0891-43d0-8aa4-dfb6f75763d7",
    "planGroup": null,
    "artifactUri": null,
    "artifactLocation": null,
    "definition": null,
    "owner": null
  },
  "timeline": {
    "id": "1654fc12-0891-43d0-8aa4-dfb6f75763d7",
    "changeId": 0,
    "location": null
  },
  "jobId": "57687274-c5e9-5ed2-8291-a741bdeec7d0",
  "jobDisplayName": "Hugo Build",
  "jobName": "__default",
  "requestId": 0,
  "lockedUntil": "0001-01-01T00:00:00",
  "resources": {
    "endpoints": [
      {
        "data": {
          "ServerId": "",
          "ServerName": "",
          "CacheServerUrl": "https://artifactcache.actions.githubusercontent.com/SYCnhz2TBMyoZ9z75XCHm6D8trJWrhRorGx3S1opb6M1Cm28ce/",
          "FeedStreamUrl": "wss://results-receiver.actions.githubusercontent.com/_ws/ingest.sock",
          "ResultsServiceUrl": "https://results-receiver.actions.githubusercontent.com/",
          "PipelinesServiceUrl": "https://pipelinesghubeus11.actions.githubusercontent.com/SYCnhz2TBMyoZ9z75XCHm6D8trJWrhRorGx3S1opb6M1Cm28ce/",
          "GenerateIdTokenUrl": ""
        },
        "name": "SystemVssConnection",
        "url": "https://run-actions-3-azure-eastus.actions.githubusercontent.com/1/",
        "authorization": {
          "parameters": {
            "AccessToken": "***"
          },
          "scheme": "OAuth"
        },
        "isShared": false,
        "isReady": true
      }
    ]
  },
  "contextData": {
    "github": {
      "t": 2,
      "d": [
        {
          "k": "ref",
          "v": "refs/heads/Master"
        },
        {
          "k": "sha",
          "v": "413ee6e1ca304a6829dfbeb63b24ebdfe0b788c2"
        },
        {
          "k": "repository",
          "v": "Vodkashot28/quiet-reference-site"
        },
        {
          "k": "repository_owner",
          "v": "Vodkashot28"
        },
        {
          "k": "repository_owner_id",
          "v": "183611920"
        },
        {
          "k": "repositoryUrl",
          "v": "git://github.com/Vodkashot28/quiet-reference-site.git"
        },
        {
          "k": "run_id",
          "v": "18272956784"
        },
        {
          "k": "run_number",
          "v": "2"
        },
        {
          "k": "retention_days",
          "v": "90"
        },
        {
          "k": "run_attempt",
          "v": "1"
        },
        {
          "k": "artifact_cache_size_limit",
          "v": "10"
        },
        {
          "k": "repository_visibility",
          "v": "public"
        },
        {
          "k": "actor_id",
          "v": "183611920"
        },
        {
          "k": "actor",
          "v": "Vodkashot28"
        },
        {
          "k": "workflow",
          "v": "Build Site"
        },
        {
          "k": "head_ref",
          "v": ""
        },
        {
          "k": "base_ref",
          "v": ""
        },
        {
          "k": "event_name",
          "v": "push"
        },
        {
          "k": "server_url",
          "v": "https://github.com"
        },
        {
          "k": "api_url",
          "v": "https://api.github.com"
        },
        {
          "k": "graphql_url",
          "v": "https://api.github.com/graphql"
        },
        {
          "k": "ref_name",
          "v": "Master"
        },
        {
          "k": "ref_protected",
          "v": false
        },
        {
          "k": "ref_type",
          "v": "branch"
        },
        {
          "k": "secret_source",
          "v": "Actions"
        },
        {
          "k": "event",
          "v": {
            "t": 2,
            "d": [
              {
                "k": "after",
                "v": "413ee6e1ca304a6829dfbeb63b24ebdfe0b788c2"
              },
              {
                "k": "base_ref",
                "v": null
              },
              {
                "k": "before",
                "v": "1adb418d9e6a53081819133b7e4d526b14a369ac"
              },
              {
                "k": "commits",
                "v": {
                  "t": 1,
                  "a": [
                    {
                      "t": 2,
                      "d": [
                        {
                          "k": "author",
                          "v": {
                            "t": 2,
                            "d": [
                              {
                                "k": "email",
                                "v": "183611920+Vodkashot28@users.noreply.github.com"
                              },
                              {
                                "k": "name",
                                "v": "vodkashot"
                              },
                              {
                                "k": "username",
                                "v": "Vodkashot28"
                              }
                            ]
                          }
                        },
                        {
                          "k": "committer",
                          "v": {
                            "t": 2,
                            "d": [
                              {
                                "k": "email",
                                "v": "noreply@github.com"
                              },
                              {
                                "k": "name",
                                "v": "GitHub"
                              },
                              {
                                "k": "username",
                                "v": "web-flow"
                              }
                            ]
                          }
                        },
                        {
                          "k": "distinct",
                          "v": true
                        },
                        {
                          "k": "id",
                          "v": "413ee6e1ca304a6829dfbeb63b24ebdfe0b788c2"
                        },
                        {
                          "k": "message",
                          "v": "Update package.json"
                        },
                        {
                          "k": "timestamp",
                          "v": "2025-10-06T15:11:47+08:00"
                        },
                        {
                          "k": "tree_id",
                          "v": "9ffff35dce7cd3414ae64617ebccbc9725d6d5ed"
                        },
                        {
                          "k": "url",
                          "v": "https://github.com/Vodkashot28/quiet-reference-site/commit/413ee6e1ca304a6829dfbeb63b24ebdfe0b788c2"
                        }
                      ]
                    }
                  ]
                }
              },
              {
                "k": "compare",
                "v": "https://github.com/Vodkashot28/quiet-reference-site/compare/1adb418d9e6a...413ee6e1ca30"
              },
              {
                "k": "created",
                "v": false
              },
              {
                "k": "deleted",
                "v": false
              },
              {
                "k": "forced",
                "v": false
              },
              {
                "k": "head_commit",
                "v": {
                  "t": 2,
                  "d": [
                    {
                      "k": "author",
                      "v": {
                        "t": 2,
                        "d": [
                          {
                            "k": "email",
                            "v": "183611920+Vodkashot28@users.noreply.github.com"
                          },
                          {
                            "k": "name",
                            "v": "vodkashot"
                          },
                          {
                            "k": "username",
                            "v": "Vodkashot28"
                          }
                        ]
                      }
                    },
                    {
                      "k": "committer",
                      "v": {
                        "t": 2,
                        "d": [
                          {
                            "k": "email",
                            "v": "noreply@github.com"
                          },
                          {
                            "k": "name",
                            "v": "GitHub"
                          },
                          {
                            "k": "username",
                            "v": "web-flow"
                          }
                        ]
                      }
                    },
                    {
                      "k": "distinct",
                      "v": true
                    },
                    {
                      "k": "id",
                      "v": "413ee6e1ca304a6829dfbeb63b24ebdfe0b788c2"
                    },
                    {
                      "k": "message",
                      "v": "Update package.json"
                    },
                    {
                      "k": "timestamp",
                      "v": "2025-10-06T15:11:47+08:00"
                    },
                    {
                      "k": "tree_id",
                      "v": "9ffff35dce7cd3414ae64617ebccbc9725d6d5ed"
                    },
                    {
                      "k": "url",
                      "v": "https://github.com/Vodkashot28/quiet-reference-site/commit/413ee6e1ca304a6829dfbeb63b24ebdfe0b788c2"
                    }
                  ]
                }
              },
              {
                "k": "pusher",
                "v": {
                  "t": 2,
                  "d": [
                    {
                      "k": "email",
                      "v": "183611920+Vodkashot28@users.noreply.github.com"
                    },
                    {
                      "k": "name",
                      "v": "Vodkashot28"
                    }
                  ]
                }
              },
              {
                "k": "ref",
                "v": "refs/heads/Master"
              },
              {
                "k": "repository",
                "v": {
                  "t": 2,
                  "d": [
                    {
                      "k": "allow_forking",
                      "v": true
                    },
                    {
                      "k": "archive_url",
                      "v": "https://api.github.com/repos/Vodkashot28/quiet-reference-site/{archive_format}{/ref}"
                    },
                    {
                      "k": "archived",
                      "v": false
                    },
                    {
                      "k": "assignees_url",
                      "v": "https://api.github.com/repos/Vodkashot28/quiet-reference-site/assignees{/user}"
                    },
                    {
                      "k": "blobs_url",
                      "v": "https://api.github.com/repos/Vodkashot28/quiet-reference-site/git/blobs{/sha}"
                    },
                    {
                      "k": "branches_url",
                      "v": "https://api.github.com/repos/Vodkashot28/quiet-reference-site/branches{/branch}"
                    },
                    {
                      "k": "clone_url",
                      "v": "https://github.com/Vodkashot28/quiet-reference-site.git"
                    },
                    {
                      "k": "collaborators_url",
                      "v": "https://api.github.com/repos/Vodkashot28/quiet-reference-site/collaborators{/collaborator}"
                    },
                    {
                      "k": "comments_url",
                      "v": "https://api.github.com/repos/Vodkashot28/quiet-reference-site/comments{/number}"
                    },
                    {
                      "k": "commits_url",
                      "v": "https://api.github.com/repos/Vodkashot28/quiet-reference-site/commits{/sha}"
                    },
                    {
                      "k": "compare_url",
                      "v": "https://api.github.com/repos/Vodkashot28/quiet-reference-site/compare/{base}...{head}"
                    },
                    {
                      "k": "contents_url",
                      "v": "https://api.github.com/repos/Vodkashot28/quiet-reference-site/contents/{+path}"
                    },
                    {
                      "k": "contributors_url",
                      "v": "https://api.github.com/repos/Vodkashot28/quiet-reference-site/contributors"
                    },
                    {
                      "k": "created_at",
                      "v": 1757832047.0
                    },
                    {
                      "k": "default_branch",
                      "v": "Master"
                    },
                    {
                      "k": "deployments_url",
                      "v": "https://api.github.com/repos/Vodkashot28/quiet-reference-site/deployments"
                    },
                    {
                      "k": "description",
                      "v": "Sanctuary for truth, restraint, and emotional clarity"
                    },
                    {
                      "k": "disabled",
                      "v": false
                    },
                    {
                      "k": "downloads_url",
                      "v": "https://api.github.com/repos/Vodkashot28/quiet-reference-site/downloads"
                    },
                    {
                      "k": "events_url",
                      "v": "https://api.github.com/repos/Vodkashot28/quiet-reference-site/events"
                    },
                    {
                      "k": "fork",
                      "v": false
                    },
                    {
                      "k": "forks",
                      "v": 0.0
                    },
                    {
                      "k": "forks_count",
                      "v": 0.0
                    },
                    {
                      "k": "forks_url",
                      "v": "https://api.github.com/repos/Vodkashot28/quiet-reference-site/forks"
                    },
                    {
                      "k": "full_name",
                      "v": "Vodkashot28/quiet-reference-site"
                    },
                    {
                      "k": "git_commits_url",
                      "v": "https://api.github.com/repos/Vodkashot28/quiet-reference-site/git/commits{/sha}"
                    },
                    {
                      "k": "git_refs_url",
                      "v": "https://api.github.com/repos/Vodkashot28/quiet-reference-site/git/refs{/sha}"
                    },
                    {
                      "k": "git_tags_url",
                      "v": "https://api.github.com/repos/Vodkashot28/quiet-reference-site/git/tags{/sha}"
                    },
                    {
                      "k": "git_url",
                      "v": "git://github.com/Vodkashot28/quiet-reference-site.git"
                    },
                    {
                      "k": "has_discussions",
                      "v": false
                    },
                    {
                      "k": "has_downloads",
                      "v": true
                    },
                    {
                      "k": "has_issues",
                      "v": true
                    },
                    {
                      "k": "has_pages",
                      "v": true
                    },
                    {
                      "k": "has_projects",
                      "v": true
                    },
                    {
                      "k": "has_wiki",
                      "v": false
                    },
                    {
                      "k": "homepage",
                      "v": null
                    },
                    {
                      "k": "hooks_url",
                      "v": "https://api.github.com/repos/Vodkashot28/quiet-reference-site/hooks"
                    },
                    {
                      "k": "html_url",
                      "v": "https://github.com/Vodkashot28/quiet-reference-site"
                    },
                    {
                      "k": "id",
                      "v": 1056467739.0
                    },
                    {
                      "k": "is_template",
                      "v": true
                    },
                    {
                      "k": "issue_comment_url",
                      "v": "https://api.github.com/repos/Vodkashot28/quiet-reference-site/issues/comments{/number}"
                    },
                    {
                      "k": "issue_events_url",
                      "v": "https://api.github.com/repos/Vodkashot28/quiet-reference-site/issues/events{/number}"
                    },
                    {
                      "k": "issues_url",
                      "v": "https://api.github.com/repos/Vodkashot28/quiet-reference-site/issues{/number}"
                    },
                    {
                      "k": "keys_url",
                      "v": "https://api.github.com/repos/Vodkashot28/quiet-reference-site/keys{/key_id}"
                    },
                    {
                      "k": "labels_url",
                      "v": "https://api.github.com/repos/Vodkashot28/quiet-reference-site/labels{/name}"
                    },
                    {
                      "k": "language",
                      "v": "HTML"
                    },
                    {
                      "k": "languages_url",
                      "v": "https://api.github.com/repos/Vodkashot28/quiet-reference-site/languages"
                    },
                    {
                      "k": "license",
                      "v": null
                    },
                    {
                      "k": "master_branch",
                      "v": "Master"
                    },
                    {
                      "k": "merges_url",
                      "v": "https://api.github.com/repos/Vodkashot28/quiet-reference-site/merges"
                    },
                    {
                      "k": "milestones_url",
                      "v": "https://api.github.com/repos/Vodkashot28/quiet-reference-site/milestones{/number}"
                    },
                    {
                      "k": "mirror_url",
                      "v": null
                    },
                    {
                      "k": "name",
                      "v": "quiet-reference-site"
                    },
                    {
                      "k": "node_id",
                      "v": "R_kgDOPvhrGw"
                    },
                    {
                      "k": "notifications_url",
                      "v": "https://api.github.com/repos/Vodkashot28/quiet-reference-site/notifications{?since,all,participating}"
                    },
                    {
                      "k": "open_issues",
                      "v": 0.0
                    },
                    {
                      "k": "open_issues_count",
                      "v": 0.0
                    },
                    {
                      "k": "owner",
                      "v": {
                        "t": 2,
                        "d": [
                          {
                            "k": "avatar_url",
                            "v": "https://avatars.githubusercontent.com/u/183611920?v=4"
                          },
                          {
                            "k": "email",
                            "v": "183611920+Vodkashot28@users.noreply.github.com"
                          },
                          {
                            "k": "events_url",
                            "v": "https://api.github.com/users/Vodkashot28/events{/privacy}"
                          },
                          {
                            "k": "followers_url",
                            "v": "https://api.github.com/users/Vodkashot28/followers"
                          },
                          {
                            "k": "following_url",
                            "v": "https://api.github.com/users/Vodkashot28/following{/other_user}"
                          },
                          {
                            "k": "gists_url",
                            "v": "https://api.github.com/users/Vodkashot28/gists{/gist_id}"
                          },
                          {
                            "k": "gravatar_id",
                            "v": ""
                          },
                          {
                            "k": "html_url",
                            "v": "https://github.com/Vodkashot28"
                          },
                          {
                            "k": "id",
                            "v": 183611920.0
                          },
                          {
                            "k": "login",
                            "v": "Vodkashot28"
                          },
                          {
                            "k": "name",
                            "v": "Vodkashot28"
                          },
                          {
                            "k": "node_id",
                            "v": "U_kgDOCvGyEA"
                          },
                          {
                            "k": "organizations_url",
                            "v": "https://api.github.com/users/Vodkashot28/orgs"
                          },
                          {
                            "k": "received_events_url",
                            "v": "https://api.github.com/users/Vodkashot28/received_events"
                          },
                          {
                            "k": "repos_url",
                            "v": "https://api.github.com/users/Vodkashot28/repos"
                          },
                          {
                            "k": "site_admin",
                            "v": false
                          },
                          {
                            "k": "starred_url",
                            "v": "https://api.github.com/users/Vodkashot28/starred{/owner}{/repo}"
                          },
                          {
                            "k": "subscriptions_url",
                            "v": "https://api.github.com/users/Vodkashot28/subscriptions"
                          },
                          {
                            "k": "type",
                            "v": "User"
                          },
                          {
                            "k": "url",
                            "v": "https://api.github.com/users/Vodkashot28"
                          },
                          {
                            "k": "user_view_type",
                            "v": "public"
                          }
                        ]
                      }
                    },
                    {
                      "k": "private",
                      "v": false
                    },
                    {
                      "k": "pulls_url",
                      "v": "https://api.github.com/repos/Vodkashot28/quiet-reference-site/pulls{/number}"
                    },
                    {
                      "k": "pushed_at",
                      "v": 1759734707.0
                    },
                    {
                      "k": "releases_url",
                      "v": "https://api.github.com/repos/Vodkashot28/quiet-reference-site/releases{/id}"
                    },
                    {
                      "k": "size",
                      "v": 70599.0
                    },
                    {
                      "k": "ssh_url",
                      "v": "git@github.com:Vodkashot28/quiet-reference-site.git"
                    },
                    {
                      "k": "stargazers",
                      "v": 0.0
                    },
                    {
                      "k": "stargazers_count",
                      "v": 0.0
                    },
                    {
                      "k": "stargazers_url",
                      "v": "https://api.github.com/repos/Vodkashot28/quiet-reference-site/stargazers"
                    },
                    {
                      "k": "statuses_url",
                      "v": "https://api.github.com/repos/Vodkashot28/quiet-reference-site/statuses/{sha}"
                    },
                    {
                      "k": "subscribers_url",
                      "v": "https://api.github.com/repos/Vodkashot28/quiet-reference-site/subscribers"
                    },
                    {
                      "k": "subscription_url",
                      "v": "https://api.github.com/repos/Vodkashot28/quiet-reference-site/subscription"
                    },
                    {
                      "k": "svn_url",
                      "v": "https://github.com/Vodkashot28/quiet-reference-site"
                    },
                    {
                      "k": "tags_url",
                      "v": "https://api.github.com/repos/Vodkashot28/quiet-reference-site/tags"
                    },
                    {
                      "k": "teams_url",
                      "v": "https://api.github.com/repos/Vodkashot28/quiet-reference-site/teams"
                    },
                    {
                      "k": "topics",
                      "v": {
                        "t": 1
                      }
                    },
                    {
                      "k": "trees_url",
                      "v": "https://api.github.com/repos/Vodkashot28/quiet-reference-site/git/trees{/sha}"
                    },
                    {
                      "k": "updated_at",
                      "v": "2025-10-06T06:42:52Z"
                    },
                    {
                      "k": "url",
                      "v": "https://api.github.com/repos/Vodkashot28/quiet-reference-site"
                    },
                    {
                      "k": "visibility",
                      "v": "public"
                    },
                    {
                      "k": "watchers",
                      "v": 0.0
                    },
                    {
                      "k": "watchers_count",
                      "v": 0.0
                    },
                    {
                      "k": "web_commit_signoff_required",
                      "v": false
                    }
                  ]
                }
              },
              {
                "k": "sender",
                "v": {
                  "t": 2,
                  "d": [
                    {
                      "k": "avatar_url",
                      "v": "https://avatars.githubusercontent.com/u/183611920?v=4"
                    },
                    {
                      "k": "events_url",
                      "v": "https://api.github.com/users/Vodkashot28/events{/privacy}"
                    },
                    {
                      "k": "followers_url",
                      "v": "https://api.github.com/users/Vodkashot28/followers"
                    },
                    {
                      "k": "following_url",
                      "v": "https://api.github.com/users/Vodkashot28/following{/other_user}"
                    },
                    {
                      "k": "gists_url",
                      "v": "https://api.github.com/users/Vodkashot28/gists{/gist_id}"
                    },
                    {
                      "k": "gravatar_id",
                      "v": ""
                    },
                    {
                      "k": "html_url",
                      "v": "https://github.com/Vodkashot28"
                    },
                    {
                      "k": "id",
                      "v": 183611920.0
                    },
                    {
                      "k": "login",
                      "v": "Vodkashot28"
                    },
                    {
                      "k": "node_id",
                      "v": "U_kgDOCvGyEA"
                    },
                    {
                      "k": "organizations_url",
                      "v": "https://api.github.com/users/Vodkashot28/orgs"
                    },
                    {
                      "k": "received_events_url",
                      "v": "https://api.github.com/users/Vodkashot28/received_events"
                    },
                    {
                      "k": "repos_url",
                      "v": "https://api.github.com/users/Vodkashot28/repos"
                    },
                    {
                      "k": "site_admin",
                      "v": false
                    },
                    {
                      "k": "starred_url",
                      "v": "https://api.github.com/users/Vodkashot28/starred{/owner}{/repo}"
                    },
                    {
                      "k": "subscriptions_url",
                      "v": "https://api.github.com/users/Vodkashot28/subscriptions"
                    },
                    {
                      "k": "type",
                      "v": "User"
                    },
                    {
                      "k": "url",
                      "v": "https://api.github.com/users/Vodkashot28"
                    },
                    {
                      "k": "user_view_type",
                      "v": "public"
                    }
                  ]
                }
              }
            ]
          }
        },
        {
          "k": "workflow_ref",
          "v": "Vodkashot28/quiet-reference-site/.github/workflows/build-site.yml@refs/heads/Master"
        },
        {
          "k": "workflow_sha",
          "v": "413ee6e1ca304a6829dfbeb63b24ebdfe0b788c2"
        },
        {
          "k": "repository_id",
          "v": "1056467739"
        },
        {
          "k": "triggering_actor",
          "v": "Vodkashot28"
        }
      ]
    },
    "inputs": {
      "t": 2
    },
    "job": {
      "t": 2,
      "d": [
        {
          "k": "check_run_id",
          "v": 52018708345.0
        }
      ]
    },
    "matrix": null,
    "needs": {
      "t": 2
    },
    "strategy": {
      "t": 2,
      "d": [
        {
          "k": "fail-fast",
          "v": true
        },
        {
          "k": "job-index",
          "v": 0.0
        },
        {
          "k": "job-total",
          "v": 1.0
        },
        {
          "k": "max-parallel",
          "v": 1.0
        }
      ]
    },
    "vars": {
      "t": 2
    }
  },
  "billingOwnerId": "U_kgDOCvGyEA"
}
[2025-10-06 07:12:06Z INFO JobRunner] Job ID 57687274-c5e9-5ed2-8291-a741bdeec7d0
[2025-10-06 07:12:06Z INFO ConfigurationStore] currentAssemblyLocation: /Users/jnalair/quiet-reference-site/actions-runner/bin/Runner.Worker.dll
[2025-10-06 07:12:06Z INFO HostContext] Well known directory 'Bin': '/Users/jnalair/quiet-reference-site/actions-runner/bin'
[2025-10-06 07:12:06Z INFO ConfigurationStore] binPath: /Users/jnalair/quiet-reference-site/actions-runner/bin
[2025-10-06 07:12:06Z INFO HostContext] Well known directory 'Bin': '/Users/jnalair/quiet-reference-site/actions-runner/bin'
[2025-10-06 07:12:06Z INFO HostContext] Well known directory 'Root': '/Users/jnalair/quiet-reference-site/actions-runner'
[2025-10-06 07:12:06Z INFO ConfigurationStore] RootFolder: /Users/jnalair/quiet-reference-site/actions-runner
[2025-10-06 07:12:06Z INFO HostContext] Well known directory 'Bin': '/Users/jnalair/quiet-reference-site/actions-runner/bin'
[2025-10-06 07:12:06Z INFO HostContext] Well known directory 'Root': '/Users/jnalair/quiet-reference-site/actions-runner'
[2025-10-06 07:12:06Z INFO HostContext] Well known config file 'Runner': '/Users/jnalair/quiet-reference-site/actions-runner/.runner'
[2025-10-06 07:12:06Z INFO ConfigurationStore] ConfigFilePath: /Users/jnalair/quiet-reference-site/actions-runner/.runner
[2025-10-06 07:12:06Z INFO HostContext] Well known directory 'Bin': '/Users/jnalair/quiet-reference-site/actions-runner/bin'
[2025-10-06 07:12:06Z INFO HostContext] Well known directory 'Root': '/Users/jnalair/quiet-reference-site/actions-runner'
[2025-10-06 07:12:06Z INFO HostContext] Well known config file 'MigratedRunner': '/Users/jnalair/quiet-reference-site/actions-runner/.runner_migrated'
[2025-10-06 07:12:06Z INFO ConfigurationStore] MigratedConfigFilePath: /Users/jnalair/quiet-reference-site/actions-runner/.runner_migrated
[2025-10-06 07:12:06Z INFO HostContext] Well known directory 'Bin': '/Users/jnalair/quiet-reference-site/actions-runner/bin'
[2025-10-06 07:12:06Z INFO HostContext] Well known directory 'Root': '/Users/jnalair/quiet-reference-site/actions-runner'
[2025-10-06 07:12:06Z INFO HostContext] Well known config file 'Credentials': '/Users/jnalair/quiet-reference-site/actions-runner/.credentials'
[2025-10-06 07:12:06Z INFO ConfigurationStore] CredFilePath: /Users/jnalair/quiet-reference-site/actions-runner/.credentials
[2025-10-06 07:12:06Z INFO HostContext] Well known directory 'Bin': '/Users/jnalair/quiet-reference-site/actions-runner/bin'
[2025-10-06 07:12:06Z INFO HostContext] Well known directory 'Root': '/Users/jnalair/quiet-reference-site/actions-runner'
[2025-10-06 07:12:06Z INFO HostContext] Well known config file 'MigratedCredentials': '/Users/jnalair/quiet-reference-site/actions-runner/.credentials_migrated'
[2025-10-06 07:12:06Z INFO ConfigurationStore] MigratedCredFilePath: /Users/jnalair/quiet-reference-site/actions-runner/.credentials_migrated
[2025-10-06 07:12:06Z INFO HostContext] Well known directory 'Bin': '/Users/jnalair/quiet-reference-site/actions-runner/bin'
[2025-10-06 07:12:06Z INFO HostContext] Well known directory 'Root': '/Users/jnalair/quiet-reference-site/actions-runner'
[2025-10-06 07:12:06Z INFO HostContext] Well known config file 'Service': '/Users/jnalair/quiet-reference-site/actions-runner/.service'
[2025-10-06 07:12:06Z INFO ConfigurationStore] ServiceConfigFilePath: /Users/jnalair/quiet-reference-site/actions-runner/.service
[2025-10-06 07:12:06Z INFO ConfigurationStore] Read setting file: 394 chars
[2025-10-06 07:12:06Z INFO JobRunner] Initializing launch client
[2025-10-06 07:12:06Z INFO JobServerQueue] Initializing results client
[2025-10-06 07:12:06Z INFO ResultServer] Creating websocket client ...wss://results-receiver.actions.githubusercontent.com/_ws/ingest.sock
[2025-10-06 07:12:06Z INFO ResultServer] Attempting to start websocket client with delay 00:00:00.
[2025-10-06 07:12:06Z INFO JobServerQueue] Start process web console line queue.
[2025-10-06 07:12:06Z INFO JobServerQueue] Start process file upload queue.
[2025-10-06 07:12:06Z INFO JobServerQueue] Start results file upload queue.
[2025-10-06 07:12:06Z INFO JobServerQueue] Starting results-based upload queue...
[2025-10-06 07:12:06Z INFO JobServerQueue] Start process timeline update queue.
[2025-10-06 07:12:07Z INFO ExecutionContext] Initializing Job context
[2025-10-06 07:12:07Z INFO ExecutionContext] Initialize GitHub context
[2025-10-06 07:12:07Z INFO ExecutionContext] Initialize Env context
[2025-10-06 07:12:07Z INFO HostContext] Well known directory 'Bin': '/Users/jnalair/quiet-reference-site/actions-runner/bin'
[2025-10-06 07:12:07Z INFO HostContext] Well known directory 'Root': '/Users/jnalair/quiet-reference-site/actions-runner'
[2025-10-06 07:12:07Z INFO HostContext] Well known directory 'Diag': '/Users/jnalair/quiet-reference-site/actions-runner/_diag'
[2025-10-06 07:12:07Z INFO HostContext] Well known directory 'Bin': '/Users/jnalair/quiet-reference-site/actions-runner/bin'
[2025-10-06 07:12:07Z INFO HostContext] Well known directory 'Root': '/Users/jnalair/quiet-reference-site/actions-runner'
[2025-10-06 07:12:07Z INFO HostContext] Well known directory 'Diag': '/Users/jnalair/quiet-reference-site/actions-runner/_diag'
[2025-10-06 07:12:07Z INFO JobRunner] Starting the job execution context.
[2025-10-06 07:12:07Z INFO HostContext] Well known directory 'Bin': '/Users/jnalair/quiet-reference-site/actions-runner/bin'
[2025-10-06 07:12:07Z INFO HostContext] Well known directory 'Root': '/Users/jnalair/quiet-reference-site/actions-runner'
[2025-10-06 07:12:07Z INFO HostContext] Well known directory 'Work': '/Users/jnalair/quiet-reference-site/actions-runner/_work'
[2025-10-06 07:12:07Z INFO JobRunner] Validating directory permissions for: '/Users/jnalair/quiet-reference-site/actions-runner/_work'
[2025-10-06 07:12:07Z INFO HostContext] Well known directory 'Bin': '/Users/jnalair/quiet-reference-site/actions-runner/bin'
[2025-10-06 07:12:07Z INFO HostContext] Well known directory 'Root': '/Users/jnalair/quiet-reference-site/actions-runner'
[2025-10-06 07:12:07Z INFO HostContext] Well known directory 'Work': '/Users/jnalair/quiet-reference-site/actions-runner/_work'
[2025-10-06 07:12:07Z INFO HostContext] Well known directory 'Tools': '/Users/jnalair/quiet-reference-site/actions-runner/_work/_tool'
[2025-10-06 07:12:07Z INFO HostContext] Well known directory 'Bin': '/Users/jnalair/quiet-reference-site/actions-runner/bin'
[2025-10-06 07:12:07Z INFO HostContext] Well known directory 'Root': '/Users/jnalair/quiet-reference-site/actions-runner'
[2025-10-06 07:12:07Z INFO HostContext] Well known directory 'Work': '/Users/jnalair/quiet-reference-site/actions-runner/_work'
[2025-10-06 07:12:07Z INFO HostContext] Well known directory 'Temp': '/Users/jnalair/quiet-reference-site/actions-runner/_work/_temp'
[2025-10-06 07:12:07Z INFO JobRunner] Getting job extension.
[2025-10-06 07:12:07Z INFO JobRunner] Initialize job. Getting all job steps.
[2025-10-06 07:12:07Z INFO HostContext] Well known directory 'Bin': '/Users/jnalair/quiet-reference-site/actions-runner/bin'
[2025-10-06 07:12:07Z INFO HostContext] Well known directory 'Root': '/Users/jnalair/quiet-reference-site/actions-runner'
[2025-10-06 07:12:07Z INFO HostContext] Well known directory 'Diag': '/Users/jnalair/quiet-reference-site/actions-runner/_diag'
[2025-10-06 07:12:07Z INFO HostContext] Well known directory 'Bin': '/Users/jnalair/quiet-reference-site/actions-runner/bin'
[2025-10-06 07:12:07Z INFO HostContext] Well known directory 'Root': '/Users/jnalair/quiet-reference-site/actions-runner'
[2025-10-06 07:12:07Z INFO HostContext] Well known directory 'Diag': '/Users/jnalair/quiet-reference-site/actions-runner/_diag'
[2025-10-06 07:12:07Z INFO HostContext] Well known directory 'Bin': '/Users/jnalair/quiet-reference-site/actions-runner/bin'
[2025-10-06 07:12:07Z INFO HostContext] Well known directory 'Root': '/Users/jnalair/quiet-reference-site/actions-runner'
[2025-10-06 07:12:07Z INFO HostContext] Well known config file 'Credentials': '/Users/jnalair/quiet-reference-site/actions-runner/.credentials'
[2025-10-06 07:12:07Z INFO HostContext] Well known directory 'Bin': '/Users/jnalair/quiet-reference-site/actions-runner/bin'
[2025-10-06 07:12:07Z INFO HostContext] Well known directory 'Root': '/Users/jnalair/quiet-reference-site/actions-runner'
[2025-10-06 07:12:07Z INFO HostContext] Well known config file 'SetupInfo': '/Users/jnalair/quiet-reference-site/actions-runner/.setup_info'
[2025-10-06 07:12:07Z INFO HostContext] Well known directory 'Bin': '/Users/jnalair/quiet-reference-site/actions-runner/bin'
[2025-10-06 07:12:07Z INFO HostContext] Well known directory 'Root': '/Users/jnalair/quiet-reference-site/actions-runner'
[2025-10-06 07:12:07Z INFO HostContext] Well known directory 'Work': '/Users/jnalair/quiet-reference-site/actions-runner/_work'
[2025-10-06 07:12:07Z INFO PipelineDirectoryManager] Loading tracking config if exists: /Users/jnalair/quiet-reference-site/actions-runner/_work/_PipelineMapping/Vodkashot28/quiet-reference-site/PipelineFolder.json
[2025-10-06 07:12:07Z INFO PipelineDirectoryManager] Updating job run properties.
[2025-10-06 07:12:07Z INFO HostContext] Well known directory 'Bin': '/Users/jnalair/quiet-reference-site/actions-runner/bin'
[2025-10-06 07:12:07Z INFO HostContext] Well known directory 'Root': '/Users/jnalair/quiet-reference-site/actions-runner'
[2025-10-06 07:12:07Z INFO HostContext] Well known directory 'Work': '/Users/jnalair/quiet-reference-site/actions-runner/_work'
[2025-10-06 07:12:07Z INFO HostContext] Well known directory 'Bin': '/Users/jnalair/quiet-reference-site/actions-runner/bin'
[2025-10-06 07:12:07Z INFO HostContext] Well known directory 'Root': '/Users/jnalair/quiet-reference-site/actions-runner'
[2025-10-06 07:12:07Z INFO HostContext] Well known directory 'Work': '/Users/jnalair/quiet-reference-site/actions-runner/_work'
[2025-10-06 07:12:07Z INFO HostContext] Well known directory 'Bin': '/Users/jnalair/quiet-reference-site/actions-runner/bin'
[2025-10-06 07:12:07Z INFO HostContext] Well known directory 'Root': '/Users/jnalair/quiet-reference-site/actions-runner'
[2025-10-06 07:12:07Z INFO HostContext] Well known directory 'Work': '/Users/jnalair/quiet-reference-site/actions-runner/_work'
[2025-10-06 07:12:07Z INFO JobExtension] Downloading actions
[2025-10-06 07:12:07Z INFO HostContext] Well known directory 'Bin': '/Users/jnalair/quiet-reference-site/actions-runner/bin'
[2025-10-06 07:12:07Z INFO HostContext] Well known directory 'Root': '/Users/jnalair/quiet-reference-site/actions-runner'
[2025-10-06 07:12:07Z INFO HostContext] Well known directory 'Work': '/Users/jnalair/quiet-reference-site/actions-runner/_work'
[2025-10-06 07:12:07Z INFO HostContext] Well known directory 'Actions': '/Users/jnalair/quiet-reference-site/actions-runner/_work/_actions'
[2025-10-06 07:12:07Z INFO Worker] Listening for cancel message from the channel.
[2025-10-06 07:12:07Z INFO Worker] Waiting for the job to complete or for a cancel message from the channel.
[2025-10-06 07:12:11Z INFO JobServerQueue] Job timeline record has been updated for the first time.
[2025-10-06 07:12:11Z INFO HostContext] Well known directory 'Bin': '/Users/jnalair/quiet-reference-site/actions-runner/bin'
[2025-10-06 07:12:11Z INFO HostContext] Well known directory 'Root': '/Users/jnalair/quiet-reference-site/actions-runner'
[2025-10-06 07:12:11Z INFO HostContext] Well known directory 'Work': '/Users/jnalair/quiet-reference-site/actions-runner/_work'
[2025-10-06 07:12:11Z INFO HostContext] Well known directory 'Actions': '/Users/jnalair/quiet-reference-site/actions-runner/_work/_actions'
[2025-10-06 07:12:11Z INFO HostContext] Well known directory 'Bin': '/Users/jnalair/quiet-reference-site/actions-runner/bin'
[2025-10-06 07:12:11Z INFO HostContext] Well known directory 'Root': '/Users/jnalair/quiet-reference-site/actions-runner'
[2025-10-06 07:12:11Z INFO HostContext] Well known directory 'Work': '/Users/jnalair/quiet-reference-site/actions-runner/_work'
[2025-10-06 07:12:11Z INFO HostContext] Well known directory 'Actions': '/Users/jnalair/quiet-reference-site/actions-runner/_work/_actions'
[2025-10-06 07:12:11Z INFO ActionManager] Save archive 'https://api.github.com/repos/actions/checkout/tarball/f43a0e5ff2bd294095638e18286ca9a3d1956744' into /Users/jnalair/quiet-reference-site/actions-runner/_work/_actions/_temp_7f0748ce-e7e2-4ec7-a386-ca59e235d781/da5e6d6b-05f5-4cee-bb08-28ae7967e185.tar.gz.
[2025-10-06 07:12:12Z INFO ResultServer] Successfully started websocket client.
[2025-10-06 07:12:12Z INFO JobServerQueue] Try to append 1 batches web console lines for record '2c5265b8-d063-4c76-b0b9-183bb25eaa04', success rate: 1/1.
[2025-10-06 07:12:12Z INFO JobServerQueue] Try to append 1 batches web console lines for record '2c5265b8-d063-4c76-b0b9-183bb25eaa04', success rate: 1/1.
[2025-10-06 07:12:20Z INFO ActionManager] Request URL: https://api.github.com/repos/actions/checkout/tarball/f43a0e5ff2bd294095638e18286ca9a3d1956744 X-GitHub-Request-Id: DE7E:37EC6A:D2BB3:3207E8:68E36BCE Http Status: OK
[2025-10-06 07:12:20Z INFO ActionManager] Which2: 'tar'
[2025-10-06 07:12:20Z INFO ActionManager] Location: '/usr/bin/tar'
[2025-10-06 07:12:20Z INFO ProcessInvokerWrapper] Starting process:
[2025-10-06 07:12:20Z INFO ProcessInvokerWrapper]   File name: '/usr/bin/tar'
[2025-10-06 07:12:20Z INFO ProcessInvokerWrapper]   Arguments: '-xzf "/Users/jnalair/quiet-reference-site/actions-runner/_work/_actions/_temp_7f0748ce-e7e2-4ec7-a386-ca59e235d781/da5e6d6b-05f5-4cee-bb08-28ae7967e185.tar.gz"'
[2025-10-06 07:12:20Z INFO ProcessInvokerWrapper]   Working directory: '/Users/jnalair/quiet-reference-site/actions-runner/_work/_actions/_temp_7f0748ce-e7e2-4ec7-a386-ca59e235d781/_staging'
[2025-10-06 07:12:20Z INFO ProcessInvokerWrapper]   Require exit code zero: 'False'
[2025-10-06 07:12:20Z INFO ProcessInvokerWrapper]   Encoding web name:  ; code page: ''
[2025-10-06 07:12:20Z INFO ProcessInvokerWrapper]   Force kill process on cancellation: 'False'
[2025-10-06 07:12:20Z INFO ProcessInvokerWrapper]   Redirected STDIN: 'False'
[2025-10-06 07:12:20Z INFO ProcessInvokerWrapper]   Persist current code page: 'False'
[2025-10-06 07:12:20Z INFO ProcessInvokerWrapper]   Keep redirected STDIN open: 'False'
[2025-10-06 07:12:20Z INFO ProcessInvokerWrapper]   High priority process: 'False'
[2025-10-06 07:12:20Z INFO ProcessInvokerWrapper] Process started with process id 31671, waiting for process exit.
[2025-10-06 07:12:20Z INFO ProcessInvokerWrapper] STDOUT/STDERR stream read finished.
[2025-10-06 07:12:20Z INFO ProcessInvokerWrapper] STDOUT/STDERR stream read finished.
[2025-10-06 07:12:20Z INFO ProcessInvokerWrapper] Finished process 31671 with exit code 0, and elapsed time 00:00:00.0932211.
[2025-10-06 07:12:20Z INFO ActionManager] Finished getting action repository.
[2025-10-06 07:12:20Z INFO HostContext] Well known directory 'Bin': '/Users/jnalair/quiet-reference-site/actions-runner/bin'
[2025-10-06 07:12:20Z INFO HostContext] Well known directory 'Root': '/Users/jnalair/quiet-reference-site/actions-runner'
[2025-10-06 07:12:20Z INFO HostContext] Well known directory 'Work': '/Users/jnalair/quiet-reference-site/actions-runner/_work'
[2025-10-06 07:12:20Z INFO HostContext] Well known directory 'Actions': '/Users/jnalair/quiet-reference-site/actions-runner/_work/_actions'
[2025-10-06 07:12:20Z INFO ActionManifestManager] Load schema file with definitions: [
  "null",
  "boolean",
  "number",
  "string",
  "sequence",
  "mapping",
  "any",
  "action-root",
  "inputs",
  "input",
  "outputs",
  "output-definition",
  "runs",
  "container-runs",
  "container-runs-args",
  "container-runs-env",
  "node-runs",
  "plugin-runs",
  "composite-runs",
  "composite-steps",
  "composite-step",
  "run-step",
  "uses-step",
  "container-runs-context",
  "output-value",
  "input-default-context",
  "non-empty-string",
  "string-steps-context",
  "boolean-steps-context",
  "step-env",
  "step-if",
  "step-with"
]
[2025-10-06 07:12:20Z INFO HostContext] Well known directory 'Bin': '/Users/jnalair/quiet-reference-site/actions-runner/bin'
[2025-10-06 07:12:20Z INFO HostContext] Well known directory 'Root': '/Users/jnalair/quiet-reference-site/actions-runner'
[2025-10-06 07:12:20Z INFO HostContext] Well known directory 'Work': '/Users/jnalair/quiet-reference-site/actions-runner/_work'
[2025-10-06 07:12:20Z INFO HostContext] Well known directory 'Actions': '/Users/jnalair/quiet-reference-site/actions-runner/_work/_actions'
[2025-10-06 07:12:20Z INFO ActionManifestManager] Loaded action.yml file: {
  "name": "Checkout",
  "description": "Checkout a Git repository at a particular version",
  "inputs": {
    "type": 2,
    "map": [
      {
        "key": {
          "type": 0,
          "file": 2,
          "line": 4,
          "col": 3,
          "lit": "repository"
        },
        "value": {
          "type": 3,
          "file": 2,
          "line": 6,
          "col": 14,
          "expr": "github.repository"
        }
      },
      {
        "key": {
          "type": 0,
          "file": 2,
          "line": 7,
          "col": 3,
          "lit": "ref"
        },
        "value": ""
      },
      {
        "key": {
          "type": 0,
          "file": 2,
          "line": 12,
          "col": 3,
          "lit": "token"
        },
        "value": {
          "type": 3,
          "file": 2,
          "line": 24,
          "col": 14,
          "expr": "github.token"
        }
      },
      {
        "key": {
          "type": 0,
          "file": 2,
          "line": 25,
          "col": 3,
          "lit": "ssh-key"
        },
        "value": ""
      },
      {
        "key": {
          "type": 0,
          "file": 2,
          "line": 37,
          "col": 3,
          "lit": "ssh-known-hosts"
        },
        "value": ""
      },
      {
        "key": {
          "type": 0,
          "file": 2,
          "line": 42,
          "col": 3,
          "lit": "ssh-strict"
        },
        "value": {
          "type": 0,
          "file": 2,
          "line": 47,
          "col": 14,
          "lit": "true"
        }
      },
      {
        "key": {
          "type": 0,
          "file": 2,
          "line": 48,
          "col": 3,
          "lit": "persist-credentials"
        },
        "value": {
          "type": 0,
          "file": 2,
          "line": 50,
          "col": 14,
          "lit": "true"
        }
      },
      {
        "key": {
          "type": 0,
          "file": 2,
          "line": 51,
          "col": 3,
          "lit": "path"
        },
        "value": ""
      },
      {
        "key": {
          "type": 0,
          "file": 2,
          "line": 53,
          "col": 3,
          "lit": "clean"
        },
        "value": {
          "type": 0,
          "file": 2,
          "line": 55,
          "col": 14,
          "lit": "true"
        }
      },
      {
        "key": {
          "type": 0,
          "file": 2,
          "line": 56,
          "col": 3,
          "lit": "sparse-checkout"
        },
        "value": {
          "type": 0,
          "file": 2,
          "line": 60,
          "col": 14,
          "lit": ""
        }
      },
      {
        "key": {
          "type": 0,
          "file": 2,
          "line": 61,
          "col": 3,
          "lit": "sparse-checkout-cone-mode"
        },
        "value": {
          "type": 0,
          "file": 2,
          "line": 64,
          "col": 14,
          "lit": "true"
        }
      },
      {
        "key": {
          "type": 0,
          "file": 2,
          "line": 65,
          "col": 3,
          "lit": "fetch-depth"
        },
        "value": {
          "type": 0,
          "file": 2,
          "line": 67,
          "col": 14,
          "lit": "1"
        }
      },
      {
        "key": {
          "type": 0,
          "file": 2,
          "line": 68,
          "col": 3,
          "lit": "fetch-tags"
        },
        "value": {
          "type": 0,
          "file": 2,
          "line": 70,
          "col": 14,
          "lit": "false"
        }
      },
      {
        "key": {
          "type": 0,
          "file": 2,
          "line": 71,
          "col": 3,
          "lit": "lfs"
        },
        "value": {
          "type": 0,
          "file": 2,
          "line": 73,
          "col": 14,
          "lit": "false"
        }
      },
      {
        "key": {
          "type": 0,
          "file": 2,
          "line": 74,
          "col": 3,
          "lit": "submodules"
        },
        "value": {
          "type": 0,
          "file": 2,
          "line": 82,
          "col": 14,
          "lit": "false"
        }
      },
      {
        "key": {
          "type": 0,
          "file": 2,
          "line": 83,
          "col": 3,
          "lit": "set-safe-directory"
        },
        "value": {
          "type": 0,
          "file": 2,
          "line": 85,
          "col": 14,
          "lit": "true"
        }
      },
      {
        "key": {
          "type": 0,
          "file": 2,
          "line": 86,
          "col": 3,
          "lit": "github-server-url"
        },
        "value": ""
      }
    ]
  },
  "execution": {
    "executionType": "nodeJS",
    "hasPre": false,
    "hasPost": true,
    "script": "dist/index.js",
    "pre": null,
    "post": "dist/index.js",
    "nodeVersion": "node16",
    "cleanupCondition": "always()",
    "initCondition": "always()"
  },
  "deprecated": null
}
[2025-10-06 07:12:20Z INFO ActionManager] Action node.js file: dist/index.js, no more preparation.
[2025-10-06 07:12:20Z INFO HostContext] Well known directory 'Bin': '/Users/jnalair/quiet-reference-site/actions-runner/bin'
[2025-10-06 07:12:20Z INFO HostContext] Well known directory 'Root': '/Users/jnalair/quiet-reference-site/actions-runner'
[2025-10-06 07:12:20Z INFO HostContext] Well known directory 'Work': '/Users/jnalair/quiet-reference-site/actions-runner/_work'
[2025-10-06 07:12:20Z INFO HostContext] Well known directory 'Actions': '/Users/jnalair/quiet-reference-site/actions-runner/_work/_actions'
[2025-10-06 07:12:20Z INFO ActionManager] Load action that reference repository from '/Users/jnalair/quiet-reference-site/actions-runner/_work/_actions/actions/checkout/v3'
[2025-10-06 07:12:20Z INFO HostContext] Well known directory 'Bin': '/Users/jnalair/quiet-reference-site/actions-runner/bin'
[2025-10-06 07:12:20Z INFO HostContext] Well known directory 'Root': '/Users/jnalair/quiet-reference-site/actions-runner'
[2025-10-06 07:12:20Z INFO HostContext] Well known directory 'Work': '/Users/jnalair/quiet-reference-site/actions-runner/_work'
[2025-10-06 07:12:20Z INFO HostContext] Well known directory 'Actions': '/Users/jnalair/quiet-reference-site/actions-runner/_work/_actions'
[2025-10-06 07:12:20Z INFO ActionManifestManager] Loaded action.yml file: {
  "name": "Checkout",
  "description": "Checkout a Git repository at a particular version",
  "inputs": {
    "type": 2,
    "map": [
      {
        "key": {
          "type": 0,
          "file": 2,
          "line": 4,
          "col": 3,
          "lit": "repository"
        },
        "value": {
          "type": 3,
          "file": 2,
          "line": 6,
          "col": 14,
          "expr": "github.repository"
        }
      },
      {
        "key": {
          "type": 0,
          "file": 2,
          "line": 7,
          "col": 3,
          "lit": "ref"
        },
        "value": ""
      },
      {
        "key": {
          "type": 0,
          "file": 2,
          "line": 12,
          "col": 3,
          "lit": "token"
        },
        "value": {
          "type": 3,
          "file": 2,
          "line": 24,
          "col": 14,
          "expr": "github.token"
        }
      },
      {
        "key": {
          "type": 0,
          "file": 2,
          "line": 25,
          "col": 3,
          "lit": "ssh-key"
        },
        "value": ""
      },
      {
        "key": {
          "type": 0,
          "file": 2,
          "line": 37,
          "col": 3,
          "lit": "ssh-known-hosts"
        },
        "value": ""
      },
      {
        "key": {
          "type": 0,
          "file": 2,
          "line": 42,
          "col": 3,
          "lit": "ssh-strict"
        },
        "value": {
          "type": 0,
          "file": 2,
          "line": 47,
          "col": 14,
          "lit": "true"
        }
      },
      {
        "key": {
          "type": 0,
          "file": 2,
          "line": 48,
          "col": 3,
          "lit": "persist-credentials"
        },
        "value": {
          "type": 0,
          "file": 2,
          "line": 50,
          "col": 14,
          "lit": "true"
        }
      },
      {
        "key": {
          "type": 0,
          "file": 2,
          "line": 51,
          "col": 3,
          "lit": "path"
        },
        "value": ""
      },
      {
        "key": {
          "type": 0,
          "file": 2,
          "line": 53,
          "col": 3,
          "lit": "clean"
        },
        "value": {
          "type": 0,
          "file": 2,
          "line": 55,
          "col": 14,
          "lit": "true"
        }
      },
      {
        "key": {
          "type": 0,
          "file": 2,
          "line": 56,
          "col": 3,
          "lit": "sparse-checkout"
        },
        "value": {
          "type": 0,
          "file": 2,
          "line": 60,
          "col": 14,
          "lit": ""
        }
      },
      {
        "key": {
          "type": 0,
          "file": 2,
          "line": 61,
          "col": 3,
          "lit": "sparse-checkout-cone-mode"
        },
        "value": {
          "type": 0,
          "file": 2,
          "line": 64,
          "col": 14,
          "lit": "true"
        }
      },
      {
        "key": {
          "type": 0,
          "file": 2,
          "line": 65,
          "col": 3,
          "lit": "fetch-depth"
        },
        "value": {
          "type": 0,
          "file": 2,
          "line": 67,
          "col": 14,
          "lit": "1"
        }
      },
      {
        "key": {
          "type": 0,
          "file": 2,
          "line": 68,
          "col": 3,
          "lit": "fetch-tags"
        },
        "value": {
          "type": 0,
          "file": 2,
          "line": 70,
          "col": 14,
          "lit": "false"
        }
      },
      {
        "key": {
          "type": 0,
          "file": 2,
          "line": 71,
          "col": 3,
          "lit": "lfs"
        },
        "value": {
          "type": 0,
          "file": 2,
          "line": 73,
          "col": 14,
          "lit": "false"
        }
      },
      {
        "key": {
          "type": 0,
          "file": 2,
          "line": 74,
          "col": 3,
          "lit": "submodules"
        },
        "value": {
          "type": 0,
          "file": 2,
          "line": 82,
          "col": 14,
          "lit": "false"
        }
      },
      {
        "key": {
          "type": 0,
          "file": 2,
          "line": 83,
          "col": 3,
          "lit": "set-safe-directory"
        },
        "value": {
          "type": 0,
          "file": 2,
          "line": 85,
          "col": 14,
          "lit": "true"
        }
      },
      {
        "key": {
          "type": 0,
          "file": 2,
          "line": 86,
          "col": 3,
          "lit": "github-server-url"
        },
        "value": ""
      }
    ]
  },
  "execution": {
    "executionType": "nodeJS",
    "hasPre": false,
    "hasPost": true,
    "script": "dist/index.js",
    "pre": null,
    "post": "dist/index.js",
    "nodeVersion": "node16",
    "cleanupCondition": "always()",
    "initCondition": "always()"
  },
  "deprecated": null
}
[2025-10-06 07:12:20Z INFO ActionManager] Action pre node.js file: N/A.
[2025-10-06 07:12:20Z INFO ActionManager] Action node.js file: dist/index.js.
[2025-10-06 07:12:20Z INFO ActionManager] Action post node.js file: dist/index.js.
[2025-10-06 07:12:20Z INFO JobExtension] Adding .
[2025-10-06 07:12:20Z INFO JobExtension] Adding .
[2025-10-06 07:12:20Z INFO JobExtension] Adding .
[2025-10-06 07:12:20Z INFO HostContext] Well known directory 'Bin': '/Users/jnalair/quiet-reference-site/actions-runner/bin'
[2025-10-06 07:12:20Z INFO HostContext] Well known directory 'Root': '/Users/jnalair/quiet-reference-site/actions-runner'
[2025-10-06 07:12:20Z INFO HostContext] Well known directory 'Diag': '/Users/jnalair/quiet-reference-site/actions-runner/_diag'
[2025-10-06 07:12:20Z INFO HostContext] Well known directory 'Bin': '/Users/jnalair/quiet-reference-site/actions-runner/bin'
[2025-10-06 07:12:20Z INFO HostContext] Well known directory 'Root': '/Users/jnalair/quiet-reference-site/actions-runner'
[2025-10-06 07:12:20Z INFO HostContext] Well known directory 'Diag': '/Users/jnalair/quiet-reference-site/actions-runner/_diag'
[2025-10-06 07:12:20Z INFO HostContext] Well known directory 'Bin': '/Users/jnalair/quiet-reference-site/actions-runner/bin'
[2025-10-06 07:12:20Z INFO HostContext] Well known directory 'Root': '/Users/jnalair/quiet-reference-site/actions-runner'
[2025-10-06 07:12:20Z INFO HostContext] Well known directory 'Diag': '/Users/jnalair/quiet-reference-site/actions-runner/_diag'
[2025-10-06 07:12:20Z INFO HostContext] Well known directory 'Bin': '/Users/jnalair/quiet-reference-site/actions-runner/bin'
[2025-10-06 07:12:20Z INFO HostContext] Well known directory 'Root': '/Users/jnalair/quiet-reference-site/actions-runner'
[2025-10-06 07:12:20Z INFO HostContext] Well known directory 'Diag': '/Users/jnalair/quiet-reference-site/actions-runner/_diag'
[2025-10-06 07:12:20Z INFO HostContext] Well known directory 'Bin': '/Users/jnalair/quiet-reference-site/actions-runner/bin'
[2025-10-06 07:12:20Z INFO HostContext] Well known directory 'Root': '/Users/jnalair/quiet-reference-site/actions-runner'
[2025-10-06 07:12:20Z INFO HostContext] Well known directory 'Diag': '/Users/jnalair/quiet-reference-site/actions-runner/_diag'
[2025-10-06 07:12:20Z INFO HostContext] Well known directory 'Bin': '/Users/jnalair/quiet-reference-site/actions-runner/bin'
[2025-10-06 07:12:20Z INFO HostContext] Well known directory 'Root': '/Users/jnalair/quiet-reference-site/actions-runner'
[2025-10-06 07:12:20Z INFO HostContext] Well known directory 'Diag': '/Users/jnalair/quiet-reference-site/actions-runner/_diag'
[2025-10-06 07:12:20Z INFO JobExtension] Total accessible running process: 272.
[2025-10-06 07:12:20Z INFO HostContext] Well known directory 'Bin': '/Users/jnalair/quiet-reference-site/actions-runner/bin'
[2025-10-06 07:12:20Z INFO HostContext] Well known directory 'Root': '/Users/jnalair/quiet-reference-site/actions-runner'
[2025-10-06 07:12:20Z INFO HostContext] Well known directory 'Work': '/Users/jnalair/quiet-reference-site/actions-runner/_work'
[2025-10-06 07:12:20Z INFO JobExtension] Start checking service connectivity in background.
[2025-10-06 07:12:20Z INFO ExecutionContext] Publish step telemetry for current step {
  "action": "setup_job",
  "type": "runner",
  "stage": "Pre",
  "stepId": "2c5265b8-d063-4c76-b0b9-183bb25eaa04",
  "result": "succeeded",
  "errorMessages": [],
  "executionTimeInSeconds": 14,
  "startTime": "2025-10-06T07:12:07.07332Z",
  "finishTime": "2025-10-06T07:12:20.562868Z"
}.
[2025-10-06 07:12:20Z INFO JobRunner] Total job steps: 3.
[2025-10-06 07:12:20Z INFO JobRunner] Run all job steps.
[2025-10-06 07:12:20Z INFO StepsRunner] Processing step: DisplayName='Checkout repo'
[2025-10-06 07:12:20Z INFO StepsRunner] Evaluating: success()
[2025-10-06 07:12:20Z INFO StepsRunner] Result: true
[2025-10-06 07:12:20Z INFO JobServerQueue] Try to append 1 batches web console lines for record '2c5265b8-d063-4c76-b0b9-183bb25eaa04', success rate: 1/1.
[2025-10-06 07:12:20Z INFO StepsRunner] Starting the step.
[2025-10-06 07:12:20Z INFO HostContext] Well known directory 'Bin': '/Users/jnalair/quiet-reference-site/actions-runner/bin'
[2025-10-06 07:12:20Z INFO HostContext] Well known directory 'Root': '/Users/jnalair/quiet-reference-site/actions-runner'
[2025-10-06 07:12:20Z INFO HostContext] Well known directory 'Work': '/Users/jnalair/quiet-reference-site/actions-runner/_work'
[2025-10-06 07:12:20Z INFO HostContext] Well known directory 'Actions': '/Users/jnalair/quiet-reference-site/actions-runner/_work/_actions'
[2025-10-06 07:12:20Z INFO ActionManager] Load action that reference repository from '/Users/jnalair/quiet-reference-site/actions-runner/_work/_actions/actions/checkout/v3'
[2025-10-06 07:12:20Z INFO HostContext] Well known directory 'Bin': '/Users/jnalair/quiet-reference-site/actions-runner/bin'
[2025-10-06 07:12:20Z INFO HostContext] Well known directory 'Root': '/Users/jnalair/quiet-reference-site/actions-runner'
[2025-10-06 07:12:20Z INFO HostContext] Well known directory 'Work': '/Users/jnalair/quiet-reference-site/actions-runner/_work'
[2025-10-06 07:12:20Z INFO HostContext] Well known directory 'Actions': '/Users/jnalair/quiet-reference-site/actions-runner/_work/_actions'
[2025-10-06 07:12:20Z INFO ActionManifestManager] Loaded action.yml file: {
  "name": "Checkout",
  "description": "Checkout a Git repository at a particular version",
  "inputs": {
    "type": 2,
    "map": [
      {
        "key": {
          "type": 0,
          "file": 2,
          "line": 4,
          "col": 3,
          "lit": "repository"
        },
        "value": {
          "type": 3,
          "file": 2,
          "line": 6,
          "col": 14,
          "expr": "github.repository"
        }
      },
      {
        "key": {
          "type": 0,
          "file": 2,
          "line": 7,
          "col": 3,
          "lit": "ref"
        },
        "value": ""
      },
      {
        "key": {
          "type": 0,
          "file": 2,
          "line": 12,
          "col": 3,
          "lit": "token"
        },
        "value": {
          "type": 3,
          "file": 2,
          "line": 24,
          "col": 14,
          "expr": "github.token"
        }
      },
      {
        "key": {
          "type": 0,
          "file": 2,
          "line": 25,
          "col": 3,
          "lit": "ssh-key"
        },
        "value": ""
      },
      {
        "key": {
          "type": 0,
          "file": 2,
          "line": 37,
          "col": 3,
          "lit": "ssh-known-hosts"
        },
        "value": ""
      },
      {
        "key": {
          "type": 0,
          "file": 2,
          "line": 42,
          "col": 3,
          "lit": "ssh-strict"
        },
        "value": {
          "type": 0,
          "file": 2,
          "line": 47,
          "col": 14,
          "lit": "true"
        }
      },
      {
        "key": {
          "type": 0,
          "file": 2,
          "line": 48,
          "col": 3,
          "lit": "persist-credentials"
        },
        "value": {
          "type": 0,
          "file": 2,
          "line": 50,
          "col": 14,
          "lit": "true"
        }
      },
      {
        "key": {
          "type": 0,
          "file": 2,
          "line": 51,
          "col": 3,
          "lit": "path"
        },
        "value": ""
      },
      {
        "key": {
          "type": 0,
          "file": 2,
          "line": 53,
          "col": 3,
          "lit": "clean"
        },
        "value": {
          "type": 0,
          "file": 2,
          "line": 55,
          "col": 14,
          "lit": "true"
        }
      },
      {
        "key": {
          "type": 0,
          "file": 2,
          "line": 56,
          "col": 3,
          "lit": "sparse-checkout"
        },
        "value": {
          "type": 0,
          "file": 2,
          "line": 60,
          "col": 14,
          "lit": ""
        }
      },
      {
        "key": {
          "type": 0,
          "file": 2,
          "line": 61,
          "col": 3,
          "lit": "sparse-checkout-cone-mode"
        },
        "value": {
          "type": 0,
          "file": 2,
          "line": 64,
          "col": 14,
          "lit": "true"
        }
      },
      {
        "key": {
          "type": 0,
          "file": 2,
          "line": 65,
          "col": 3,
          "lit": "fetch-depth"
        },
        "value": {
          "type": 0,
          "file": 2,
          "line": 67,
          "col": 14,
          "lit": "1"
        }
      },
      {
        "key": {
          "type": 0,
          "file": 2,
          "line": 68,
          "col": 3,
          "lit": "fetch-tags"
        },
        "value": {
          "type": 0,
          "file": 2,
          "line": 70,
          "col": 14,
          "lit": "false"
        }
      },
      {
        "key": {
          "type": 0,
          "file": 2,
          "line": 71,
          "col": 3,
          "lit": "lfs"
        },
        "value": {
          "type": 0,
          "file": 2,
          "line": 73,
          "col": 14,
          "lit": "false"
        }
      },
      {
        "key": {
          "type": 0,
          "file": 2,
          "line": 74,
          "col": 3,
          "lit": "submodules"
        },
        "value": {
          "type": 0,
          "file": 2,
          "line": 82,
          "col": 14,
          "lit": "false"
        }
      },
      {
        "key": {
          "type": 0,
          "file": 2,
          "line": 83,
          "col": 3,
          "lit": "set-safe-directory"
        },
        "value": {
          "type": 0,
          "file": 2,
          "line": 85,
          "col": 14,
          "lit": "true"
        }
      },
      {
        "key": {
          "type": 0,
          "file": 2,
          "line": 86,
          "col": 3,
          "lit": "github-server-url"
        },
        "value": ""
      }
    ]
  },
  "execution": {
    "executionType": "nodeJS",
    "hasPre": false,
    "hasPost": true,
    "script": "dist/index.js",
    "pre": null,
    "post": "dist/index.js",
    "nodeVersion": "node16",
    "cleanupCondition": "always()",
    "initCondition": "always()"
  },
  "deprecated": null
}
[2025-10-06 07:12:20Z INFO ActionManager] Action pre node.js file: N/A.
[2025-10-06 07:12:20Z INFO ActionManager] Action node.js file: dist/index.js.
[2025-10-06 07:12:20Z INFO ActionManager] Action post node.js file: dist/index.js.
[2025-10-06 07:12:20Z INFO ExecutionContext] Reserve record order 5 to 8 for post job actions.
[2025-10-06 07:12:20Z INFO HostContext] Well known directory 'Bin': '/Users/jnalair/quiet-reference-site/actions-runner/bin'
[2025-10-06 07:12:20Z INFO HostContext] Well known directory 'Root': '/Users/jnalair/quiet-reference-site/actions-runner'
[2025-10-06 07:12:20Z INFO HostContext] Well known directory 'Diag': '/Users/jnalair/quiet-reference-site/actions-runner/_diag'
[2025-10-06 07:12:20Z INFO HostContext] Well known directory 'Bin': '/Users/jnalair/quiet-reference-site/actions-runner/bin'
[2025-10-06 07:12:20Z INFO HostContext] Well known directory 'Root': '/Users/jnalair/quiet-reference-site/actions-runner'
[2025-10-06 07:12:20Z INFO HostContext] Well known directory 'Diag': '/Users/jnalair/quiet-reference-site/actions-runner/_diag'
[2025-10-06 07:12:20Z INFO HostContext] Well known directory 'Bin': '/Users/jnalair/quiet-reference-site/actions-runner/bin'
[2025-10-06 07:12:20Z INFO HostContext] Well known directory 'Root': '/Users/jnalair/quiet-reference-site/actions-runner'
[2025-10-06 07:12:20Z INFO HostContext] Well known directory 'Work': '/Users/jnalair/quiet-reference-site/actions-runner/_work'
[2025-10-06 07:12:20Z INFO HostContext] Well known directory 'Temp': '/Users/jnalair/quiet-reference-site/actions-runner/_work/_temp'
[2025-10-06 07:12:20Z INFO ExecutionContext] Write event payload to /Users/jnalair/quiet-reference-site/actions-runner/_work/_temp/_github_workflow/event.json
[2025-10-06 07:12:20Z INFO HostContext] Well known directory 'Bin': '/Users/jnalair/quiet-reference-site/actions-runner/bin'
[2025-10-06 07:12:20Z INFO HostContext] Well known directory 'Root': '/Users/jnalair/quiet-reference-site/actions-runner'
[2025-10-06 07:12:20Z INFO HostContext] Well known directory 'Work': '/Users/jnalair/quiet-reference-site/actions-runner/_work'
[2025-10-06 07:12:20Z INFO HostContext] Well known directory 'Temp': '/Users/jnalair/quiet-reference-site/actions-runner/_work/_temp'
[2025-10-06 07:12:20Z INFO ExtensionManager] Getting extensions for interface: 'GitHub.Runner.Worker.IFileCommandExtension'
[2025-10-06 07:12:20Z INFO ExtensionManager] Creating instance: GitHub.Runner.Worker.AddPathFileCommand, Runner.Worker
[2025-10-06 07:12:20Z INFO ExtensionManager] Creating instance: GitHub.Runner.Worker.SetEnvFileCommand, Runner.Worker
[2025-10-06 07:12:20Z INFO ExtensionManager] Creating instance: GitHub.Runner.Worker.CreateStepSummaryCommand, Runner.Worker
[2025-10-06 07:12:20Z INFO ExtensionManager] Creating instance: GitHub.Runner.Worker.SaveStateFileCommand, Runner.Worker
[2025-10-06 07:12:20Z INFO ExtensionManager] Creating instance: GitHub.Runner.Worker.SetOutputFileCommand, Runner.Worker
[2025-10-06 07:12:20Z INFO ActionManifestManager] Input 'repository': default value evaluate result: {
  "type": 0,
  "file": 2,
  "line": 6,
  "col": 14,
  "lit": "Vodkashot28/quiet-reference-site"
}
[2025-10-06 07:12:20Z INFO ActionManifestManager] Input 'ref': default value evaluate result: ""
[2025-10-06 07:12:20Z INFO ActionManifestManager] Input 'token': default value evaluate result: {
  "type": 0,
  "file": 2,
  "line": 24,
  "col": 14,
  "lit": "***"
}
[2025-10-06 07:12:20Z INFO ActionManifestManager] Input 'ssh-key': default value evaluate result: ""
[2025-10-06 07:12:20Z INFO ActionManifestManager] Input 'ssh-known-hosts': default value evaluate result: ""
[2025-10-06 07:12:20Z INFO ActionManifestManager] Input 'ssh-strict': default value evaluate result: {
  "type": 0,
  "file": 2,
  "line": 47,
  "col": 14,
  "lit": "true"
}
[2025-10-06 07:12:20Z INFO ActionManifestManager] Input 'persist-credentials': default value evaluate result: {
  "type": 0,
  "file": 2,
  "line": 50,
  "col": 14,
  "lit": "true"
}
[2025-10-06 07:12:20Z INFO ActionManifestManager] Input 'path': default value evaluate result: ""
[2025-10-06 07:12:20Z INFO ActionManifestManager] Input 'clean': default value evaluate result: {
  "type": 0,
  "file": 2,
  "line": 55,
  "col": 14,
  "lit": "true"
}
[2025-10-06 07:12:20Z INFO ActionManifestManager] Input 'sparse-checkout': default value evaluate result: {
  "type": 0,
  "file": 2,
  "line": 60,
  "col": 14,
  "lit": ""
}
[2025-10-06 07:12:20Z INFO ActionManifestManager] Input 'sparse-checkout-cone-mode': default value evaluate result: {
  "type": 0,
  "file": 2,
  "line": 64,
  "col": 14,
  "lit": "true"
}
[2025-10-06 07:12:20Z INFO ActionManifestManager] Input 'fetch-depth': default value evaluate result: {
  "type": 0,
  "file": 2,
  "line": 67,
  "col": 14,
  "lit": "1"
}
[2025-10-06 07:12:20Z INFO ActionManifestManager] Input 'fetch-tags': default value evaluate result: {
  "type": 0,
  "file": 2,
  "line": 70,
  "col": 14,
  "lit": "false"
}
[2025-10-06 07:12:20Z INFO ActionManifestManager] Input 'lfs': default value evaluate result: {
  "type": 0,
  "file": 2,
  "line": 73,
  "col": 14,
  "lit": "false"
}
[2025-10-06 07:12:20Z INFO ActionManifestManager] Input 'submodules': default value evaluate result: {
  "type": 0,
  "file": 2,
  "line": 82,
  "col": 14,
  "lit": "false"
}
[2025-10-06 07:12:20Z INFO ActionManifestManager] Input 'set-safe-directory': default value evaluate result: {
  "type": 0,
  "file": 2,
  "line": 85,
  "col": 14,
  "lit": "true"
}
[2025-10-06 07:12:20Z INFO ActionManifestManager] Input 'github-server-url': default value evaluate result: ""
[2025-10-06 07:12:20Z INFO ExtensionManager] Getting extensions for interface: 'GitHub.Runner.Worker.IActionCommandExtension'
[2025-10-06 07:12:20Z INFO ExtensionManager] Creating instance: GitHub.Runner.Worker.InternalPluginSetRepoPathCommandExtension, Runner.Worker
[2025-10-06 07:12:20Z INFO ExtensionManager] Creating instance: GitHub.Runner.Worker.SetEnvCommandExtension, Runner.Worker
[2025-10-06 07:12:20Z INFO ExtensionManager] Creating instance: GitHub.Runner.Worker.SetOutputCommandExtension, Runner.Worker
[2025-10-06 07:12:20Z INFO ExtensionManager] Creating instance: GitHub.Runner.Worker.SaveStateCommandExtension, Runner.Worker
[2025-10-06 07:12:20Z INFO ExtensionManager] Creating instance: GitHub.Runner.Worker.AddPathCommandExtension, Runner.Worker
[2025-10-06 07:12:20Z INFO ExtensionManager] Creating instance: GitHub.Runner.Worker.AddMaskCommandExtension, Runner.Worker
[2025-10-06 07:12:20Z INFO ExtensionManager] Creating instance: GitHub.Runner.Worker.AddMatcherCommandExtension, Runner.Worker
[2025-10-06 07:12:20Z INFO ExtensionManager] Creating instance: GitHub.Runner.Worker.RemoveMatcherCommandExtension, Runner.Worker
[2025-10-06 07:12:20Z INFO ExtensionManager] Creating instance: GitHub.Runner.Worker.WarningCommandExtension, Runner.Worker
[2025-10-06 07:12:20Z INFO ExtensionManager] Creating instance: GitHub.Runner.Worker.ErrorCommandExtension, Runner.Worker
[2025-10-06 07:12:20Z INFO ExtensionManager] Creating instance: GitHub.Runner.Worker.NoticeCommandExtension, Runner.Worker
[2025-10-06 07:12:20Z INFO ExtensionManager] Creating instance: GitHub.Runner.Worker.DebugCommandExtension, Runner.Worker
[2025-10-06 07:12:20Z INFO ExtensionManager] Creating instance: GitHub.Runner.Worker.GroupCommandExtension, Runner.Worker
[2025-10-06 07:12:20Z INFO ExtensionManager] Creating instance: GitHub.Runner.Worker.EndGroupCommandExtension, Runner.Worker
[2025-10-06 07:12:20Z INFO ExtensionManager] Creating instance: GitHub.Runner.Worker.EchoCommandExtension, Runner.Worker
[2025-10-06 07:12:20Z INFO ActionCommandManager] Register action command extension for command internal-set-repo-path
[2025-10-06 07:12:20Z INFO ActionCommandManager] Register action command extension for command set-env
[2025-10-06 07:12:20Z INFO ActionCommandManager] Register action command extension for command set-output
[2025-10-06 07:12:20Z INFO ActionCommandManager] Register action command extension for command save-state
[2025-10-06 07:12:20Z INFO ActionCommandManager] Register action command extension for command add-path
[2025-10-06 07:12:20Z INFO ActionCommandManager] Register action command extension for command add-mask
[2025-10-06 07:12:20Z INFO ActionCommandManager] Register action command extension for command add-matcher
[2025-10-06 07:12:20Z INFO ActionCommandManager] Register action command extension for command remove-matcher
[2025-10-06 07:12:20Z INFO ActionCommandManager] Register action command extension for command warning
[2025-10-06 07:12:20Z INFO ActionCommandManager] Register action command extension for command error
[2025-10-06 07:12:20Z INFO ActionCommandManager] Register action command extension for command notice
[2025-10-06 07:12:20Z INFO ActionCommandManager] Register action command extension for command debug
[2025-10-06 07:12:20Z INFO ActionCommandManager] Register action command extension for command group
[2025-10-06 07:12:20Z INFO ActionCommandManager] Register action command extension for command endgroup
[2025-10-06 07:12:20Z INFO ActionCommandManager] Register action command extension for command echo
[2025-10-06 07:12:20Z INFO HostContext] Well known directory 'Bin': '/Users/jnalair/quiet-reference-site/actions-runner/bin'
[2025-10-06 07:12:20Z INFO HostContext] Well known directory 'Root': '/Users/jnalair/quiet-reference-site/actions-runner'
[2025-10-06 07:12:20Z INFO HostContext] Well known directory 'Externals': '/Users/jnalair/quiet-reference-site/actions-runner/externals'
[2025-10-06 07:12:20Z INFO ProcessInvokerWrapper] Starting process:
[2025-10-06 07:12:20Z INFO ProcessInvokerWrapper]   File name: '/Users/jnalair/quiet-reference-site/actions-runner/externals/node20/bin/node'
[2025-10-06 07:12:20Z INFO ProcessInvokerWrapper]   Arguments: '"/Users/jnalair/quiet-reference-site/actions-runner/_work/_actions/actions/checkout/v3/dist/index.js"'
[2025-10-06 07:12:20Z INFO ProcessInvokerWrapper]   Working directory: '/Users/jnalair/quiet-reference-site/actions-runner/_work/quiet-reference-site/quiet-reference-site'
[2025-10-06 07:12:20Z INFO ProcessInvokerWrapper]   Require exit code zero: 'False'
[2025-10-06 07:12:20Z INFO ProcessInvokerWrapper]   Encoding web name:  ; code page: ''
[2025-10-06 07:12:20Z INFO ProcessInvokerWrapper]   Force kill process on cancellation: 'False'
[2025-10-06 07:12:20Z INFO ProcessInvokerWrapper]   Redirected STDIN: 'False'
[2025-10-06 07:12:20Z INFO ProcessInvokerWrapper]   Persist current code page: 'False'
[2025-10-06 07:12:20Z INFO ProcessInvokerWrapper]   Keep redirected STDIN open: 'False'
[2025-10-06 07:12:20Z INFO ProcessInvokerWrapper]   High priority process: 'False'
[2025-10-06 07:12:20Z INFO ProcessInvokerWrapper] Process started with process id 31682, waiting for process exit.
[2025-10-06 07:12:20Z INFO JobServerQueue] Try to append 1 batches web console lines for record '29b4c57b-f7ac-484c-a0de-2c462427bdde', success rate: 1/1.
[2025-10-06 07:12:21Z INFO JobServerQueue] Try to upload 1 log files or attachments, success rate: 1/1.
[2025-10-06 07:12:21Z INFO JobServerQueue] Got a step log file to send to results service.
[2025-10-06 07:12:21Z INFO JobServerQueue] Starting upload of step log file to results service ResultsLog, /Users/jnalair/quiet-reference-site/actions-runner/_diag/blocks/1654fc12-0891-43d0-8aa4-dfb6f75763d7_2c5265b8-d063-4c76-b0b9-183bb25eaa04.1
[2025-10-06 07:12:21Z INFO JobServerQueue] Try to append 1 batches web console lines for record '29b4c57b-f7ac-484c-a0de-2c462427bdde', success rate: 1/1.
[2025-10-06 07:12:21Z INFO AddMaskCommandExtension] Add new secret mask with length of 76
[2025-10-06 07:12:21Z INFO JobServerQueue] Try to append 1 batches web console lines for record '29b4c57b-f7ac-484c-a0de-2c462427bdde', success rate: 1/1.
[2025-10-06 07:12:21Z INFO JobServerQueue] Try to append 1 batches web console lines for record '29b4c57b-f7ac-484c-a0de-2c462427bdde', success rate: 1/1.
[2025-10-06 07:12:21Z INFO JobServerQueue] Try to append 1 batches web console lines for record '29b4c57b-f7ac-484c-a0de-2c462427bdde', success rate: 1/1.
[2025-10-06 07:12:22Z INFO JobServerQueue] Try to append 1 batches web console lines for record '29b4c57b-f7ac-484c-a0de-2c462427bdde', success rate: 1/1.
[2025-10-06 07:12:22Z INFO JobServerQueue] Try to append 1 batches web console lines for record '29b4c57b-f7ac-484c-a0de-2c462427bdde', success rate: 1/1.
[2025-10-06 07:12:22Z INFO JobServerQueue] Try to append 1 batches web console lines for record '29b4c57b-f7ac-484c-a0de-2c462427bdde', success rate: 1/1.
[2025-10-06 07:12:22Z INFO JobServerQueue] Try to append 1 batches web console lines for record '29b4c57b-f7ac-484c-a0de-2c462427bdde', success rate: 1/1.
[2025-10-06 07:12:23Z INFO JobServerQueue] Try to append 1 batches web console lines for record '29b4c57b-f7ac-484c-a0de-2c462427bdde', success rate: 1/1.
[2025-10-06 07:12:23Z INFO JobServerQueue] Try to append 1 batches web console lines for record '29b4c57b-f7ac-484c-a0de-2c462427bdde', success rate: 1/1.
[2025-10-06 07:12:25Z INFO JobServerQueue] Try to append 1 batches web console lines for record '29b4c57b-f7ac-484c-a0de-2c462427bdde', success rate: 1/1.
[2025-10-06 07:12:26Z INFO ProcessInvokerWrapper] STDOUT/STDERR stream read finished.
[2025-10-06 07:12:26Z INFO ProcessInvokerWrapper] STDOUT/STDERR stream read finished.
[2025-10-06 07:12:26Z INFO ProcessInvokerWrapper] Finished process 31682 with exit code 0, and elapsed time 00:00:05.3550321.
[2025-10-06 07:12:26Z INFO CreateStepSummaryCommand] Step Summary file (/Users/jnalair/quiet-reference-site/actions-runner/_work/_temp/_runner_file_commands/step_summary_5ba19343-ded5-4fbe-b594-a23cdb7c6699) is empty; skipping attachment upload
[2025-10-06 07:12:26Z INFO StepsRunner] Step result: 
[2025-10-06 07:12:26Z INFO ExecutionContext] Publish step telemetry for current step {
  "action": "actions/checkout",
  "ref": "v3",
  "type": "node20",
  "stage": "Main",
  "stepId": "29b4c57b-f7ac-484c-a0de-2c462427bdde",
  "stepContextName": "__actions_checkout",
  "hasPreStep": false,
  "hasPostStep": true,
  "result": "succeeded",
  "errorMessages": [],
  "executionTimeInSeconds": 6,
  "startTime": "2025-10-06T07:12:20.581744Z",
  "finishTime": "2025-10-06T07:12:26.023492Z"
}.
[2025-10-06 07:12:26Z INFO StepsRunner] No need for updating job result with current step result 'Succeeded'.
[2025-10-06 07:12:26Z INFO StepsRunner] Current state: job state = ''
[2025-10-06 07:12:26Z INFO StepsRunner] Processing step: DisplayName='Install Hugo'
[2025-10-06 07:12:26Z INFO StepsRunner] Evaluating: success()
[2025-10-06 07:12:26Z INFO StepsRunner] Result: true
[2025-10-06 07:12:26Z INFO StepsRunner] Starting the step.
[2025-10-06 07:12:26Z INFO HostContext] Well known directory 'Bin': '/Users/jnalair/quiet-reference-site/actions-runner/bin'
[2025-10-06 07:12:26Z INFO HostContext] Well known directory 'Root': '/Users/jnalair/quiet-reference-site/actions-runner'
[2025-10-06 07:12:26Z INFO HostContext] Well known directory 'Work': '/Users/jnalair/quiet-reference-site/actions-runner/_work'
[2025-10-06 07:12:26Z INFO HostContext] Well known directory 'Temp': '/Users/jnalair/quiet-reference-site/actions-runner/_work/_temp'
[2025-10-06 07:12:26Z INFO ExecutionContext] Write event payload to /Users/jnalair/quiet-reference-site/actions-runner/_work/_temp/_github_workflow/event.json
[2025-10-06 07:12:26Z INFO HostContext] Well known directory 'Bin': '/Users/jnalair/quiet-reference-site/actions-runner/bin'
[2025-10-06 07:12:26Z INFO HostContext] Well known directory 'Root': '/Users/jnalair/quiet-reference-site/actions-runner'
[2025-10-06 07:12:26Z INFO HostContext] Well known directory 'Work': '/Users/jnalair/quiet-reference-site/actions-runner/_work'
[2025-10-06 07:12:26Z INFO HostContext] Well known directory 'Temp': '/Users/jnalair/quiet-reference-site/actions-runner/_work/_temp'
[2025-10-06 07:12:26Z INFO ExtensionManager] Getting extensions for interface: 'GitHub.Runner.Worker.IFileCommandExtension'
[2025-10-06 07:12:26Z INFO ExtensionManager] Getting extensions for interface: 'GitHub.Runner.Worker.IActionCommandExtension'
[2025-10-06 07:12:26Z INFO ActionCommandManager] Register action command extension for command internal-set-repo-path
[2025-10-06 07:12:26Z INFO ActionCommandManager] Register action command extension for command set-env
[2025-10-06 07:12:26Z INFO ActionCommandManager] Register action command extension for command set-output
[2025-10-06 07:12:26Z INFO ActionCommandManager] Register action command extension for command save-state
[2025-10-06 07:12:26Z INFO ActionCommandManager] Register action command extension for command add-path
[2025-10-06 07:12:26Z INFO ActionCommandManager] Register action command extension for command add-mask
[2025-10-06 07:12:26Z INFO ActionCommandManager] Register action command extension for command add-matcher
[2025-10-06 07:12:26Z INFO ActionCommandManager] Register action command extension for command remove-matcher
[2025-10-06 07:12:26Z INFO ActionCommandManager] Register action command extension for command warning
[2025-10-06 07:12:26Z INFO ActionCommandManager] Register action command extension for command error
[2025-10-06 07:12:26Z INFO ActionCommandManager] Register action command extension for command notice
[2025-10-06 07:12:26Z INFO ActionCommandManager] Register action command extension for command debug
[2025-10-06 07:12:26Z INFO ActionCommandManager] Register action command extension for command group
[2025-10-06 07:12:26Z INFO ActionCommandManager] Register action command extension for command endgroup
[2025-10-06 07:12:26Z INFO ActionCommandManager] Register action command extension for command echo
[2025-10-06 07:12:26Z INFO ScriptHandler] Which2: 'bash'
[2025-10-06 07:12:26Z INFO ScriptHandler] Location: '/bin/bash'
[2025-10-06 07:12:26Z INFO HostContext] Well known directory 'Bin': '/Users/jnalair/quiet-reference-site/actions-runner/bin'
[2025-10-06 07:12:26Z INFO HostContext] Well known directory 'Root': '/Users/jnalair/quiet-reference-site/actions-runner'
[2025-10-06 07:12:26Z INFO HostContext] Well known directory 'Work': '/Users/jnalair/quiet-reference-site/actions-runner/_work'
[2025-10-06 07:12:26Z INFO HostContext] Well known directory 'Temp': '/Users/jnalair/quiet-reference-site/actions-runner/_work/_temp'
[2025-10-06 07:12:26Z INFO ScriptHandler] Which2: 'bash'
[2025-10-06 07:12:26Z INFO ScriptHandler] Location: '/bin/bash'
[2025-10-06 07:12:26Z INFO ProcessInvokerWrapper] Starting process:
[2025-10-06 07:12:26Z INFO ProcessInvokerWrapper]   File name: '/bin/bash'
[2025-10-06 07:12:26Z INFO ProcessInvokerWrapper]   Arguments: '-e /Users/jnalair/quiet-reference-site/actions-runner/_work/_temp/002814ee-25dc-4708-8ae5-6f8dfaf7e4d0.sh'
[2025-10-06 07:12:26Z INFO ProcessInvokerWrapper]   Working directory: '/Users/jnalair/quiet-reference-site/actions-runner/_work/quiet-reference-site/quiet-reference-site'
[2025-10-06 07:12:26Z INFO ProcessInvokerWrapper]   Require exit code zero: 'False'
[2025-10-06 07:12:26Z INFO ProcessInvokerWrapper]   Encoding web name:  ; code page: ''
[2025-10-06 07:12:26Z INFO ProcessInvokerWrapper]   Force kill process on cancellation: 'False'
[2025-10-06 07:12:26Z INFO ProcessInvokerWrapper]   Redirected STDIN: 'False'
[2025-10-06 07:12:26Z INFO ProcessInvokerWrapper]   Persist current code page: 'False'
[2025-10-06 07:12:26Z INFO ProcessInvokerWrapper]   Keep redirected STDIN open: 'False'
[2025-10-06 07:12:26Z INFO ProcessInvokerWrapper]   High priority process: 'False'
[2025-10-06 07:12:26Z INFO ProcessInvokerWrapper] Process started with process id 31810, waiting for process exit.
[2025-10-06 07:12:26Z INFO JobServerQueue] Tried to upload 1 file(s) to results, success rate: 1/1.
[2025-10-06 07:12:26Z INFO JobServerQueue] Try to append 1 batches web console lines for record '29b4c57b-f7ac-484c-a0de-2c462427bdde', success rate: 1/1.
[2025-10-06 07:12:26Z INFO JobServerQueue] Try to append 1 batches web console lines for record '050d5208-a9aa-4f93-a6a1-4563a9cf4268', success rate: 1/1.
[2025-10-06 07:12:27Z INFO JobServerQueue] Try to upload 1 log files or attachments, success rate: 1/1.
[2025-10-06 07:12:27Z INFO JobServerQueue] Got a step log file to send to results service.
[2025-10-06 07:12:27Z INFO JobServerQueue] Starting upload of step log file to results service ResultsLog, /Users/jnalair/quiet-reference-site/actions-runner/_diag/blocks/1654fc12-0891-43d0-8aa4-dfb6f75763d7_29b4c57b-f7ac-484c-a0de-2c462427bdde.1
[2025-10-06 07:12:29Z INFO JobServerQueue] Tried to upload 1 file(s) to results, success rate: 1/1.
[2025-10-06 07:12:30Z INFO HostContext] Well known directory 'Bin': '/Users/jnalair/quiet-reference-site/actions-runner/bin'
[2025-10-06 07:12:30Z INFO HostContext] Well known directory 'Root': '/Users/jnalair/quiet-reference-site/actions-runner'
[2025-10-06 07:12:30Z INFO HostContext] Well known directory 'Work': '/Users/jnalair/quiet-reference-site/actions-runner/_work'
[2025-10-06 07:12:40Z INFO HostContext] Well known directory 'Bin': '/Users/jnalair/quiet-reference-site/actions-runner/bin'
[2025-10-06 07:12:40Z INFO HostContext] Well known directory 'Root': '/Users/jnalair/quiet-reference-site/actions-runner'
[2025-10-06 07:12:40Z INFO HostContext] Well known directory 'Work': '/Users/jnalair/quiet-reference-site/actions-runner/_work'
[2025-10-06 07:12:50Z INFO HostContext] Well known directory 'Bin': '/Users/jnalair/quiet-reference-site/actions-runner/bin'
[2025-10-06 07:12:50Z INFO HostContext] Well known directory 'Root': '/Users/jnalair/quiet-reference-site/actions-runner'
[2025-10-06 07:12:50Z INFO HostContext] Well known directory 'Work': '/Users/jnalair/quiet-reference-site/actions-runner/_work'
[2025-10-06 08:10:12Z INFO HostContext] Well known directory 'Bin': '/Users/jnalair/quiet-reference-site/actions-runner/bin'
[2025-10-06 08:10:12Z INFO HostContext] Well known directory 'Root': '/Users/jnalair/quiet-reference-site/actions-runner'
[2025-10-06 08:10:12Z INFO HostContext] Well known directory 'Work': '/Users/jnalair/quiet-reference-site/actions-runner/_work'
[2025-10-06 08:10:22Z INFO HostContext] Well known directory 'Bin': '/Users/jnalair/quiet-reference-site/actions-runner/bin'
[2025-10-06 08:10:22Z INFO HostContext] Well known directory 'Root': '/Users/jnalair/quiet-reference-site/actions-runner'
[2025-10-06 08:10:22Z INFO HostContext] Well known directory 'Work': '/Users/jnalair/quiet-reference-site/actions-runner/_work'
[2025-10-06 08:10:31Z INFO JobServerQueue] Stop aggressive process web console line queue.
[2025-10-06 08:10:32Z INFO HostContext] Well known directory 'Bin': '/Users/jnalair/quiet-reference-site/actions-runner/bin'
[2025-10-06 08:10:32Z INFO HostContext] Well known directory 'Root': '/Users/jnalair/quiet-reference-site/actions-runner'
[2025-10-06 08:10:32Z INFO HostContext] Well known directory 'Work': '/Users/jnalair/quiet-reference-site/actions-runner/_work'
[2025-10-06 08:10:42Z INFO HostContext] Well known directory 'Bin': '/Users/jnalair/quiet-reference-site/actions-runner/bin'
[2025-10-06 08:10:42Z INFO HostContext] Well known directory 'Root': '/Users/jnalair/quiet-reference-site/actions-runner'
[2025-10-06 08:10:42Z INFO HostContext] Well known directory 'Work': '/Users/jnalair/quiet-reference-site/actions-runner/_work'
[2025-10-06 08:10:52Z INFO HostContext] Well known directory 'Bin': '/Users/jnalair/quiet-reference-site/actions-runner/bin'
[2025-10-06 08:10:52Z INFO HostContext] Well known directory 'Root': '/Users/jnalair/quiet-reference-site/actions-runner'
[2025-10-06 08:10:52Z INFO HostContext] Well known directory 'Work': '/Users/jnalair/quiet-reference-site/actions-runner/_work'
[2025-10-06 08:10:55Z INFO ProcessChannel] Receiving message of length 0, with hash 'e3b0c44298fc1c149afbf4c8996fb92427ae41e4649b934ca495991b7852b855'
[2025-10-06 08:10:55Z INFO Worker] Cancellation/Shutdown message received.
[2025-10-06 08:10:55Z INFO StepsRunner] Evaluating: success()
[2025-10-06 08:10:55Z INFO StepsRunner] Result: false
[2025-10-06 08:10:55Z INFO StepsRunner] Cancel current running step.
[2025-10-06 08:10:55Z INFO ProcessInvokerWrapper] Sending SIGINT to process 31810.
[2025-10-06 08:10:55Z INFO ProcessInvokerWrapper] Successfully send SIGINT to process 31810.
[2025-10-06 08:10:55Z INFO ProcessInvokerWrapper] Waiting for process exit or 7.5 seconds after SIGINT signal fired.
[2025-10-06 08:11:02Z INFO HostContext] Well known directory 'Bin': '/Users/jnalair/quiet-reference-site/actions-runner/bin'
[2025-10-06 08:11:02Z INFO HostContext] Well known directory 'Root': '/Users/jnalair/quiet-reference-site/actions-runner'
[2025-10-06 08:11:02Z INFO HostContext] Well known directory 'Work': '/Users/jnalair/quiet-reference-site/actions-runner/_work'
[2025-10-06 08:11:03Z INFO ProcessInvokerWrapper] Process did not honor SIGINT signal within 7.5 seconds.
[2025-10-06 08:11:03Z INFO ProcessInvokerWrapper] Sending SIGTERM to process 31810.
[2025-10-06 08:11:03Z INFO ProcessInvokerWrapper] Successfully send SIGTERM to process 31810.
[2025-10-06 08:11:03Z INFO ProcessInvokerWrapper] Waiting for process exit or 2.5 seconds after SIGTERM signal fired.
[2025-10-06 08:11:05Z INFO ProcessInvokerWrapper] Process did not honor SIGTERM signal within 2.5 seconds.
[2025-10-06 08:11:05Z INFO ProcessInvokerWrapper] Kill entire process tree since both cancel and terminate signal has been ignored by the target process.
[2025-10-06 08:11:08Z INFO ProcessInvokerWrapper] Process Cancellation finished.
[2025-10-06 08:11:08Z INFO ProcessInvokerWrapper] Finished process 31810 with exit code 143, and elapsed time 00:01:41.0134382.
[2025-10-06 08:11:08Z INFO CreateStepSummaryCommand] Step Summary file (/Users/jnalair/quiet-reference-site/actions-runner/_work/_temp/_runner_file_commands/step_summary_7da44b59-7178-4177-b1c7-78d9a283dfa0) is empty; skipping attachment upload
[2025-10-06 08:11:08Z ERR  StepsRunner] Caught cancellation exception from step: System.OperationCanceledException: The operation was canceled.
   at System.Threading.CancellationToken.ThrowOperationCanceledException()
   at System.Threading.CancellationToken.ThrowIfCancellationRequested()
   at GitHub.Runner.Sdk.ProcessInvoker.ExecuteAsync(String workingDirectory, String fileName, String arguments, IDictionary`2 environment, Boolean requireExitCodeZero, Encoding outputEncoding, Boolean killProcessOnCancel, Channel`1 redirectStandardIn, Boolean inheritConsoleHandler, Boolean keepStandardInOpen, Boolean highPriorityProcess, CancellationToken cancellationToken)
   at GitHub.Runner.Common.ProcessInvokerWrapper.ExecuteAsync(String workingDirectory, String fileName, String arguments, IDictionary`2 environment, Boolean requireExitCodeZero, Encoding outputEncoding, Boolean killProcessOnCancel, Channel`1 redirectStandardIn, Boolean inheritConsoleHandler, Boolean keepStandardInOpen, Boolean highPriorityProcess, CancellationToken cancellationToken)
   at GitHub.Runner.Worker.Handlers.DefaultStepHost.ExecuteAsync(IExecutionContext context, String workingDirectory, String fileName, String arguments, IDictionary`2 environment, Boolean requireExitCodeZero, Encoding outputEncoding, Boolean killProcessOnCancel, Boolean inheritConsoleHandler, String standardInInput, CancellationToken cancellationToken)
   at GitHub.Runner.Worker.Handlers.ScriptHandler.RunAsync(ActionRunStage stage)
   at GitHub.Runner.Worker.ActionRunner.RunAsync()
   at GitHub.Runner.Worker.StepsRunner.RunStepAsync(IStep step, CancellationToken jobCancellationToken)
[2025-10-06 08:11:08Z INFO StepsRunner] Step result: Canceled
[2025-10-06 08:11:08Z INFO ExecutionContext] Publish step telemetry for current step {
  "action": "sh",
  "type": "run",
  "stage": "Main",
  "stepId": "050d5208-a9aa-4f93-a6a1-4563a9cf4268",
  "stepContextName": "__run",
  "result": "canceled",
  "errorMessages": [
    "The operation was canceled."
  ],
  "executionTimeInSeconds": 3523,
  "startTime": "2025-10-06T07:12:26.02625Z",
  "finishTime": "2025-10-06T08:11:08.547401Z"
}.
[2025-10-06 08:11:08Z INFO StepsRunner] No need for updating job result with current step result 'Canceled'.
[2025-10-06 08:11:08Z INFO StepsRunner] Current state: job state = 'Canceled'
[2025-10-06 08:11:08Z INFO StepsRunner] Processing step: DisplayName='Build site'
[2025-10-06 08:11:08Z INFO StepsRunner] Evaluating: success()
[2025-10-06 08:11:08Z INFO StepsRunner] Result: false
[2025-10-06 08:11:08Z INFO StepsRunner] Skipping step due to condition evaluation.
[2025-10-06 08:11:08Z INFO StepsRunner] No need for updating job result with current step result 'Skipped'.
[2025-10-06 08:11:08Z INFO StepsRunner] Current state: job state = 'Canceled'
[2025-10-06 08:11:08Z INFO StepsRunner] Processing step: DisplayName='Post Checkout repo'
[2025-10-06 08:11:08Z INFO StepsRunner] Evaluating: always()
[2025-10-06 08:11:08Z INFO StepsRunner] Result: true
[2025-10-06 08:11:08Z INFO StepsRunner] Starting the step.
[2025-10-06 08:11:08Z INFO HostContext] Well known directory 'Bin': '/Users/jnalair/quiet-reference-site/actions-runner/bin'
[2025-10-06 08:11:08Z INFO HostContext] Well known directory 'Root': '/Users/jnalair/quiet-reference-site/actions-runner'
[2025-10-06 08:11:08Z INFO HostContext] Well known directory 'Work': '/Users/jnalair/quiet-reference-site/actions-runner/_work'
[2025-10-06 08:11:08Z INFO HostContext] Well known directory 'Actions': '/Users/jnalair/quiet-reference-site/actions-runner/_work/_actions'
[2025-10-06 08:11:08Z INFO ActionManager] Load action that reference repository from '/Users/jnalair/quiet-reference-site/actions-runner/_work/_actions/actions/checkout/v3'
[2025-10-06 08:11:08Z INFO HostContext] Well known directory 'Bin': '/Users/jnalair/quiet-reference-site/actions-runner/bin'
[2025-10-06 08:11:08Z INFO HostContext] Well known directory 'Root': '/Users/jnalair/quiet-reference-site/actions-runner'
[2025-10-06 08:11:08Z INFO HostContext] Well known directory 'Work': '/Users/jnalair/quiet-reference-site/actions-runner/_work'
[2025-10-06 08:11:08Z INFO HostContext] Well known directory 'Actions': '/Users/jnalair/quiet-reference-site/actions-runner/_work/_actions'
[2025-10-06 08:11:08Z INFO ActionManifestManager] Loaded action.yml file: {
  "name": "Checkout",
  "description": "Checkout a Git repository at a particular version",
  "inputs": {
    "type": 2,
    "map": [
      {
        "key": {
          "type": 0,
          "file": 2,
          "line": 4,
          "col": 3,
          "lit": "repository"
        },
        "value": {
          "type": 3,
          "file": 2,
          "line": 6,
          "col": 14,
          "expr": "github.repository"
        }
      },
      {
        "key": {
          "type": 0,
          "file": 2,
          "line": 7,
          "col": 3,
          "lit": "ref"
        },
        "value": ""
      },
      {
        "key": {
          "type": 0,
          "file": 2,
          "line": 12,
          "col": 3,
          "lit": "token"
        },
        "value": {
          "type": 3,
          "file": 2,
          "line": 24,
          "col": 14,
          "expr": "github.token"
        }
      },
      {
        "key": {
          "type": 0,
          "file": 2,
          "line": 25,
          "col": 3,
          "lit": "ssh-key"
        },
        "value": ""
      },
      {
        "key": {
          "type": 0,
          "file": 2,
          "line": 37,
          "col": 3,
          "lit": "ssh-known-hosts"
        },
        "value": ""
      },
      {
        "key": {
          "type": 0,
          "file": 2,
          "line": 42,
          "col": 3,
          "lit": "ssh-strict"
        },
        "value": {
          "type": 0,
          "file": 2,
          "line": 47,
          "col": 14,
          "lit": "true"
        }
      },
      {
        "key": {
          "type": 0,
          "file": 2,
          "line": 48,
          "col": 3,
          "lit": "persist-credentials"
        },
        "value": {
          "type": 0,
          "file": 2,
          "line": 50,
          "col": 14,
          "lit": "true"
        }
      },
      {
        "key": {
          "type": 0,
          "file": 2,
          "line": 51,
          "col": 3,
          "lit": "path"
        },
        "value": ""
      },
      {
        "key": {
          "type": 0,
          "file": 2,
          "line": 53,
          "col": 3,
          "lit": "clean"
        },
        "value": {
          "type": 0,
          "file": 2,
          "line": 55,
          "col": 14,
          "lit": "true"
        }
      },
      {
        "key": {
          "type": 0,
          "file": 2,
          "line": 56,
          "col": 3,
          "lit": "sparse-checkout"
        },
        "value": {
          "type": 0,
          "file": 2,
          "line": 60,
          "col": 14,
          "lit": ""
        }
      },
      {
        "key": {
          "type": 0,
          "file": 2,
          "line": 61,
          "col": 3,
          "lit": "sparse-checkout-cone-mode"
        },
        "value": {
          "type": 0,
          "file": 2,
          "line": 64,
          "col": 14,
          "lit": "true"
        }
      },
      {
        "key": {
          "type": 0,
          "file": 2,
          "line": 65,
          "col": 3,
          "lit": "fetch-depth"
        },
        "value": {
          "type": 0,
          "file": 2,
          "line": 67,
          "col": 14,
          "lit": "1"
        }
      },
      {
        "key": {
          "type": 0,
          "file": 2,
          "line": 68,
          "col": 3,
          "lit": "fetch-tags"
        },
        "value": {
          "type": 0,
          "file": 2,
          "line": 70,
          "col": 14,
          "lit": "false"
        }
      },
      {
        "key": {
          "type": 0,
          "file": 2,
          "line": 71,
          "col": 3,
          "lit": "lfs"
        },
        "value": {
          "type": 0,
          "file": 2,
          "line": 73,
          "col": 14,
          "lit": "false"
        }
      },
      {
        "key": {
          "type": 0,
          "file": 2,
          "line": 74,
          "col": 3,
          "lit": "submodules"
        },
        "value": {
          "type": 0,
          "file": 2,
          "line": 82,
          "col": 14,
          "lit": "false"
        }
      },
      {
        "key": {
          "type": 0,
          "file": 2,
          "line": 83,
          "col": 3,
          "lit": "set-safe-directory"
        },
        "value": {
          "type": 0,
          "file": 2,
          "line": 85,
          "col": 14,
          "lit": "true"
        }
      },
      {
        "key": {
          "type": 0,
          "file": 2,
          "line": 86,
          "col": 3,
          "lit": "github-server-url"
        },
        "value": ""
      }
    ]
  },
  "execution": {
    "executionType": "nodeJS",
    "hasPre": false,
    "hasPost": true,
    "script": "dist/index.js",
    "pre": null,
    "post": "dist/index.js",
    "nodeVersion": "node16",
    "cleanupCondition": "always()",
    "initCondition": "always()"
  },
  "deprecated": null
}
[2025-10-06 08:11:08Z INFO ActionManager] Action pre node.js file: N/A.
[2025-10-06 08:11:08Z INFO ActionManager] Action node.js file: dist/index.js.
[2025-10-06 08:11:08Z INFO ActionManager] Action post node.js file: dist/index.js.
[2025-10-06 08:11:08Z INFO HostContext] Well known directory 'Bin': '/Users/jnalair/quiet-reference-site/actions-runner/bin'
[2025-10-06 08:11:08Z INFO HostContext] Well known directory 'Root': '/Users/jnalair/quiet-reference-site/actions-runner'
[2025-10-06 08:11:08Z INFO HostContext] Well known directory 'Work': '/Users/jnalair/quiet-reference-site/actions-runner/_work'
[2025-10-06 08:11:08Z INFO HostContext] Well known directory 'Temp': '/Users/jnalair/quiet-reference-site/actions-runner/_work/_temp'
[2025-10-06 08:11:08Z INFO ExecutionContext] Write event payload to /Users/jnalair/quiet-reference-site/actions-runner/_work/_temp/_github_workflow/event.json
[2025-10-06 08:11:08Z INFO HostContext] Well known directory 'Bin': '/Users/jnalair/quiet-reference-site/actions-runner/bin'
[2025-10-06 08:11:08Z INFO HostContext] Well known directory 'Root': '/Users/jnalair/quiet-reference-site/actions-runner'
[2025-10-06 08:11:08Z INFO HostContext] Well known directory 'Work': '/Users/jnalair/quiet-reference-site/actions-runner/_work'
[2025-10-06 08:11:08Z INFO HostContext] Well known directory 'Temp': '/Users/jnalair/quiet-reference-site/actions-runner/_work/_temp'
[2025-10-06 08:11:08Z INFO ExtensionManager] Getting extensions for interface: 'GitHub.Runner.Worker.IFileCommandExtension'
[2025-10-06 08:11:08Z INFO ActionManifestManager] Input 'repository': default value evaluate result: {
  "type": 0,
  "file": 2,
  "line": 6,
  "col": 14,
  "lit": "Vodkashot28/quiet-reference-site"
}
[2025-10-06 08:11:08Z INFO ActionManifestManager] Input 'ref': default value evaluate result: ""
[2025-10-06 08:11:08Z INFO ActionManifestManager] Input 'token': default value evaluate result: {
  "type": 0,
  "file": 2,
  "line": 24,
  "col": 14,
  "lit": "***"
}
[2025-10-06 08:11:08Z INFO ActionManifestManager] Input 'ssh-key': default value evaluate result: ""
[2025-10-06 08:11:08Z INFO ActionManifestManager] Input 'ssh-known-hosts': default value evaluate result: ""
[2025-10-06 08:11:08Z INFO ActionManifestManager] Input 'ssh-strict': default value evaluate result: {
  "type": 0,
  "file": 2,
  "line": 47,
  "col": 14,
  "lit": "true"
}
[2025-10-06 08:11:08Z INFO ActionManifestManager] Input 'persist-credentials': default value evaluate result: {
  "type": 0,
  "file": 2,
  "line": 50,
  "col": 14,
  "lit": "true"
}
[2025-10-06 08:11:08Z INFO ActionManifestManager] Input 'path': default value evaluate result: ""
[2025-10-06 08:11:08Z INFO ActionManifestManager] Input 'clean': default value evaluate result: {
  "type": 0,
  "file": 2,
  "line": 55,
  "col": 14,
  "lit": "true"
}
[2025-10-06 08:11:08Z INFO ActionManifestManager] Input 'sparse-checkout': default value evaluate result: {
  "type": 0,
  "file": 2,
  "line": 60,
  "col": 14,
  "lit": ""
}
[2025-10-06 08:11:08Z INFO ActionManifestManager] Input 'sparse-checkout-cone-mode': default value evaluate result: {
  "type": 0,
  "file": 2,
  "line": 64,
  "col": 14,
  "lit": "true"
}
[2025-10-06 08:11:08Z INFO ActionManifestManager] Input 'fetch-depth': default value evaluate result: {
  "type": 0,
  "file": 2,
  "line": 67,
  "col": 14,
  "lit": "1"
}
[2025-10-06 08:11:08Z INFO ActionManifestManager] Input 'fetch-tags': default value evaluate result: {
  "type": 0,
  "file": 2,
  "line": 70,
  "col": 14,
  "lit": "false"
}
[2025-10-06 08:11:08Z INFO ActionManifestManager] Input 'lfs': default value evaluate result: {
  "type": 0,
  "file": 2,
  "line": 73,
  "col": 14,
  "lit": "false"
}
[2025-10-06 08:11:08Z INFO ActionManifestManager] Input 'submodules': default value evaluate result: {
  "type": 0,
  "file": 2,
  "line": 82,
  "col": 14,
  "lit": "false"
}
[2025-10-06 08:11:08Z INFO ActionManifestManager] Input 'set-safe-directory': default value evaluate result: {
  "type": 0,
  "file": 2,
  "line": 85,
  "col": 14,
  "lit": "true"
}
[2025-10-06 08:11:08Z INFO ActionManifestManager] Input 'github-server-url': default value evaluate result: ""
[2025-10-06 08:11:08Z INFO ExtensionManager] Getting extensions for interface: 'GitHub.Runner.Worker.IActionCommandExtension'
[2025-10-06 08:11:08Z INFO ActionCommandManager] Register action command extension for command internal-set-repo-path
[2025-10-06 08:11:08Z INFO ActionCommandManager] Register action command extension for command set-env
[2025-10-06 08:11:08Z INFO ActionCommandManager] Register action command extension for command set-output
[2025-10-06 08:11:08Z INFO ActionCommandManager] Register action command extension for command save-state
[2025-10-06 08:11:08Z INFO ActionCommandManager] Register action command extension for command add-path
[2025-10-06 08:11:08Z INFO ActionCommandManager] Register action command extension for command add-mask
[2025-10-06 08:11:08Z INFO ActionCommandManager] Register action command extension for command add-matcher
[2025-10-06 08:11:08Z INFO ActionCommandManager] Register action command extension for command remove-matcher
[2025-10-06 08:11:08Z INFO ActionCommandManager] Register action command extension for command warning
[2025-10-06 08:11:08Z INFO ActionCommandManager] Register action command extension for command error
[2025-10-06 08:11:08Z INFO ActionCommandManager] Register action command extension for command notice
[2025-10-06 08:11:08Z INFO ActionCommandManager] Register action command extension for command debug
[2025-10-06 08:11:08Z INFO ActionCommandManager] Register action command extension for command group
[2025-10-06 08:11:08Z INFO ActionCommandManager] Register action command extension for command endgroup
[2025-10-06 08:11:08Z INFO ActionCommandManager] Register action command extension for command echo
[2025-10-06 08:11:08Z INFO HostContext] Well known directory 'Bin': '/Users/jnalair/quiet-reference-site/actions-runner/bin'
[2025-10-06 08:11:08Z INFO HostContext] Well known directory 'Root': '/Users/jnalair/quiet-reference-site/actions-runner'
[2025-10-06 08:11:08Z INFO HostContext] Well known directory 'Externals': '/Users/jnalair/quiet-reference-site/actions-runner/externals'
[2025-10-06 08:11:08Z INFO ProcessInvokerWrapper] Starting process:
[2025-10-06 08:11:08Z INFO ProcessInvokerWrapper]   File name: '/Users/jnalair/quiet-reference-site/actions-runner/externals/node20/bin/node'
[2025-10-06 08:11:08Z INFO ProcessInvokerWrapper]   Arguments: '"/Users/jnalair/quiet-reference-site/actions-runner/_work/_actions/actions/checkout/v3/dist/index.js"'
[2025-10-06 08:11:08Z INFO ProcessInvokerWrapper]   Working directory: '/Users/jnalair/quiet-reference-site/actions-runner/_work/quiet-reference-site/quiet-reference-site'
[2025-10-06 08:11:08Z INFO ProcessInvokerWrapper]   Require exit code zero: 'False'
[2025-10-06 08:11:08Z INFO ProcessInvokerWrapper]   Encoding web name:  ; code page: ''
[2025-10-06 08:11:08Z INFO ProcessInvokerWrapper]   Force kill process on cancellation: 'False'
[2025-10-06 08:11:08Z INFO ProcessInvokerWrapper]   Redirected STDIN: 'False'
[2025-10-06 08:11:08Z INFO ProcessInvokerWrapper]   Persist current code page: 'False'
[2025-10-06 08:11:08Z INFO ProcessInvokerWrapper]   Keep redirected STDIN open: 'False'
[2025-10-06 08:11:08Z INFO ProcessInvokerWrapper]   High priority process: 'False'
[2025-10-06 08:11:08Z INFO ResultServer] Websocket is not open, let's attempt to connect back again with random backoff 00:00:00.4270000 ms.
[2025-10-06 08:11:08Z INFO ResultServer] Creating websocket client ...wss://results-receiver.actions.githubusercontent.com/_ws/ingest.sock
[2025-10-06 08:11:08Z INFO ResultServer] Attempting to start websocket client with delay 00:00:00.4270000.
[2025-10-06 08:11:08Z INFO ResultServer] Websocket is not open, let's attempt to connect back again with random backoff 00:00:00.4150000 ms.
[2025-10-06 08:11:08Z INFO ResultServer] Creating websocket client ...wss://results-receiver.actions.githubusercontent.com/_ws/ingest.sock
[2025-10-06 08:11:08Z INFO ResultServer] Attempting to start websocket client with delay 00:00:00.4150000.
[2025-10-06 08:11:08Z INFO ResultServer] Websocket is not open, let's attempt to connect back again with random backoff 00:00:00.1570000 ms.
[2025-10-06 08:11:08Z INFO ResultServer] Creating websocket client ...wss://results-receiver.actions.githubusercontent.com/_ws/ingest.sock
[2025-10-06 08:11:08Z INFO ResultServer] Attempting to start websocket client with delay 00:00:00.1570000.
[2025-10-06 08:11:08Z INFO JobServerQueue] Try to append 1 batches web console lines for record '050d5208-a9aa-4f93-a6a1-4563a9cf4268', success rate: 1/1.
[2025-10-06 08:11:08Z INFO ProcessInvokerWrapper] Process started with process id 31905, waiting for process exit.
[2025-10-06 08:11:08Z INFO ResultServer] Exception caught during websocket client connect, retry connection.
[2025-10-06 08:11:08Z ERR  ResultServer] System.NullReferenceException: Object reference not set to an instance of an object.
   at GitHub.Runner.Common.ResultServer.ConnectWebSocketClient(String feedStreamUrl, TimeSpan delay, Boolean retryConnection)
[2025-10-06 08:11:09Z INFO ResultServer] Exception caught during websocket client connect, retry connection.
[2025-10-06 08:11:09Z ERR  ResultServer] System.NullReferenceException: Object reference not set to an instance of an object.
   at GitHub.Runner.Common.ResultServer.ConnectWebSocketClient(String feedStreamUrl, TimeSpan delay, Boolean retryConnection)
[2025-10-06 08:11:09Z INFO ResultServer] Exception caught during websocket client connect, retry connection.
[2025-10-06 08:11:09Z ERR  ResultServer] System.NullReferenceException: Object reference not set to an instance of an object.
   at GitHub.Runner.Common.ResultServer.ConnectWebSocketClient(String feedStreamUrl, TimeSpan delay, Boolean retryConnection)
[2025-10-06 08:11:09Z INFO JobServerQueue] Got a step log file to send to results service.
[2025-10-06 08:11:09Z INFO JobServerQueue] Try to upload 1 log files or attachments, success rate: 1/1.
[2025-10-06 08:11:09Z INFO JobServerQueue] Starting upload of step log file to results service ResultsLog, /Users/jnalair/quiet-reference-site/actions-runner/_diag/blocks/1654fc12-0891-43d0-8aa4-dfb6f75763d7_050d5208-a9aa-4f93-a6a1-4563a9cf4268.1
[2025-10-06 08:11:09Z INFO JobServerQueue] Try to append 1 batches web console lines for record 'eb351f7f-3dc7-4066-bb09-79bf82836819', success rate: 1/1.
[2025-10-06 08:11:10Z INFO AddMaskCommandExtension] Add new secret mask with length of 32
[2025-10-06 08:11:10Z INFO JobServerQueue] Try to append 1 batches web console lines for record 'eb351f7f-3dc7-4066-bb09-79bf82836819', success rate: 1/1.
[2025-10-06 08:11:10Z INFO JobServerQueue] Try to append 1 batches web console lines for record 'eb351f7f-3dc7-4066-bb09-79bf82836819', success rate: 1/1.
[2025-10-06 08:11:11Z INFO JobServerQueue] Try to append 1 batches web console lines for record 'eb351f7f-3dc7-4066-bb09-79bf82836819', success rate: 1/1.
[2025-10-06 08:11:11Z INFO ProcessInvokerWrapper] STDOUT/STDERR stream read finished.
[2025-10-06 08:11:11Z INFO ProcessInvokerWrapper] STDOUT/STDERR stream read finished.
[2025-10-06 08:11:11Z INFO ProcessInvokerWrapper] Finished process 31905 with exit code 0, and elapsed time 00:00:02.7998569.
[2025-10-06 08:11:11Z INFO CreateStepSummaryCommand] Step Summary file (/Users/jnalair/quiet-reference-site/actions-runner/_work/_temp/_runner_file_commands/step_summary_25112e9d-ddd6-4962-93ef-83a91d356650) is empty; skipping attachment upload
[2025-10-06 08:11:11Z INFO StepsRunner] Step result: 
[2025-10-06 08:11:11Z INFO ExecutionContext] Publish step telemetry for current step {
  "action": "actions/checkout",
  "ref": "v3",
  "type": "node20",
  "stage": "Post",
  "stepId": "eb351f7f-3dc7-4066-bb09-79bf82836819",
  "result": "succeeded",
  "errorMessages": [],
  "executionTimeInSeconds": 3,
  "startTime": "2025-10-06T08:11:08.564232Z",
  "finishTime": "2025-10-06T08:11:11.467417Z"
}.
[2025-10-06 08:11:11Z INFO StepsRunner] No need for updating job result with current step result 'Succeeded'.
[2025-10-06 08:11:11Z INFO StepsRunner] Current state: job state = 'Canceled'
[2025-10-06 08:11:11Z INFO JobRunner] Finalize job.
[2025-10-06 08:11:11Z INFO HostContext] Well known directory 'Bin': '/Users/jnalair/quiet-reference-site/actions-runner/bin'
[2025-10-06 08:11:11Z INFO HostContext] Well known directory 'Root': '/Users/jnalair/quiet-reference-site/actions-runner'
[2025-10-06 08:11:11Z INFO HostContext] Well known directory 'Diag': '/Users/jnalair/quiet-reference-site/actions-runner/_diag'
[2025-10-06 08:11:11Z INFO HostContext] Well known directory 'Bin': '/Users/jnalair/quiet-reference-site/actions-runner/bin'
[2025-10-06 08:11:11Z INFO HostContext] Well known directory 'Root': '/Users/jnalair/quiet-reference-site/actions-runner'
[2025-10-06 08:11:11Z INFO HostContext] Well known directory 'Diag': '/Users/jnalair/quiet-reference-site/actions-runner/_diag'
[2025-10-06 08:11:11Z INFO JobExtension] Initialize Env context
[2025-10-06 08:11:11Z INFO JobExtension] Initialize steps context
[2025-10-06 08:11:11Z INFO JobExtension] Total accessible running process: 283.
[2025-10-06 08:11:11Z INFO JobExtension] Inspecting process environment variables. PID: 31915 (mdworker_shared)
[2025-10-06 08:11:11Z INFO LinuxProcessExtensions] Read env from output of `ps e -p 31915 -o command`
[2025-10-06 08:11:11Z INFO HostContext] Well known directory 'Bin': '/Users/jnalair/quiet-reference-site/actions-runner/bin'
[2025-10-06 08:11:11Z INFO HostContext] Well known directory 'Root': '/Users/jnalair/quiet-reference-site/actions-runner'
[2025-10-06 08:11:11Z INFO ProcessInvokerWrapper] Starting process:
[2025-10-06 08:11:11Z INFO ProcessInvokerWrapper]   File name: 'ps'
[2025-10-06 08:11:11Z INFO ProcessInvokerWrapper]   Arguments: 'e -p 31915 -o command'
[2025-10-06 08:11:11Z INFO ProcessInvokerWrapper]   Working directory: '/Users/jnalair/quiet-reference-site/actions-runner'
[2025-10-06 08:11:11Z INFO ProcessInvokerWrapper]   Require exit code zero: 'False'
[2025-10-06 08:11:11Z INFO ProcessInvokerWrapper]   Encoding web name:  ; code page: ''
[2025-10-06 08:11:11Z INFO ProcessInvokerWrapper]   Force kill process on cancellation: 'False'
[2025-10-06 08:11:11Z INFO ProcessInvokerWrapper]   Redirected STDIN: 'False'
[2025-10-06 08:11:11Z INFO ProcessInvokerWrapper]   Persist current code page: 'False'
[2025-10-06 08:11:11Z INFO ProcessInvokerWrapper]   Keep redirected STDIN open: 'False'
[2025-10-06 08:11:11Z INFO ProcessInvokerWrapper]   High priority process: 'False'
[2025-10-06 08:11:11Z INFO ProcessInvokerWrapper] Process started with process id 31984, waiting for process exit.
[2025-10-06 08:11:11Z INFO ProcessInvokerWrapper] STDOUT/STDERR stream read finished.
[2025-10-06 08:11:11Z INFO ProcessInvokerWrapper] STDOUT/STDERR stream read finished.
[2025-10-06 08:11:11Z INFO ProcessInvokerWrapper] Finished process 31984 with exit code 0, and elapsed time 00:00:00.0322741.
[2025-10-06 08:11:11Z INFO LinuxProcessExtensions] Successfully dump environment variables for 31915
[2025-10-06 08:11:11Z INFO JobExtension] Inspecting process environment variables. PID: 31912 (gamecontrollera)
[2025-10-06 08:11:11Z INFO LinuxProcessExtensions] Read env from output of `ps e -p 31912 -o command`
[2025-10-06 08:11:11Z INFO HostContext] Well known directory 'Bin': '/Users/jnalair/quiet-reference-site/actions-runner/bin'
[2025-10-06 08:11:11Z INFO HostContext] Well known directory 'Root': '/Users/jnalair/quiet-reference-site/actions-runner'
[2025-10-06 08:11:11Z INFO ProcessInvokerWrapper] Starting process:
[2025-10-06 08:11:11Z INFO ProcessInvokerWrapper]   File name: 'ps'
[2025-10-06 08:11:11Z INFO ProcessInvokerWrapper]   Arguments: 'e -p 31912 -o command'
[2025-10-06 08:11:11Z INFO ProcessInvokerWrapper]   Working directory: '/Users/jnalair/quiet-reference-site/actions-runner'
[2025-10-06 08:11:11Z INFO ProcessInvokerWrapper]   Require exit code zero: 'False'
[2025-10-06 08:11:11Z INFO ProcessInvokerWrapper]   Encoding web name:  ; code page: ''
[2025-10-06 08:11:11Z INFO ProcessInvokerWrapper]   Force kill process on cancellation: 'False'
[2025-10-06 08:11:11Z INFO ProcessInvokerWrapper]   Redirected STDIN: 'False'
[2025-10-06 08:11:11Z INFO ProcessInvokerWrapper]   Persist current code page: 'False'
[2025-10-06 08:11:11Z INFO ProcessInvokerWrapper]   Keep redirected STDIN open: 'False'
[2025-10-06 08:11:11Z INFO ProcessInvokerWrapper]   High priority process: 'False'
[2025-10-06 08:11:11Z INFO ProcessInvokerWrapper] Process started with process id 31985, waiting for process exit.
[2025-10-06 08:11:11Z INFO ProcessInvokerWrapper] STDOUT/STDERR stream read finished.
[2025-10-06 08:11:11Z INFO ProcessInvokerWrapper] STDOUT/STDERR stream read finished.
[2025-10-06 08:11:11Z INFO ProcessInvokerWrapper] Finished process 31985 with exit code 0, and elapsed time 00:00:00.0274957.
[2025-10-06 08:11:11Z INFO LinuxProcessExtensions] Successfully dump environment variables for 31912
[2025-10-06 08:11:11Z INFO JobExtension] Inspecting process environment variables. PID: 31908 (mdworker_shared)
[2025-10-06 08:11:11Z INFO LinuxProcessExtensions] Read env from output of `ps e -p 31908 -o command`
[2025-10-06 08:11:11Z INFO HostContext] Well known directory 'Bin': '/Users/jnalair/quiet-reference-site/actions-runner/bin'
[2025-10-06 08:11:11Z INFO HostContext] Well known directory 'Root': '/Users/jnalair/quiet-reference-site/actions-runner'
[2025-10-06 08:11:11Z INFO ProcessInvokerWrapper] Starting process:
[2025-10-06 08:11:11Z INFO ProcessInvokerWrapper]   File name: 'ps'
[2025-10-06 08:11:11Z INFO ProcessInvokerWrapper]   Arguments: 'e -p 31908 -o command'
[2025-10-06 08:11:11Z INFO ProcessInvokerWrapper]   Working directory: '/Users/jnalair/quiet-reference-site/actions-runner'
[2025-10-06 08:11:11Z INFO ProcessInvokerWrapper]   Require exit code zero: 'False'
[2025-10-06 08:11:11Z INFO ProcessInvokerWrapper]   Encoding web name:  ; code page: ''
[2025-10-06 08:11:11Z INFO ProcessInvokerWrapper]   Force kill process on cancellation: 'False'
[2025-10-06 08:11:11Z INFO ProcessInvokerWrapper]   Redirected STDIN: 'False'
[2025-10-06 08:11:11Z INFO ProcessInvokerWrapper]   Persist current code page: 'False'
[2025-10-06 08:11:11Z INFO ProcessInvokerWrapper]   Keep redirected STDIN open: 'False'
[2025-10-06 08:11:11Z INFO ProcessInvokerWrapper]   High priority process: 'False'
[2025-10-06 08:11:11Z INFO ProcessInvokerWrapper] Process started with process id 31986, waiting for process exit.
[2025-10-06 08:11:11Z INFO ProcessInvokerWrapper] STDOUT/STDERR stream read finished.
[2025-10-06 08:11:11Z INFO ProcessInvokerWrapper] STDOUT/STDERR stream read finished.
[2025-10-06 08:11:11Z INFO ProcessInvokerWrapper] Finished process 31986 with exit code 0, and elapsed time 00:00:00.0328728.
[2025-10-06 08:11:11Z INFO LinuxProcessExtensions] Successfully dump environment variables for 31908
[2025-10-06 08:11:11Z INFO JobExtension] Inspecting process environment variables. PID: 31907 (mdworker_shared)
[2025-10-06 08:11:11Z INFO LinuxProcessExtensions] Read env from output of `ps e -p 31907 -o command`
[2025-10-06 08:11:11Z INFO HostContext] Well known directory 'Bin': '/Users/jnalair/quiet-reference-site/actions-runner/bin'
[2025-10-06 08:11:11Z INFO HostContext] Well known directory 'Root': '/Users/jnalair/quiet-reference-site/actions-runner'
[2025-10-06 08:11:11Z INFO ProcessInvokerWrapper] Starting process:
[2025-10-06 08:11:11Z INFO ProcessInvokerWrapper]   File name: 'ps'
[2025-10-06 08:11:11Z INFO ProcessInvokerWrapper]   Arguments: 'e -p 31907 -o command'
[2025-10-06 08:11:11Z INFO ProcessInvokerWrapper]   Working directory: '/Users/jnalair/quiet-reference-site/actions-runner'
[2025-10-06 08:11:11Z INFO ProcessInvokerWrapper]   Require exit code zero: 'False'
[2025-10-06 08:11:11Z INFO ProcessInvokerWrapper]   Encoding web name:  ; code page: ''
[2025-10-06 08:11:11Z INFO ProcessInvokerWrapper]   Force kill process on cancellation: 'False'
[2025-10-06 08:11:11Z INFO ProcessInvokerWrapper]   Redirected STDIN: 'False'
[2025-10-06 08:11:11Z INFO ProcessInvokerWrapper]   Persist current code page: 'False'
[2025-10-06 08:11:11Z INFO ProcessInvokerWrapper]   Keep redirected STDIN open: 'False'
[2025-10-06 08:11:11Z INFO ProcessInvokerWrapper]   High priority process: 'False'
[2025-10-06 08:11:11Z INFO ProcessInvokerWrapper] Process started with process id 31987, waiting for process exit.
[2025-10-06 08:11:11Z INFO ProcessInvokerWrapper] STDOUT/STDERR stream read finished.
[2025-10-06 08:11:11Z INFO ProcessInvokerWrapper] STDOUT/STDERR stream read finished.
[2025-10-06 08:11:11Z INFO ProcessInvokerWrapper] Finished process 31987 with exit code 0, and elapsed time 00:00:00.0360489.
[2025-10-06 08:11:11Z INFO LinuxProcessExtensions] Successfully dump environment variables for 31907
[2025-10-06 08:11:11Z INFO JobExtension] Inspecting process environment variables. PID: 31906 (ndoagent)
[2025-10-06 08:11:11Z INFO LinuxProcessExtensions] Read env from output of `ps e -p 31906 -o command`
[2025-10-06 08:11:11Z INFO HostContext] Well known directory 'Bin': '/Users/jnalair/quiet-reference-site/actions-runner/bin'
[2025-10-06 08:11:11Z INFO HostContext] Well known directory 'Root': '/Users/jnalair/quiet-reference-site/actions-runner'
[2025-10-06 08:11:11Z INFO ProcessInvokerWrapper] Starting process:
[2025-10-06 08:11:11Z INFO ProcessInvokerWrapper]   File name: 'ps'
[2025-10-06 08:11:11Z INFO ProcessInvokerWrapper]   Arguments: 'e -p 31906 -o command'
[2025-10-06 08:11:11Z INFO ProcessInvokerWrapper]   Working directory: '/Users/jnalair/quiet-reference-site/actions-runner'
[2025-10-06 08:11:11Z INFO ProcessInvokerWrapper]   Require exit code zero: 'False'
[2025-10-06 08:11:11Z INFO ProcessInvokerWrapper]   Encoding web name:  ; code page: ''
[2025-10-06 08:11:11Z INFO ProcessInvokerWrapper]   Force kill process on cancellation: 'False'
[2025-10-06 08:11:11Z INFO ProcessInvokerWrapper]   Redirected STDIN: 'False'
[2025-10-06 08:11:11Z INFO ProcessInvokerWrapper]   Persist current code page: 'False'
[2025-10-06 08:11:11Z INFO ProcessInvokerWrapper]   Keep redirected STDIN open: 'False'
[2025-10-06 08:11:11Z INFO ProcessInvokerWrapper]   High priority process: 'False'
[2025-10-06 08:11:11Z INFO ProcessInvokerWrapper] Process started with process id 31988, waiting for process exit.
[2025-10-06 08:11:11Z INFO ProcessInvokerWrapper] STDOUT/STDERR stream read finished.
[2025-10-06 08:11:11Z INFO ProcessInvokerWrapper] STDOUT/STDERR stream read finished.
[2025-10-06 08:11:11Z INFO ProcessInvokerWrapper] Finished process 31988 with exit code 0, and elapsed time 00:00:00.0253631.
[2025-10-06 08:11:11Z INFO LinuxProcessExtensions] Successfully dump environment variables for 31906
[2025-10-06 08:11:11Z INFO JobExtension] Inspecting process environment variables. PID: 31904 (feedbackd)
[2025-10-06 08:11:11Z INFO LinuxProcessExtensions] Read env from output of `ps e -p 31904 -o command`
[2025-10-06 08:11:11Z INFO HostContext] Well known directory 'Bin': '/Users/jnalair/quiet-reference-site/actions-runner/bin'
[2025-10-06 08:11:11Z INFO HostContext] Well known directory 'Root': '/Users/jnalair/quiet-reference-site/actions-runner'
[2025-10-06 08:11:11Z INFO ProcessInvokerWrapper] Starting process:
[2025-10-06 08:11:11Z INFO ProcessInvokerWrapper]   File name: 'ps'
[2025-10-06 08:11:11Z INFO ProcessInvokerWrapper]   Arguments: 'e -p 31904 -o command'
[2025-10-06 08:11:11Z INFO ProcessInvokerWrapper]   Working directory: '/Users/jnalair/quiet-reference-site/actions-runner'
[2025-10-06 08:11:11Z INFO ProcessInvokerWrapper]   Require exit code zero: 'False'
[2025-10-06 08:11:11Z INFO ProcessInvokerWrapper]   Encoding web name:  ; code page: ''
[2025-10-06 08:11:11Z INFO ProcessInvokerWrapper]   Force kill process on cancellation: 'False'
[2025-10-06 08:11:11Z INFO ProcessInvokerWrapper]   Redirected STDIN: 'False'
[2025-10-06 08:11:11Z INFO ProcessInvokerWrapper]   Persist current code page: 'False'
[2025-10-06 08:11:11Z INFO ProcessInvokerWrapper]   Keep redirected STDIN open: 'False'
[2025-10-06 08:11:11Z INFO ProcessInvokerWrapper]   High priority process: 'False'
[2025-10-06 08:11:11Z INFO ProcessInvokerWrapper] Process started with process id 31989, waiting for process exit.
[2025-10-06 08:11:11Z INFO ProcessInvokerWrapper] STDOUT/STDERR stream read finished.
[2025-10-06 08:11:11Z INFO ProcessInvokerWrapper] STDOUT/STDERR stream read finished.
[2025-10-06 08:11:11Z INFO ProcessInvokerWrapper] Finished process 31989 with exit code 0, and elapsed time 00:00:00.0259875.
[2025-10-06 08:11:11Z INFO LinuxProcessExtensions] Successfully dump environment variables for 31904
[2025-10-06 08:11:11Z INFO JobExtension] Inspecting process environment variables. PID: 31903 (mdworker_shared)
[2025-10-06 08:11:11Z INFO LinuxProcessExtensions] Read env from output of `ps e -p 31903 -o command`
[2025-10-06 08:11:11Z INFO HostContext] Well known directory 'Bin': '/Users/jnalair/quiet-reference-site/actions-runner/bin'
[2025-10-06 08:11:11Z INFO HostContext] Well known directory 'Root': '/Users/jnalair/quiet-reference-site/actions-runner'
[2025-10-06 08:11:11Z INFO ProcessInvokerWrapper] Starting process:
[2025-10-06 08:11:11Z INFO ProcessInvokerWrapper]   File name: 'ps'
[2025-10-06 08:11:11Z INFO ProcessInvokerWrapper]   Arguments: 'e -p 31903 -o command'
[2025-10-06 08:11:11Z INFO ProcessInvokerWrapper]   Working directory: '/Users/jnalair/quiet-reference-site/actions-runner'
[2025-10-06 08:11:11Z INFO ProcessInvokerWrapper]   Require exit code zero: 'False'
[2025-10-06 08:11:11Z INFO ProcessInvokerWrapper]   Encoding web name:  ; code page: ''
[2025-10-06 08:11:11Z INFO ProcessInvokerWrapper]   Force kill process on cancellation: 'False'
[2025-10-06 08:11:11Z INFO ProcessInvokerWrapper]   Redirected STDIN: 'False'
[2025-10-06 08:11:11Z INFO ProcessInvokerWrapper]   Persist current code page: 'False'
[2025-10-06 08:11:11Z INFO ProcessInvokerWrapper]   Keep redirected STDIN open: 'False'
[2025-10-06 08:11:11Z INFO ProcessInvokerWrapper]   High priority process: 'False'
[2025-10-06 08:11:11Z INFO ProcessInvokerWrapper] Process started with process id 31990, waiting for process exit.
[2025-10-06 08:11:11Z INFO ProcessInvokerWrapper] STDOUT/STDERR stream read finished.
[2025-10-06 08:11:11Z INFO ProcessInvokerWrapper] STDOUT/STDERR stream read finished.
[2025-10-06 08:11:11Z INFO ProcessInvokerWrapper] Finished process 31990 with exit code 0, and elapsed time 00:00:00.0250910.
[2025-10-06 08:11:11Z INFO LinuxProcessExtensions] Successfully dump environment variables for 31903
[2025-10-06 08:11:11Z INFO JobExtension] Inspecting process environment variables. PID: 31902 (mdworker_shared)
[2025-10-06 08:11:11Z INFO LinuxProcessExtensions] Read env from output of `ps e -p 31902 -o command`
[2025-10-06 08:11:11Z INFO HostContext] Well known directory 'Bin': '/Users/jnalair/quiet-reference-site/actions-runner/bin'
[2025-10-06 08:11:11Z INFO HostContext] Well known directory 'Root': '/Users/jnalair/quiet-reference-site/actions-runner'
[2025-10-06 08:11:11Z INFO ProcessInvokerWrapper] Starting process:
[2025-10-06 08:11:11Z INFO ProcessInvokerWrapper]   File name: 'ps'
[2025-10-06 08:11:11Z INFO ProcessInvokerWrapper]   Arguments: 'e -p 31902 -o command'
[2025-10-06 08:11:11Z INFO ProcessInvokerWrapper]   Working directory: '/Users/jnalair/quiet-reference-site/actions-runner'
[2025-10-06 08:11:11Z INFO ProcessInvokerWrapper]   Require exit code zero: 'False'
[2025-10-06 08:11:11Z INFO ProcessInvokerWrapper]   Encoding web name:  ; code page: ''
[2025-10-06 08:11:11Z INFO ProcessInvokerWrapper]   Force kill process on cancellation: 'False'
[2025-10-06 08:11:11Z INFO ProcessInvokerWrapper]   Redirected STDIN: 'False'
[2025-10-06 08:11:11Z INFO ProcessInvokerWrapper]   Persist current code page: 'False'
[2025-10-06 08:11:11Z INFO ProcessInvokerWrapper]   Keep redirected STDIN open: 'False'
[2025-10-06 08:11:11Z INFO ProcessInvokerWrapper]   High priority process: 'False'
[2025-10-06 08:11:11Z INFO ProcessInvokerWrapper] Process started with process id 31991, waiting for process exit.
[2025-10-06 08:11:11Z INFO ProcessInvokerWrapper] STDOUT/STDERR stream read finished.
[2025-10-06 08:11:11Z INFO ProcessInvokerWrapper] STDOUT/STDERR stream read finished.
[2025-10-06 08:11:11Z INFO ProcessInvokerWrapper] Finished process 31991 with exit code 0, and elapsed time 00:00:00.0251670.
[2025-10-06 08:11:11Z INFO LinuxProcessExtensions] Successfully dump environment variables for 31902
[2025-10-06 08:11:11Z INFO JobExtension] Inspecting process environment variables. PID: 31900 (mdworker_shared)
[2025-10-06 08:11:11Z INFO LinuxProcessExtensions] Read env from output of `ps e -p 31900 -o command`
[2025-10-06 08:11:11Z INFO HostContext] Well known directory 'Bin': '/Users/jnalair/quiet-reference-site/actions-runner/bin'
[2025-10-06 08:11:11Z INFO HostContext] Well known directory 'Root': '/Users/jnalair/quiet-reference-site/actions-runner'
[2025-10-06 08:11:11Z INFO ProcessInvokerWrapper] Starting process:
[2025-10-06 08:11:11Z INFO ProcessInvokerWrapper]   File name: 'ps'
[2025-10-06 08:11:11Z INFO ProcessInvokerWrapper]   Arguments: 'e -p 31900 -o command'
[2025-10-06 08:11:11Z INFO ProcessInvokerWrapper]   Working directory: '/Users/jnalair/quiet-reference-site/actions-runner'
[2025-10-06 08:11:11Z INFO ProcessInvokerWrapper]   Require exit code zero: 'False'
[2025-10-06 08:11:11Z INFO ProcessInvokerWrapper]   Encoding web name:  ; code page: ''
[2025-10-06 08:11:11Z INFO ProcessInvokerWrapper]   Force kill process on cancellation: 'False'
[2025-10-06 08:11:11Z INFO ProcessInvokerWrapper]   Redirected STDIN: 'False'
[2025-10-06 08:11:11Z INFO ProcessInvokerWrapper]   Persist current code page: 'False'
[2025-10-06 08:11:11Z INFO ProcessInvokerWrapper]   Keep redirected STDIN open: 'False'
[2025-10-06 08:11:11Z INFO ProcessInvokerWrapper]   High priority process: 'False'
[2025-10-06 08:11:11Z INFO ProcessInvokerWrapper] Process started with process id 31992, waiting for process exit.
[2025-10-06 08:11:11Z INFO JobServerQueue] Try to append 1 batches web console lines for record '606e08aa-d770-4155-99fb-8c0a521033e1', success rate: 1/1.
[2025-10-06 08:11:11Z INFO ProcessInvokerWrapper] STDOUT/STDERR stream read finished.
[2025-10-06 08:11:11Z INFO ProcessInvokerWrapper] STDOUT/STDERR stream read finished.
[2025-10-06 08:11:11Z INFO ProcessInvokerWrapper] Finished process 31992 with exit code 0, and elapsed time 00:00:00.0245382.
[2025-10-06 08:11:11Z INFO LinuxProcessExtensions] Successfully dump environment variables for 31900
[2025-10-06 08:11:11Z INFO JobExtension] Inspecting process environment variables. PID: 31901 (mdworker_shared)
[2025-10-06 08:11:11Z INFO LinuxProcessExtensions] Read env from output of `ps e -p 31901 -o command`
[2025-10-06 08:11:11Z INFO HostContext] Well known directory 'Bin': '/Users/jnalair/quiet-reference-site/actions-runner/bin'
[2025-10-06 08:11:11Z INFO HostContext] Well known directory 'Root': '/Users/jnalair/quiet-reference-site/actions-runner'
[2025-10-06 08:11:11Z INFO ProcessInvokerWrapper] Starting process:
[2025-10-06 08:11:11Z INFO ProcessInvokerWrapper]   File name: 'ps'
[2025-10-06 08:11:11Z INFO ProcessInvokerWrapper]   Arguments: 'e -p 31901 -o command'
[2025-10-06 08:11:11Z INFO ProcessInvokerWrapper]   Working directory: '/Users/jnalair/quiet-reference-site/actions-runner'
[2025-10-06 08:11:11Z INFO ProcessInvokerWrapper]   Require exit code zero: 'False'
[2025-10-06 08:11:11Z INFO ProcessInvokerWrapper]   Encoding web name:  ; code page: ''
[2025-10-06 08:11:11Z INFO ProcessInvokerWrapper]   Force kill process on cancellation: 'False'
[2025-10-06 08:11:11Z INFO ProcessInvokerWrapper]   Redirected STDIN: 'False'
[2025-10-06 08:11:11Z INFO ProcessInvokerWrapper]   Persist current code page: 'False'
[2025-10-06 08:11:11Z INFO ProcessInvokerWrapper]   Keep redirected STDIN open: 'False'
[2025-10-06 08:11:11Z INFO ProcessInvokerWrapper]   High priority process: 'False'
[2025-10-06 08:11:11Z INFO ProcessInvokerWrapper] Process started with process id 31993, waiting for process exit.
[2025-10-06 08:11:11Z INFO ProcessInvokerWrapper] STDOUT/STDERR stream read finished.
[2025-10-06 08:11:11Z INFO ProcessInvokerWrapper] STDOUT/STDERR stream read finished.
[2025-10-06 08:11:11Z INFO ProcessInvokerWrapper] Finished process 31993 with exit code 0, and elapsed time 00:00:00.0251454.
[2025-10-06 08:11:11Z INFO LinuxProcessExtensions] Successfully dump environment variables for 31901
[2025-10-06 08:11:11Z INFO JobExtension] Inspecting process environment variables. PID: 31899 (mdworker_shared)
[2025-10-06 08:11:11Z INFO LinuxProcessExtensions] Read env from output of `ps e -p 31899 -o command`
[2025-10-06 08:11:11Z INFO HostContext] Well known directory 'Bin': '/Users/jnalair/quiet-reference-site/actions-runner/bin'
[2025-10-06 08:11:11Z INFO HostContext] Well known directory 'Root': '/Users/jnalair/quiet-reference-site/actions-runner'
[2025-10-06 08:11:11Z INFO ProcessInvokerWrapper] Starting process:
[2025-10-06 08:11:11Z INFO ProcessInvokerWrapper]   File name: 'ps'
[2025-10-06 08:11:11Z INFO ProcessInvokerWrapper]   Arguments: 'e -p 31899 -o command'
[2025-10-06 08:11:11Z INFO ProcessInvokerWrapper]   Working directory: '/Users/jnalair/quiet-reference-site/actions-runner'
[2025-10-06 08:11:11Z INFO ProcessInvokerWrapper]   Require exit code zero: 'False'
[2025-10-06 08:11:11Z INFO ProcessInvokerWrapper]   Encoding web name:  ; code page: ''
[2025-10-06 08:11:11Z INFO ProcessInvokerWrapper]   Force kill process on cancellation: 'False'
[2025-10-06 08:11:11Z INFO ProcessInvokerWrapper]   Redirected STDIN: 'False'
[2025-10-06 08:11:11Z INFO ProcessInvokerWrapper]   Persist current code page: 'False'
[2025-10-06 08:11:11Z INFO ProcessInvokerWrapper]   Keep redirected STDIN open: 'False'
[2025-10-06 08:11:11Z INFO ProcessInvokerWrapper]   High priority process: 'False'
[2025-10-06 08:11:11Z INFO ProcessInvokerWrapper] Process started with process id 31994, waiting for process exit.
[2025-10-06 08:11:11Z INFO ProcessInvokerWrapper] STDOUT/STDERR stream read finished.
[2025-10-06 08:11:11Z INFO ProcessInvokerWrapper] STDOUT/STDERR stream read finished.
[2025-10-06 08:11:11Z INFO ProcessInvokerWrapper] Finished process 31994 with exit code 0, and elapsed time 00:00:00.0228321.
[2025-10-06 08:11:11Z INFO LinuxProcessExtensions] Successfully dump environment variables for 31899
[2025-10-06 08:11:11Z INFO JobExtension] Inspecting process environment variables. PID: 31897 (mdworker_shared)
[2025-10-06 08:11:11Z INFO LinuxProcessExtensions] Read env from output of `ps e -p 31897 -o command`
[2025-10-06 08:11:11Z INFO HostContext] Well known directory 'Bin': '/Users/jnalair/quiet-reference-site/actions-runner/bin'
[2025-10-06 08:11:11Z INFO HostContext] Well known directory 'Root': '/Users/jnalair/quiet-reference-site/actions-runner'
[2025-10-06 08:11:11Z INFO ProcessInvokerWrapper] Starting process:
[2025-10-06 08:11:11Z INFO ProcessInvokerWrapper]   File name: 'ps'
[2025-10-06 08:11:11Z INFO ProcessInvokerWrapper]   Arguments: 'e -p 31897 -o command'
[2025-10-06 08:11:11Z INFO ProcessInvokerWrapper]   Working directory: '/Users/jnalair/quiet-reference-site/actions-runner'
[2025-10-06 08:11:11Z INFO ProcessInvokerWrapper]   Require exit code zero: 'False'
[2025-10-06 08:11:11Z INFO ProcessInvokerWrapper]   Encoding web name:  ; code page: ''
[2025-10-06 08:11:11Z INFO ProcessInvokerWrapper]   Force kill process on cancellation: 'False'
[2025-10-06 08:11:11Z INFO ProcessInvokerWrapper]   Redirected STDIN: 'False'
[2025-10-06 08:11:11Z INFO ProcessInvokerWrapper]   Persist current code page: 'False'
[2025-10-06 08:11:11Z INFO ProcessInvokerWrapper]   Keep redirected STDIN open: 'False'
[2025-10-06 08:11:11Z INFO ProcessInvokerWrapper]   High priority process: 'False'
[2025-10-06 08:11:11Z INFO ProcessInvokerWrapper] Process started with process id 31995, waiting for process exit.
[2025-10-06 08:11:11Z INFO ProcessInvokerWrapper] STDOUT/STDERR stream read finished.
[2025-10-06 08:11:11Z INFO ProcessInvokerWrapper] STDOUT/STDERR stream read finished.
[2025-10-06 08:11:11Z INFO ProcessInvokerWrapper] Finished process 31995 with exit code 0, and elapsed time 00:00:00.0227330.
[2025-10-06 08:11:11Z INFO LinuxProcessExtensions] Successfully dump environment variables for 31897
[2025-10-06 08:11:11Z INFO JobExtension] Inspecting process environment variables. PID: 31896 (mdworker_shared)
[2025-10-06 08:11:11Z INFO LinuxProcessExtensions] Read env from output of `ps e -p 31896 -o command`
[2025-10-06 08:11:11Z INFO HostContext] Well known directory 'Bin': '/Users/jnalair/quiet-reference-site/actions-runner/bin'
[2025-10-06 08:11:11Z INFO HostContext] Well known directory 'Root': '/Users/jnalair/quiet-reference-site/actions-runner'
[2025-10-06 08:11:11Z INFO ProcessInvokerWrapper] Starting process:
[2025-10-06 08:11:11Z INFO ProcessInvokerWrapper]   File name: 'ps'
[2025-10-06 08:11:11Z INFO ProcessInvokerWrapper]   Arguments: 'e -p 31896 -o command'
[2025-10-06 08:11:11Z INFO ProcessInvokerWrapper]   Working directory: '/Users/jnalair/quiet-reference-site/actions-runner'
[2025-10-06 08:11:11Z INFO ProcessInvokerWrapper]   Require exit code zero: 'False'
[2025-10-06 08:11:11Z INFO ProcessInvokerWrapper]   Encoding web name:  ; code page: ''
[2025-10-06 08:11:11Z INFO ProcessInvokerWrapper]   Force kill process on cancellation: 'False'
[2025-10-06 08:11:11Z INFO ProcessInvokerWrapper]   Redirected STDIN: 'False'
[2025-10-06 08:11:11Z INFO ProcessInvokerWrapper]   Persist current code page: 'False'
[2025-10-06 08:11:11Z INFO ProcessInvokerWrapper]   Keep redirected STDIN open: 'False'
[2025-10-06 08:11:11Z INFO ProcessInvokerWrapper]   High priority process: 'False'
[2025-10-06 08:11:11Z INFO ProcessInvokerWrapper] Process started with process id 31996, waiting for process exit.
[2025-10-06 08:11:11Z INFO ProcessInvokerWrapper] STDOUT/STDERR stream read finished.
[2025-10-06 08:11:11Z INFO ProcessInvokerWrapper] STDOUT/STDERR stream read finished.
[2025-10-06 08:11:11Z INFO ProcessInvokerWrapper] Finished process 31996 with exit code 0, and elapsed time 00:00:00.0224092.
[2025-10-06 08:11:11Z INFO LinuxProcessExtensions] Successfully dump environment variables for 31896
[2025-10-06 08:11:11Z INFO JobExtension] Inspecting process environment variables. PID: 31894 (mdworker_shared)
[2025-10-06 08:11:11Z INFO LinuxProcessExtensions] Read env from output of `ps e -p 31894 -o command`
[2025-10-06 08:11:11Z INFO HostContext] Well known directory 'Bin': '/Users/jnalair/quiet-reference-site/actions-runner/bin'
[2025-10-06 08:11:11Z INFO HostContext] Well known directory 'Root': '/Users/jnalair/quiet-reference-site/actions-runner'
[2025-10-06 08:11:11Z INFO ProcessInvokerWrapper] Starting process:
[2025-10-06 08:11:11Z INFO ProcessInvokerWrapper]   File name: 'ps'
[2025-10-06 08:11:11Z INFO ProcessInvokerWrapper]   Arguments: 'e -p 31894 -o command'
[2025-10-06 08:11:11Z INFO ProcessInvokerWrapper]   Working directory: '/Users/jnalair/quiet-reference-site/actions-runner'
[2025-10-06 08:11:11Z INFO ProcessInvokerWrapper]   Require exit code zero: 'False'
[2025-10-06 08:11:11Z INFO ProcessInvokerWrapper]   Encoding web name:  ; code page: ''
[2025-10-06 08:11:11Z INFO ProcessInvokerWrapper]   Force kill process on cancellation: 'False'
[2025-10-06 08:11:11Z INFO ProcessInvokerWrapper]   Redirected STDIN: 'False'
[2025-10-06 08:11:11Z INFO ProcessInvokerWrapper]   Persist current code page: 'False'
[2025-10-06 08:11:11Z INFO ProcessInvokerWrapper]   Keep redirected STDIN open: 'False'
[2025-10-06 08:11:11Z INFO ProcessInvokerWrapper]   High priority process: 'False'
[2025-10-06 08:11:11Z INFO ProcessInvokerWrapper] Process started with process id 31997, waiting for process exit.
[2025-10-06 08:11:11Z INFO ProcessInvokerWrapper] STDOUT/STDERR stream read finished.
[2025-10-06 08:11:11Z INFO JobServerQueue] Tried to upload 1 file(s) to results, success rate: 1/1.
[2025-10-06 08:11:11Z INFO ProcessInvokerWrapper] STDOUT/STDERR stream read finished.
[2025-10-06 08:11:11Z INFO ProcessInvokerWrapper] Finished process 31997 with exit code 0, and elapsed time 00:00:00.0263947.
[2025-10-06 08:11:11Z INFO LinuxProcessExtensions] Successfully dump environment variables for 31894
[2025-10-06 08:11:11Z INFO JobExtension] Inspecting process environment variables. PID: 31892 (mdworker_shared)
[2025-10-06 08:11:11Z INFO LinuxProcessExtensions] Read env from output of `ps e -p 31892 -o command`
[2025-10-06 08:11:11Z INFO HostContext] Well known directory 'Bin': '/Users/jnalair/quiet-reference-site/actions-runner/bin'
[2025-10-06 08:11:11Z INFO HostContext] Well known directory 'Root': '/Users/jnalair/quiet-reference-site/actions-runner'
[2025-10-06 08:11:11Z INFO ProcessInvokerWrapper] Starting process:
[2025-10-06 08:11:11Z INFO ProcessInvokerWrapper]   File name: 'ps'
[2025-10-06 08:11:11Z INFO ProcessInvokerWrapper]   Arguments: 'e -p 31892 -o command'
[2025-10-06 08:11:11Z INFO ProcessInvokerWrapper]   Working directory: '/Users/jnalair/quiet-reference-site/actions-runner'
[2025-10-06 08:11:11Z INFO ProcessInvokerWrapper]   Require exit code zero: 'False'
[2025-10-06 08:11:11Z INFO ProcessInvokerWrapper]   Encoding web name:  ; code page: ''
[2025-10-06 08:11:11Z INFO ProcessInvokerWrapper]   Force kill process on cancellation: 'False'
[2025-10-06 08:11:11Z INFO ProcessInvokerWrapper]   Redirected STDIN: 'False'
[2025-10-06 08:11:11Z INFO ProcessInvokerWrapper]   Persist current code page: 'False'
[2025-10-06 08:11:11Z INFO ProcessInvokerWrapper]   Keep redirected STDIN open: 'False'
[2025-10-06 08:11:11Z INFO ProcessInvokerWrapper]   High priority process: 'False'
[2025-10-06 08:11:11Z INFO ProcessInvokerWrapper] Process started with process id 31998, waiting for process exit.
[2025-10-06 08:11:11Z INFO ProcessInvokerWrapper] STDOUT/STDERR stream read finished.
[2025-10-06 08:11:11Z INFO ProcessInvokerWrapper] STDOUT/STDERR stream read finished.
[2025-10-06 08:11:11Z INFO ProcessInvokerWrapper] Finished process 31998 with exit code 0, and elapsed time 00:00:00.0417680.
[2025-10-06 08:11:11Z INFO LinuxProcessExtensions] Successfully dump environment variables for 31892
[2025-10-06 08:11:11Z INFO JobExtension] Inspecting process environment variables. PID: 31893 (mdworker_shared)
[2025-10-06 08:11:11Z INFO LinuxProcessExtensions] Read env from output of `ps e -p 31893 -o command`
[2025-10-06 08:11:11Z INFO HostContext] Well known directory 'Bin': '/Users/jnalair/quiet-reference-site/actions-runner/bin'
[2025-10-06 08:11:11Z INFO HostContext] Well known directory 'Root': '/Users/jnalair/quiet-reference-site/actions-runner'
[2025-10-06 08:11:11Z INFO ProcessInvokerWrapper] Starting process:
[2025-10-06 08:11:11Z INFO ProcessInvokerWrapper]   File name: 'ps'
[2025-10-06 08:11:11Z INFO ProcessInvokerWrapper]   Arguments: 'e -p 31893 -o command'
[2025-10-06 08:11:11Z INFO ProcessInvokerWrapper]   Working directory: '/Users/jnalair/quiet-reference-site/actions-runner'
[2025-10-06 08:11:11Z INFO ProcessInvokerWrapper]   Require exit code zero: 'False'
[2025-10-06 08:11:11Z INFO ProcessInvokerWrapper]   Encoding web name:  ; code page: ''
[2025-10-06 08:11:11Z INFO ProcessInvokerWrapper]   Force kill process on cancellation: 'False'
[2025-10-06 08:11:11Z INFO ProcessInvokerWrapper]   Redirected STDIN: 'False'
[2025-10-06 08:11:11Z INFO ProcessInvokerWrapper]   Persist current code page: 'False'
[2025-10-06 08:11:11Z INFO ProcessInvokerWrapper]   Keep redirected STDIN open: 'False'
[2025-10-06 08:11:11Z INFO ProcessInvokerWrapper]   High priority process: 'False'
[2025-10-06 08:11:11Z INFO ProcessInvokerWrapper] Process started with process id 31999, waiting for process exit.
[2025-10-06 08:11:11Z INFO ProcessInvokerWrapper] STDOUT/STDERR stream read finished.
[2025-10-06 08:11:11Z INFO ProcessInvokerWrapper] STDOUT/STDERR stream read finished.
[2025-10-06 08:11:11Z INFO ProcessInvokerWrapper] Finished process 31999 with exit code 0, and elapsed time 00:00:00.0318367.
[2025-10-06 08:11:11Z INFO LinuxProcessExtensions] Successfully dump environment variables for 31893
[2025-10-06 08:11:11Z INFO JobExtension] Inspecting process environment variables. PID: 31889 (Google Chrome H)
[2025-10-06 08:11:11Z INFO LinuxProcessExtensions] Read env from output of `ps e -p 31889 -o command`
[2025-10-06 08:11:11Z INFO HostContext] Well known directory 'Bin': '/Users/jnalair/quiet-reference-site/actions-runner/bin'
[2025-10-06 08:11:11Z INFO HostContext] Well known directory 'Root': '/Users/jnalair/quiet-reference-site/actions-runner'
[2025-10-06 08:11:11Z INFO ProcessInvokerWrapper] Starting process:
[2025-10-06 08:11:11Z INFO ProcessInvokerWrapper]   File name: 'ps'
[2025-10-06 08:11:11Z INFO ProcessInvokerWrapper]   Arguments: 'e -p 31889 -o command'
[2025-10-06 08:11:11Z INFO ProcessInvokerWrapper]   Working directory: '/Users/jnalair/quiet-reference-site/actions-runner'
[2025-10-06 08:11:11Z INFO ProcessInvokerWrapper]   Require exit code zero: 'False'
[2025-10-06 08:11:11Z INFO ProcessInvokerWrapper]   Encoding web name:  ; code page: ''
[2025-10-06 08:11:11Z INFO ProcessInvokerWrapper]   Force kill process on cancellation: 'False'
[2025-10-06 08:11:11Z INFO ProcessInvokerWrapper]   Redirected STDIN: 'False'
[2025-10-06 08:11:11Z INFO ProcessInvokerWrapper]   Persist current code page: 'False'
[2025-10-06 08:11:11Z INFO ProcessInvokerWrapper]   Keep redirected STDIN open: 'False'
[2025-10-06 08:11:11Z INFO ProcessInvokerWrapper]   High priority process: 'False'
[2025-10-06 08:11:11Z INFO ProcessInvokerWrapper] Process started with process id 32000, waiting for process exit.
[2025-10-06 08:11:11Z INFO ProcessInvokerWrapper] STDOUT/STDERR stream read finished.
[2025-10-06 08:11:11Z INFO ProcessInvokerWrapper] STDOUT/STDERR stream read finished.
[2025-10-06 08:11:11Z INFO ProcessInvokerWrapper] Finished process 32000 with exit code 0, and elapsed time 00:00:00.0249645.
[2025-10-06 08:11:11Z INFO LinuxProcessExtensions] Successfully dump environment variables for 31889
[2025-10-06 08:11:11Z INFO JobExtension] Inspecting process environment variables. PID: 31888 (mdworker_shared)
[2025-10-06 08:11:11Z INFO LinuxProcessExtensions] Read env from output of `ps e -p 31888 -o command`
[2025-10-06 08:11:11Z INFO HostContext] Well known directory 'Bin': '/Users/jnalair/quiet-reference-site/actions-runner/bin'
[2025-10-06 08:11:11Z INFO HostContext] Well known directory 'Root': '/Users/jnalair/quiet-reference-site/actions-runner'
[2025-10-06 08:11:11Z INFO ProcessInvokerWrapper] Starting process:
[2025-10-06 08:11:11Z INFO ProcessInvokerWrapper]   File name: 'ps'
[2025-10-06 08:11:11Z INFO ProcessInvokerWrapper]   Arguments: 'e -p 31888 -o command'
[2025-10-06 08:11:11Z INFO ProcessInvokerWrapper]   Working directory: '/Users/jnalair/quiet-reference-site/actions-runner'
[2025-10-06 08:11:11Z INFO ProcessInvokerWrapper]   Require exit code zero: 'False'
[2025-10-06 08:11:11Z INFO ProcessInvokerWrapper]   Encoding web name:  ; code page: ''
[2025-10-06 08:11:11Z INFO ProcessInvokerWrapper]   Force kill process on cancellation: 'False'
[2025-10-06 08:11:11Z INFO ProcessInvokerWrapper]   Redirected STDIN: 'False'
[2025-10-06 08:11:11Z INFO ProcessInvokerWrapper]   Persist current code page: 'False'
[2025-10-06 08:11:11Z INFO ProcessInvokerWrapper]   Keep redirected STDIN open: 'False'
[2025-10-06 08:11:11Z INFO ProcessInvokerWrapper]   High priority process: 'False'
[2025-10-06 08:11:11Z INFO ProcessInvokerWrapper] Process started with process id 32001, waiting for process exit.
[2025-10-06 08:11:12Z INFO ProcessInvokerWrapper] STDOUT/STDERR stream read finished.
[2025-10-06 08:11:12Z INFO ProcessInvokerWrapper] STDOUT/STDERR stream read finished.
[2025-10-06 08:11:12Z INFO ProcessInvokerWrapper] Finished process 32001 with exit code 0, and elapsed time 00:00:00.0240905.
[2025-10-06 08:11:12Z INFO LinuxProcessExtensions] Successfully dump environment variables for 31888
[2025-10-06 08:11:12Z INFO JobExtension] Inspecting process environment variables. PID: 31887 (mdworker_shared)
[2025-10-06 08:11:12Z INFO LinuxProcessExtensions] Read env from output of `ps e -p 31887 -o command`
[2025-10-06 08:11:12Z INFO HostContext] Well known directory 'Bin': '/Users/jnalair/quiet-reference-site/actions-runner/bin'
[2025-10-06 08:11:12Z INFO HostContext] Well known directory 'Root': '/Users/jnalair/quiet-reference-site/actions-runner'
[2025-10-06 08:11:12Z INFO ProcessInvokerWrapper] Starting process:
[2025-10-06 08:11:12Z INFO ProcessInvokerWrapper]   File name: 'ps'
[2025-10-06 08:11:12Z INFO ProcessInvokerWrapper]   Arguments: 'e -p 31887 -o command'
[2025-10-06 08:11:12Z INFO ProcessInvokerWrapper]   Working directory: '/Users/jnalair/quiet-reference-site/actions-runner'
[2025-10-06 08:11:12Z INFO ProcessInvokerWrapper]   Require exit code zero: 'False'
[2025-10-06 08:11:12Z INFO ProcessInvokerWrapper]   Encoding web name:  ; code page: ''
[2025-10-06 08:11:12Z INFO ProcessInvokerWrapper]   Force kill process on cancellation: 'False'
[2025-10-06 08:11:12Z INFO ProcessInvokerWrapper]   Redirected STDIN: 'False'
[2025-10-06 08:11:12Z INFO ProcessInvokerWrapper]   Persist current code page: 'False'
[2025-10-06 08:11:12Z INFO ProcessInvokerWrapper]   Keep redirected STDIN open: 'False'
[2025-10-06 08:11:12Z INFO ProcessInvokerWrapper]   High priority process: 'False'
[2025-10-06 08:11:12Z INFO ProcessInvokerWrapper] Process started with process id 32002, waiting for process exit.
[2025-10-06 08:11:12Z INFO ProcessInvokerWrapper] STDOUT/STDERR stream read finished.
[2025-10-06 08:11:12Z INFO ProcessInvokerWrapper] STDOUT/STDERR stream read finished.
[2025-10-06 08:11:12Z INFO ProcessInvokerWrapper] Finished process 32002 with exit code 0, and elapsed time 00:00:00.0241975.
[2025-10-06 08:11:12Z INFO LinuxProcessExtensions] Successfully dump environment variables for 31887
[2025-10-06 08:11:12Z INFO JobExtension] Inspecting process environment variables. PID: 31886 (IMDPersistenceA)
[2025-10-06 08:11:12Z INFO LinuxProcessExtensions] Read env from output of `ps e -p 31886 -o command`
[2025-10-06 08:11:12Z INFO HostContext] Well known directory 'Bin': '/Users/jnalair/quiet-reference-site/actions-runner/bin'
[2025-10-06 08:11:12Z INFO HostContext] Well known directory 'Root': '/Users/jnalair/quiet-reference-site/actions-runner'
[2025-10-06 08:11:12Z INFO ProcessInvokerWrapper] Starting process:
[2025-10-06 08:11:12Z INFO ProcessInvokerWrapper]   File name: 'ps'
[2025-10-06 08:11:12Z INFO ProcessInvokerWrapper]   Arguments: 'e -p 31886 -o command'
[2025-10-06 08:11:12Z INFO ProcessInvokerWrapper]   Working directory: '/Users/jnalair/quiet-reference-site/actions-runner'
[2025-10-06 08:11:12Z INFO ProcessInvokerWrapper]   Require exit code zero: 'False'
[2025-10-06 08:11:12Z INFO ProcessInvokerWrapper]   Encoding web name:  ; code page: ''
[2025-10-06 08:11:12Z INFO ProcessInvokerWrapper]   Force kill process on cancellation: 'False'
[2025-10-06 08:11:12Z INFO ProcessInvokerWrapper]   Redirected STDIN: 'False'
[2025-10-06 08:11:12Z INFO ProcessInvokerWrapper]   Persist current code page: 'False'
[2025-10-06 08:11:12Z INFO ProcessInvokerWrapper]   Keep redirected STDIN open: 'False'
[2025-10-06 08:11:12Z INFO ProcessInvokerWrapper]   High priority process: 'False'
[2025-10-06 08:11:12Z INFO ProcessInvokerWrapper] Process started with process id 32003, waiting for process exit.
[2025-10-06 08:11:12Z INFO ProcessInvokerWrapper] STDOUT/STDERR stream read finished.
[2025-10-06 08:11:12Z INFO ProcessInvokerWrapper] STDOUT/STDERR stream read finished.
[2025-10-06 08:11:12Z INFO ProcessInvokerWrapper] Finished process 32003 with exit code 0, and elapsed time 00:00:00.0307435.
[2025-10-06 08:11:12Z INFO LinuxProcessExtensions] Successfully dump environment variables for 31886
[2025-10-06 08:11:12Z INFO JobExtension] Inspecting process environment variables. PID: 31867 (geodMachService)
[2025-10-06 08:11:12Z INFO LinuxProcessExtensions] Read env from output of `ps e -p 31867 -o command`
[2025-10-06 08:11:12Z INFO HostContext] Well known directory 'Bin': '/Users/jnalair/quiet-reference-site/actions-runner/bin'
[2025-10-06 08:11:12Z INFO HostContext] Well known directory 'Root': '/Users/jnalair/quiet-reference-site/actions-runner'
[2025-10-06 08:11:12Z INFO ProcessInvokerWrapper] Starting process:
[2025-10-06 08:11:12Z INFO ProcessInvokerWrapper]   File name: 'ps'
[2025-10-06 08:11:12Z INFO ProcessInvokerWrapper]   Arguments: 'e -p 31867 -o command'
[2025-10-06 08:11:12Z INFO ProcessInvokerWrapper]   Working directory: '/Users/jnalair/quiet-reference-site/actions-runner'
[2025-10-06 08:11:12Z INFO ProcessInvokerWrapper]   Require exit code zero: 'False'
[2025-10-06 08:11:12Z INFO ProcessInvokerWrapper]   Encoding web name:  ; code page: ''
[2025-10-06 08:11:12Z INFO ProcessInvokerWrapper]   Force kill process on cancellation: 'False'
[2025-10-06 08:11:12Z INFO ProcessInvokerWrapper]   Redirected STDIN: 'False'
[2025-10-06 08:11:12Z INFO ProcessInvokerWrapper]   Persist current code page: 'False'
[2025-10-06 08:11:12Z INFO ProcessInvokerWrapper]   Keep redirected STDIN open: 'False'
[2025-10-06 08:11:12Z INFO ProcessInvokerWrapper]   High priority process: 'False'
[2025-10-06 08:11:12Z INFO ProcessInvokerWrapper] Process started with process id 32004, waiting for process exit.
[2025-10-06 08:11:12Z INFO ProcessInvokerWrapper] STDOUT/STDERR stream read finished.
[2025-10-06 08:11:12Z INFO ProcessInvokerWrapper] STDOUT/STDERR stream read finished.
[2025-10-06 08:11:12Z INFO ProcessInvokerWrapper] Finished process 32004 with exit code 0, and elapsed time 00:00:00.0369747.
[2025-10-06 08:11:12Z INFO LinuxProcessExtensions] Successfully dump environment variables for 31867
[2025-10-06 08:11:12Z INFO JobExtension] Inspecting process environment variables. PID: 31858 (mdworker_shared)
[2025-10-06 08:11:12Z INFO LinuxProcessExtensions] Read env from output of `ps e -p 31858 -o command`
[2025-10-06 08:11:12Z INFO HostContext] Well known directory 'Bin': '/Users/jnalair/quiet-reference-site/actions-runner/bin'
[2025-10-06 08:11:12Z INFO HostContext] Well known directory 'Root': '/Users/jnalair/quiet-reference-site/actions-runner'
[2025-10-06 08:11:12Z INFO ProcessInvokerWrapper] Starting process:
[2025-10-06 08:11:12Z INFO ProcessInvokerWrapper]   File name: 'ps'
[2025-10-06 08:11:12Z INFO ProcessInvokerWrapper]   Arguments: 'e -p 31858 -o command'
[2025-10-06 08:11:12Z INFO ProcessInvokerWrapper]   Working directory: '/Users/jnalair/quiet-reference-site/actions-runner'
[2025-10-06 08:11:12Z INFO ProcessInvokerWrapper]   Require exit code zero: 'False'
[2025-10-06 08:11:12Z INFO ProcessInvokerWrapper]   Encoding web name:  ; code page: ''
[2025-10-06 08:11:12Z INFO ProcessInvokerWrapper]   Force kill process on cancellation: 'False'
[2025-10-06 08:11:12Z INFO ProcessInvokerWrapper]   Redirected STDIN: 'False'
[2025-10-06 08:11:12Z INFO ProcessInvokerWrapper]   Persist current code page: 'False'
[2025-10-06 08:11:12Z INFO ProcessInvokerWrapper]   Keep redirected STDIN open: 'False'
[2025-10-06 08:11:12Z INFO ProcessInvokerWrapper]   High priority process: 'False'
[2025-10-06 08:11:12Z INFO ProcessInvokerWrapper] Process started with process id 32005, waiting for process exit.
[2025-10-06 08:11:12Z INFO ProcessInvokerWrapper] STDOUT/STDERR stream read finished.
[2025-10-06 08:11:12Z INFO ProcessInvokerWrapper] STDOUT/STDERR stream read finished.
[2025-10-06 08:11:12Z INFO ProcessInvokerWrapper] Finished process 32005 with exit code 0, and elapsed time 00:00:00.0325365.
[2025-10-06 08:11:12Z INFO LinuxProcessExtensions] Successfully dump environment variables for 31858
[2025-10-06 08:11:12Z INFO JobExtension] Inspecting process environment variables. PID: 31856 (CloudTelemetryS)
[2025-10-06 08:11:12Z INFO LinuxProcessExtensions] Read env from output of `ps e -p 31856 -o command`
[2025-10-06 08:11:12Z INFO HostContext] Well known directory 'Bin': '/Users/jnalair/quiet-reference-site/actions-runner/bin'
[2025-10-06 08:11:12Z INFO HostContext] Well known directory 'Root': '/Users/jnalair/quiet-reference-site/actions-runner'
[2025-10-06 08:11:12Z INFO ProcessInvokerWrapper] Starting process:
[2025-10-06 08:11:12Z INFO ProcessInvokerWrapper]   File name: 'ps'
[2025-10-06 08:11:12Z INFO ProcessInvokerWrapper]   Arguments: 'e -p 31856 -o command'
[2025-10-06 08:11:12Z INFO ProcessInvokerWrapper]   Working directory: '/Users/jnalair/quiet-reference-site/actions-runner'
[2025-10-06 08:11:12Z INFO ProcessInvokerWrapper]   Require exit code zero: 'False'
[2025-10-06 08:11:12Z INFO ProcessInvokerWrapper]   Encoding web name:  ; code page: ''
[2025-10-06 08:11:12Z INFO ProcessInvokerWrapper]   Force kill process on cancellation: 'False'
[2025-10-06 08:11:12Z INFO ProcessInvokerWrapper]   Redirected STDIN: 'False'
[2025-10-06 08:11:12Z INFO ProcessInvokerWrapper]   Persist current code page: 'False'
[2025-10-06 08:11:12Z INFO ProcessInvokerWrapper]   Keep redirected STDIN open: 'False'
[2025-10-06 08:11:12Z INFO ProcessInvokerWrapper]   High priority process: 'False'
[2025-10-06 08:11:12Z INFO ProcessInvokerWrapper] Process started with process id 32007, waiting for process exit.
[2025-10-06 08:11:12Z INFO ProcessInvokerWrapper] STDOUT/STDERR stream read finished.
[2025-10-06 08:11:12Z INFO ProcessInvokerWrapper] STDOUT/STDERR stream read finished.
[2025-10-06 08:11:12Z INFO ProcessInvokerWrapper] Finished process 32007 with exit code 0, and elapsed time 00:00:00.0263885.
[2025-10-06 08:11:12Z INFO LinuxProcessExtensions] Successfully dump environment variables for 31856
[2025-10-06 08:11:12Z INFO JobExtension] Inspecting process environment variables. PID: 31854 (AssetCacheLocat)
[2025-10-06 08:11:12Z INFO LinuxProcessExtensions] Read env from output of `ps e -p 31854 -o command`
[2025-10-06 08:11:12Z INFO HostContext] Well known directory 'Bin': '/Users/jnalair/quiet-reference-site/actions-runner/bin'
[2025-10-06 08:11:12Z INFO HostContext] Well known directory 'Root': '/Users/jnalair/quiet-reference-site/actions-runner'
[2025-10-06 08:11:12Z INFO ProcessInvokerWrapper] Starting process:
[2025-10-06 08:11:12Z INFO ProcessInvokerWrapper]   File name: 'ps'
[2025-10-06 08:11:12Z INFO ProcessInvokerWrapper]   Arguments: 'e -p 31854 -o command'
[2025-10-06 08:11:12Z INFO ProcessInvokerWrapper]   Working directory: '/Users/jnalair/quiet-reference-site/actions-runner'
[2025-10-06 08:11:12Z INFO ProcessInvokerWrapper]   Require exit code zero: 'False'
[2025-10-06 08:11:12Z INFO ProcessInvokerWrapper]   Encoding web name:  ; code page: ''
[2025-10-06 08:11:12Z INFO ProcessInvokerWrapper]   Force kill process on cancellation: 'False'
[2025-10-06 08:11:12Z INFO ProcessInvokerWrapper]   Redirected STDIN: 'False'
[2025-10-06 08:11:12Z INFO ProcessInvokerWrapper]   Persist current code page: 'False'
[2025-10-06 08:11:12Z INFO ProcessInvokerWrapper]   Keep redirected STDIN open: 'False'
[2025-10-06 08:11:12Z INFO ProcessInvokerWrapper]   High priority process: 'False'
[2025-10-06 08:11:12Z INFO ProcessInvokerWrapper] Process started with process id 32008, waiting for process exit.
[2025-10-06 08:11:12Z INFO JobServerQueue] Try to upload 1 log files or attachments, success rate: 1/1.
[2025-10-06 08:11:12Z INFO ProcessInvokerWrapper] STDOUT/STDERR stream read finished.
[2025-10-06 08:11:12Z INFO ProcessInvokerWrapper] STDOUT/STDERR stream read finished.
[2025-10-06 08:11:12Z INFO ProcessInvokerWrapper] Finished process 32008 with exit code 0, and elapsed time 00:00:00.0295078.
[2025-10-06 08:11:12Z INFO LinuxProcessExtensions] Successfully dump environment variables for 31854
[2025-10-06 08:11:12Z INFO JobExtension] Inspecting process environment variables. PID: 31844 (spotlightknowle)
[2025-10-06 08:11:12Z INFO LinuxProcessExtensions] Read env from output of `ps e -p 31844 -o command`
[2025-10-06 08:11:12Z INFO HostContext] Well known directory 'Bin': '/Users/jnalair/quiet-reference-site/actions-runner/bin'
[2025-10-06 08:11:12Z INFO HostContext] Well known directory 'Root': '/Users/jnalair/quiet-reference-site/actions-runner'
[2025-10-06 08:11:12Z INFO ProcessInvokerWrapper] Starting process:
[2025-10-06 08:11:12Z INFO ProcessInvokerWrapper]   File name: 'ps'
[2025-10-06 08:11:12Z INFO ProcessInvokerWrapper]   Arguments: 'e -p 31844 -o command'
[2025-10-06 08:11:12Z INFO ProcessInvokerWrapper]   Working directory: '/Users/jnalair/quiet-reference-site/actions-runner'
[2025-10-06 08:11:12Z INFO ProcessInvokerWrapper]   Require exit code zero: 'False'
[2025-10-06 08:11:12Z INFO ProcessInvokerWrapper]   Encoding web name:  ; code page: ''
[2025-10-06 08:11:12Z INFO ProcessInvokerWrapper]   Force kill process on cancellation: 'False'
[2025-10-06 08:11:12Z INFO ProcessInvokerWrapper]   Redirected STDIN: 'False'
[2025-10-06 08:11:12Z INFO ProcessInvokerWrapper]   Persist current code page: 'False'
[2025-10-06 08:11:12Z INFO ProcessInvokerWrapper]   Keep redirected STDIN open: 'False'
[2025-10-06 08:11:12Z INFO ProcessInvokerWrapper]   High priority process: 'False'
[2025-10-06 08:11:12Z INFO ProcessInvokerWrapper] Process started with process id 32009, waiting for process exit.
[2025-10-06 08:11:12Z INFO ProcessInvokerWrapper] STDOUT/STDERR stream read finished.
[2025-10-06 08:11:12Z INFO ProcessInvokerWrapper] STDOUT/STDERR stream read finished.
[2025-10-06 08:11:12Z INFO ProcessInvokerWrapper] Finished process 32009 with exit code 0, and elapsed time 00:00:00.0279795.
[2025-10-06 08:11:12Z INFO LinuxProcessExtensions] Successfully dump environment variables for 31844
[2025-10-06 08:11:12Z INFO JobExtension] Inspecting process environment variables. PID: 31846 (contactsd)
[2025-10-06 08:11:12Z INFO LinuxProcessExtensions] Read env from output of `ps e -p 31846 -o command`
[2025-10-06 08:11:12Z INFO HostContext] Well known directory 'Bin': '/Users/jnalair/quiet-reference-site/actions-runner/bin'
[2025-10-06 08:11:12Z INFO HostContext] Well known directory 'Root': '/Users/jnalair/quiet-reference-site/actions-runner'
[2025-10-06 08:11:12Z INFO ProcessInvokerWrapper] Starting process:
[2025-10-06 08:11:12Z INFO ProcessInvokerWrapper]   File name: 'ps'
[2025-10-06 08:11:12Z INFO ProcessInvokerWrapper]   Arguments: 'e -p 31846 -o command'
[2025-10-06 08:11:12Z INFO ProcessInvokerWrapper]   Working directory: '/Users/jnalair/quiet-reference-site/actions-runner'
[2025-10-06 08:11:12Z INFO ProcessInvokerWrapper]   Require exit code zero: 'False'
[2025-10-06 08:11:12Z INFO ProcessInvokerWrapper]   Encoding web name:  ; code page: ''
[2025-10-06 08:11:12Z INFO ProcessInvokerWrapper]   Force kill process on cancellation: 'False'
[2025-10-06 08:11:12Z INFO ProcessInvokerWrapper]   Redirected STDIN: 'False'
[2025-10-06 08:11:12Z INFO ProcessInvokerWrapper]   Persist current code page: 'False'
[2025-10-06 08:11:12Z INFO ProcessInvokerWrapper]   Keep redirected STDIN open: 'False'
[2025-10-06 08:11:12Z INFO ProcessInvokerWrapper]   High priority process: 'False'
[2025-10-06 08:11:12Z INFO ProcessInvokerWrapper] Process started with process id 32010, waiting for process exit.
[2025-10-06 08:11:12Z INFO ProcessInvokerWrapper] STDOUT/STDERR stream read finished.
[2025-10-06 08:11:12Z INFO ProcessInvokerWrapper] STDOUT/STDERR stream read finished.
[2025-10-06 08:11:12Z INFO ProcessInvokerWrapper] Finished process 32010 with exit code 0, and elapsed time 00:00:00.0284426.
[2025-10-06 08:11:12Z INFO LinuxProcessExtensions] Successfully dump environment variables for 31846
[2025-10-06 08:11:12Z INFO JobExtension] Inspecting process environment variables. PID: 31842 (CloudTelemetryS)
[2025-10-06 08:11:12Z INFO LinuxProcessExtensions] Read env from output of `ps e -p 31842 -o command`
[2025-10-06 08:11:12Z INFO HostContext] Well known directory 'Bin': '/Users/jnalair/quiet-reference-site/actions-runner/bin'
[2025-10-06 08:11:12Z INFO HostContext] Well known directory 'Root': '/Users/jnalair/quiet-reference-site/actions-runner'
[2025-10-06 08:11:12Z INFO ProcessInvokerWrapper] Starting process:
[2025-10-06 08:11:12Z INFO ProcessInvokerWrapper]   File name: 'ps'
[2025-10-06 08:11:12Z INFO ProcessInvokerWrapper]   Arguments: 'e -p 31842 -o command'
[2025-10-06 08:11:12Z INFO ProcessInvokerWrapper]   Working directory: '/Users/jnalair/quiet-reference-site/actions-runner'
[2025-10-06 08:11:12Z INFO ProcessInvokerWrapper]   Require exit code zero: 'False'
[2025-10-06 08:11:12Z INFO ProcessInvokerWrapper]   Encoding web name:  ; code page: ''
[2025-10-06 08:11:12Z INFO ProcessInvokerWrapper]   Force kill process on cancellation: 'False'
[2025-10-06 08:11:12Z INFO ProcessInvokerWrapper]   Redirected STDIN: 'False'
[2025-10-06 08:11:12Z INFO ProcessInvokerWrapper]   Persist current code page: 'False'
[2025-10-06 08:11:12Z INFO ProcessInvokerWrapper]   Keep redirected STDIN open: 'False'
[2025-10-06 08:11:12Z INFO ProcessInvokerWrapper]   High priority process: 'False'
[2025-10-06 08:11:12Z INFO ProcessInvokerWrapper] Process started with process id 32011, waiting for process exit.
[2025-10-06 08:11:12Z INFO ProcessInvokerWrapper] STDOUT/STDERR stream read finished.
[2025-10-06 08:11:12Z INFO ProcessInvokerWrapper] STDOUT/STDERR stream read finished.
[2025-10-06 08:11:12Z INFO ProcessInvokerWrapper] Finished process 32011 with exit code 0, and elapsed time 00:00:00.0304805.
[2025-10-06 08:11:12Z INFO LinuxProcessExtensions] Successfully dump environment variables for 31842
[2025-10-06 08:11:12Z INFO JobExtension] Inspecting process environment variables. PID: 31834 (AppSSOAgent)
[2025-10-06 08:11:12Z INFO LinuxProcessExtensions] Read env from output of `ps e -p 31834 -o command`
[2025-10-06 08:11:12Z INFO HostContext] Well known directory 'Bin': '/Users/jnalair/quiet-reference-site/actions-runner/bin'
[2025-10-06 08:11:12Z INFO HostContext] Well known directory 'Root': '/Users/jnalair/quiet-reference-site/actions-runner'
[2025-10-06 08:11:12Z INFO ProcessInvokerWrapper] Starting process:
[2025-10-06 08:11:12Z INFO ProcessInvokerWrapper]   File name: 'ps'
[2025-10-06 08:11:12Z INFO ProcessInvokerWrapper]   Arguments: 'e -p 31834 -o command'
[2025-10-06 08:11:12Z INFO ProcessInvokerWrapper]   Working directory: '/Users/jnalair/quiet-reference-site/actions-runner'
[2025-10-06 08:11:12Z INFO ProcessInvokerWrapper]   Require exit code zero: 'False'
[2025-10-06 08:11:12Z INFO ProcessInvokerWrapper]   Encoding web name:  ; code page: ''
[2025-10-06 08:11:12Z INFO ProcessInvokerWrapper]   Force kill process on cancellation: 'False'
[2025-10-06 08:11:12Z INFO ProcessInvokerWrapper]   Redirected STDIN: 'False'
[2025-10-06 08:11:12Z INFO ProcessInvokerWrapper]   Persist current code page: 'False'
[2025-10-06 08:11:12Z INFO ProcessInvokerWrapper]   Keep redirected STDIN open: 'False'
[2025-10-06 08:11:12Z INFO ProcessInvokerWrapper]   High priority process: 'False'
[2025-10-06 08:11:12Z INFO ProcessInvokerWrapper] Process started with process id 32012, waiting for process exit.
[2025-10-06 08:11:12Z INFO ProcessInvokerWrapper] STDOUT/STDERR stream read finished.
[2025-10-06 08:11:12Z INFO ProcessInvokerWrapper] STDOUT/STDERR stream read finished.
[2025-10-06 08:11:12Z INFO ProcessInvokerWrapper] Finished process 32012 with exit code 0, and elapsed time 00:00:00.0227527.
[2025-10-06 08:11:12Z INFO LinuxProcessExtensions] Successfully dump environment variables for 31834
[2025-10-06 08:11:12Z INFO JobExtension] Inspecting process environment variables. PID: 31832 (swtransparencyd)
[2025-10-06 08:11:12Z INFO LinuxProcessExtensions] Read env from output of `ps e -p 31832 -o command`
[2025-10-06 08:11:12Z INFO HostContext] Well known directory 'Bin': '/Users/jnalair/quiet-reference-site/actions-runner/bin'
[2025-10-06 08:11:12Z INFO HostContext] Well known directory 'Root': '/Users/jnalair/quiet-reference-site/actions-runner'
[2025-10-06 08:11:12Z INFO ProcessInvokerWrapper] Starting process:
[2025-10-06 08:11:12Z INFO ProcessInvokerWrapper]   File name: 'ps'
[2025-10-06 08:11:12Z INFO ProcessInvokerWrapper]   Arguments: 'e -p 31832 -o command'
[2025-10-06 08:11:12Z INFO ProcessInvokerWrapper]   Working directory: '/Users/jnalair/quiet-reference-site/actions-runner'
[2025-10-06 08:11:12Z INFO ProcessInvokerWrapper]   Require exit code zero: 'False'
[2025-10-06 08:11:12Z INFO ProcessInvokerWrapper]   Encoding web name:  ; code page: ''
[2025-10-06 08:11:12Z INFO ProcessInvokerWrapper]   Force kill process on cancellation: 'False'
[2025-10-06 08:11:12Z INFO ProcessInvokerWrapper]   Redirected STDIN: 'False'
[2025-10-06 08:11:12Z INFO ProcessInvokerWrapper]   Persist current code page: 'False'
[2025-10-06 08:11:12Z INFO ProcessInvokerWrapper]   Keep redirected STDIN open: 'False'
[2025-10-06 08:11:12Z INFO ProcessInvokerWrapper]   High priority process: 'False'
[2025-10-06 08:11:12Z INFO ProcessInvokerWrapper] Process started with process id 32013, waiting for process exit.
[2025-10-06 08:11:12Z INFO ProcessInvokerWrapper] STDOUT/STDERR stream read finished.
[2025-10-06 08:11:12Z INFO ProcessInvokerWrapper] STDOUT/STDERR stream read finished.
[2025-10-06 08:11:12Z INFO ProcessInvokerWrapper] Finished process 32013 with exit code 0, and elapsed time 00:00:00.0232393.
[2025-10-06 08:11:12Z INFO LinuxProcessExtensions] Successfully dump environment variables for 31832
[2025-10-06 08:11:12Z INFO JobExtension] Inspecting process environment variables. PID: 31831 (spindump_agent)
[2025-10-06 08:11:12Z INFO LinuxProcessExtensions] Read env from output of `ps e -p 31831 -o command`
[2025-10-06 08:11:12Z INFO HostContext] Well known directory 'Bin': '/Users/jnalair/quiet-reference-site/actions-runner/bin'
[2025-10-06 08:11:12Z INFO HostContext] Well known directory 'Root': '/Users/jnalair/quiet-reference-site/actions-runner'
[2025-10-06 08:11:12Z INFO ProcessInvokerWrapper] Starting process:
[2025-10-06 08:11:12Z INFO ProcessInvokerWrapper]   File name: 'ps'
[2025-10-06 08:11:12Z INFO ProcessInvokerWrapper]   Arguments: 'e -p 31831 -o command'
[2025-10-06 08:11:12Z INFO ProcessInvokerWrapper]   Working directory: '/Users/jnalair/quiet-reference-site/actions-runner'
[2025-10-06 08:11:12Z INFO ProcessInvokerWrapper]   Require exit code zero: 'False'
[2025-10-06 08:11:12Z INFO ProcessInvokerWrapper]   Encoding web name:  ; code page: ''
[2025-10-06 08:11:12Z INFO ProcessInvokerWrapper]   Force kill process on cancellation: 'False'
[2025-10-06 08:11:12Z INFO ProcessInvokerWrapper]   Redirected STDIN: 'False'
[2025-10-06 08:11:12Z INFO ProcessInvokerWrapper]   Persist current code page: 'False'
[2025-10-06 08:11:12Z INFO ProcessInvokerWrapper]   Keep redirected STDIN open: 'False'
[2025-10-06 08:11:12Z INFO ProcessInvokerWrapper]   High priority process: 'False'
[2025-10-06 08:11:12Z INFO ProcessInvokerWrapper] Process started with process id 32014, waiting for process exit.
[2025-10-06 08:11:12Z INFO ProcessInvokerWrapper] STDOUT/STDERR stream read finished.
[2025-10-06 08:11:12Z INFO ProcessInvokerWrapper] STDOUT/STDERR stream read finished.
[2025-10-06 08:11:12Z INFO ProcessInvokerWrapper] Finished process 32014 with exit code 0, and elapsed time 00:00:00.0222333.
[2025-10-06 08:11:12Z INFO LinuxProcessExtensions] Successfully dump environment variables for 31831
[2025-10-06 08:11:12Z INFO JobExtension] Inspecting process environment variables. PID: 31821 (fileproviderd)
[2025-10-06 08:11:12Z INFO LinuxProcessExtensions] Read env from output of `ps e -p 31821 -o command`
[2025-10-06 08:11:12Z INFO HostContext] Well known directory 'Bin': '/Users/jnalair/quiet-reference-site/actions-runner/bin'
[2025-10-06 08:11:12Z INFO HostContext] Well known directory 'Root': '/Users/jnalair/quiet-reference-site/actions-runner'
[2025-10-06 08:11:12Z INFO ProcessInvokerWrapper] Starting process:
[2025-10-06 08:11:12Z INFO ProcessInvokerWrapper]   File name: 'ps'
[2025-10-06 08:11:12Z INFO ProcessInvokerWrapper]   Arguments: 'e -p 31821 -o command'
[2025-10-06 08:11:12Z INFO ProcessInvokerWrapper]   Working directory: '/Users/jnalair/quiet-reference-site/actions-runner'
[2025-10-06 08:11:12Z INFO ProcessInvokerWrapper]   Require exit code zero: 'False'
[2025-10-06 08:11:12Z INFO ProcessInvokerWrapper]   Encoding web name:  ; code page: ''
[2025-10-06 08:11:12Z INFO ProcessInvokerWrapper]   Force kill process on cancellation: 'False'
[2025-10-06 08:11:12Z INFO ProcessInvokerWrapper]   Redirected STDIN: 'False'
[2025-10-06 08:11:12Z INFO ProcessInvokerWrapper]   Persist current code page: 'False'
[2025-10-06 08:11:12Z INFO ProcessInvokerWrapper]   Keep redirected STDIN open: 'False'
[2025-10-06 08:11:12Z INFO ProcessInvokerWrapper]   High priority process: 'False'
[2025-10-06 08:11:12Z INFO ProcessInvokerWrapper] Process started with process id 32015, waiting for process exit.
[2025-10-06 08:11:12Z INFO HostContext] Well known directory 'Bin': '/Users/jnalair/quiet-reference-site/actions-runner/bin'
[2025-10-06 08:11:12Z INFO HostContext] Well known directory 'Root': '/Users/jnalair/quiet-reference-site/actions-runner'
[2025-10-06 08:11:12Z INFO HostContext] Well known directory 'Work': '/Users/jnalair/quiet-reference-site/actions-runner/_work'
[2025-10-06 08:11:12Z INFO ProcessInvokerWrapper] STDOUT/STDERR stream read finished.
[2025-10-06 08:11:12Z INFO ProcessInvokerWrapper] STDOUT/STDERR stream read finished.
[2025-10-06 08:11:12Z INFO ProcessInvokerWrapper] Finished process 32015 with exit code 0, and elapsed time 00:00:00.0232148.
[2025-10-06 08:11:12Z INFO LinuxProcessExtensions] Successfully dump environment variables for 31821
[2025-10-06 08:11:12Z INFO JobExtension] Inspecting process environment variables. PID: 31820 (ManagedSettings)
[2025-10-06 08:11:12Z INFO LinuxProcessExtensions] Read env from output of `ps e -p 31820 -o command`
[2025-10-06 08:11:12Z INFO HostContext] Well known directory 'Bin': '/Users/jnalair/quiet-reference-site/actions-runner/bin'
[2025-10-06 08:11:12Z INFO HostContext] Well known directory 'Root': '/Users/jnalair/quiet-reference-site/actions-runner'
[2025-10-06 08:11:12Z INFO ProcessInvokerWrapper] Starting process:
[2025-10-06 08:11:12Z INFO ProcessInvokerWrapper]   File name: 'ps'
[2025-10-06 08:11:12Z INFO ProcessInvokerWrapper]   Arguments: 'e -p 31820 -o command'
[2025-10-06 08:11:12Z INFO ProcessInvokerWrapper]   Working directory: '/Users/jnalair/quiet-reference-site/actions-runner'
[2025-10-06 08:11:12Z INFO ProcessInvokerWrapper]   Require exit code zero: 'False'
[2025-10-06 08:11:12Z INFO ProcessInvokerWrapper]   Encoding web name:  ; code page: ''
[2025-10-06 08:11:12Z INFO ProcessInvokerWrapper]   Force kill process on cancellation: 'False'
[2025-10-06 08:11:12Z INFO ProcessInvokerWrapper]   Redirected STDIN: 'False'
[2025-10-06 08:11:12Z INFO ProcessInvokerWrapper]   Persist current code page: 'False'
[2025-10-06 08:11:12Z INFO ProcessInvokerWrapper]   Keep redirected STDIN open: 'False'
[2025-10-06 08:11:12Z INFO ProcessInvokerWrapper]   High priority process: 'False'
[2025-10-06 08:11:12Z INFO ProcessInvokerWrapper] Process started with process id 32016, waiting for process exit.
[2025-10-06 08:11:12Z INFO ProcessInvokerWrapper] STDOUT/STDERR stream read finished.
[2025-10-06 08:11:12Z INFO ProcessInvokerWrapper] STDOUT/STDERR stream read finished.
[2025-10-06 08:11:12Z INFO ProcessInvokerWrapper] Finished process 32016 with exit code 0, and elapsed time 00:00:00.0232125.
[2025-10-06 08:11:12Z INFO LinuxProcessExtensions] Successfully dump environment variables for 31820
[2025-10-06 08:11:12Z INFO JobExtension] Inspecting process environment variables. PID: 31816 (siriactionsd)
[2025-10-06 08:11:12Z INFO LinuxProcessExtensions] Read env from output of `ps e -p 31816 -o command`
[2025-10-06 08:11:12Z INFO HostContext] Well known directory 'Bin': '/Users/jnalair/quiet-reference-site/actions-runner/bin'
[2025-10-06 08:11:12Z INFO HostContext] Well known directory 'Root': '/Users/jnalair/quiet-reference-site/actions-runner'
[2025-10-06 08:11:12Z INFO ProcessInvokerWrapper] Starting process:
[2025-10-06 08:11:12Z INFO ProcessInvokerWrapper]   File name: 'ps'
[2025-10-06 08:11:12Z INFO ProcessInvokerWrapper]   Arguments: 'e -p 31816 -o command'
[2025-10-06 08:11:12Z INFO ProcessInvokerWrapper]   Working directory: '/Users/jnalair/quiet-reference-site/actions-runner'
[2025-10-06 08:11:12Z INFO ProcessInvokerWrapper]   Require exit code zero: 'False'
[2025-10-06 08:11:12Z INFO ProcessInvokerWrapper]   Encoding web name:  ; code page: ''
[2025-10-06 08:11:12Z INFO ProcessInvokerWrapper]   Force kill process on cancellation: 'False'
[2025-10-06 08:11:12Z INFO ProcessInvokerWrapper]   Redirected STDIN: 'False'
[2025-10-06 08:11:12Z INFO ProcessInvokerWrapper]   Persist current code page: 'False'
[2025-10-06 08:11:12Z INFO ProcessInvokerWrapper]   Keep redirected STDIN open: 'False'
[2025-10-06 08:11:12Z INFO ProcessInvokerWrapper]   High priority process: 'False'
[2025-10-06 08:11:12Z INFO ProcessInvokerWrapper] Process started with process id 32017, waiting for process exit.
[2025-10-06 08:11:12Z INFO ProcessInvokerWrapper] STDOUT/STDERR stream read finished.
[2025-10-06 08:11:12Z INFO ProcessInvokerWrapper] STDOUT/STDERR stream read finished.
[2025-10-06 08:11:12Z INFO ProcessInvokerWrapper] Finished process 32017 with exit code 0, and elapsed time 00:00:00.0289553.
[2025-10-06 08:11:12Z INFO LinuxProcessExtensions] Successfully dump environment variables for 31816
[2025-10-06 08:11:12Z INFO JobExtension] Inspecting process environment variables. PID: 31819 (dmd)
[2025-10-06 08:11:12Z INFO LinuxProcessExtensions] Read env from output of `ps e -p 31819 -o command`
[2025-10-06 08:11:12Z INFO HostContext] Well known directory 'Bin': '/Users/jnalair/quiet-reference-site/actions-runner/bin'
[2025-10-06 08:11:12Z INFO HostContext] Well known directory 'Root': '/Users/jnalair/quiet-reference-site/actions-runner'
[2025-10-06 08:11:12Z INFO ProcessInvokerWrapper] Starting process:
[2025-10-06 08:11:12Z INFO ProcessInvokerWrapper]   File name: 'ps'
[2025-10-06 08:11:12Z INFO ProcessInvokerWrapper]   Arguments: 'e -p 31819 -o command'
[2025-10-06 08:11:12Z INFO ProcessInvokerWrapper]   Working directory: '/Users/jnalair/quiet-reference-site/actions-runner'
[2025-10-06 08:11:12Z INFO ProcessInvokerWrapper]   Require exit code zero: 'False'
[2025-10-06 08:11:12Z INFO ProcessInvokerWrapper]   Encoding web name:  ; code page: ''
[2025-10-06 08:11:12Z INFO ProcessInvokerWrapper]   Force kill process on cancellation: 'False'
[2025-10-06 08:11:12Z INFO ProcessInvokerWrapper]   Redirected STDIN: 'False'
[2025-10-06 08:11:12Z INFO ProcessInvokerWrapper]   Persist current code page: 'False'
[2025-10-06 08:11:12Z INFO ProcessInvokerWrapper]   Keep redirected STDIN open: 'False'
[2025-10-06 08:11:12Z INFO ProcessInvokerWrapper]   High priority process: 'False'
[2025-10-06 08:11:12Z INFO ProcessInvokerWrapper] Process started with process id 32018, waiting for process exit.
[2025-10-06 08:11:12Z INFO ProcessInvokerWrapper] STDOUT/STDERR stream read finished.
[2025-10-06 08:11:12Z INFO ProcessInvokerWrapper] STDOUT/STDERR stream read finished.
[2025-10-06 08:11:12Z INFO ProcessInvokerWrapper] Finished process 32018 with exit code 0, and elapsed time 00:00:00.0248934.
[2025-10-06 08:11:12Z INFO LinuxProcessExtensions] Successfully dump environment variables for 31819
[2025-10-06 08:11:12Z INFO JobExtension] Inspecting process environment variables. PID: 31817 (mobiletimerd)
[2025-10-06 08:11:12Z INFO LinuxProcessExtensions] Read env from output of `ps e -p 31817 -o command`
[2025-10-06 08:11:12Z INFO HostContext] Well known directory 'Bin': '/Users/jnalair/quiet-reference-site/actions-runner/bin'
[2025-10-06 08:11:12Z INFO HostContext] Well known directory 'Root': '/Users/jnalair/quiet-reference-site/actions-runner'
[2025-10-06 08:11:12Z INFO ProcessInvokerWrapper] Starting process:
[2025-10-06 08:11:12Z INFO ProcessInvokerWrapper]   File name: 'ps'
[2025-10-06 08:11:12Z INFO ProcessInvokerWrapper]   Arguments: 'e -p 31817 -o command'
[2025-10-06 08:11:12Z INFO ProcessInvokerWrapper]   Working directory: '/Users/jnalair/quiet-reference-site/actions-runner'
[2025-10-06 08:11:12Z INFO ProcessInvokerWrapper]   Require exit code zero: 'False'
[2025-10-06 08:11:12Z INFO ProcessInvokerWrapper]   Encoding web name:  ; code page: ''
[2025-10-06 08:11:12Z INFO ProcessInvokerWrapper]   Force kill process on cancellation: 'False'
[2025-10-06 08:11:12Z INFO ProcessInvokerWrapper]   Redirected STDIN: 'False'
[2025-10-06 08:11:12Z INFO ProcessInvokerWrapper]   Persist current code page: 'False'
[2025-10-06 08:11:12Z INFO ProcessInvokerWrapper]   Keep redirected STDIN open: 'False'
[2025-10-06 08:11:12Z INFO ProcessInvokerWrapper]   High priority process: 'False'
[2025-10-06 08:11:12Z INFO ProcessInvokerWrapper] Process started with process id 32019, waiting for process exit.
[2025-10-06 08:11:12Z INFO ProcessInvokerWrapper] STDOUT/STDERR stream read finished.
[2025-10-06 08:11:12Z INFO ProcessInvokerWrapper] STDOUT/STDERR stream read finished.
[2025-10-06 08:11:12Z INFO ProcessInvokerWrapper] Finished process 32019 with exit code 0, and elapsed time 00:00:00.0253665.
[2025-10-06 08:11:12Z INFO LinuxProcessExtensions] Successfully dump environment variables for 31817
[2025-10-06 08:11:12Z INFO JobExtension] Inspecting process environment variables. PID: 31818 (UsageTrackingAg)
[2025-10-06 08:11:12Z INFO LinuxProcessExtensions] Read env from output of `ps e -p 31818 -o command`
[2025-10-06 08:11:12Z INFO HostContext] Well known directory 'Bin': '/Users/jnalair/quiet-reference-site/actions-runner/bin'
[2025-10-06 08:11:12Z INFO HostContext] Well known directory 'Root': '/Users/jnalair/quiet-reference-site/actions-runner'
[2025-10-06 08:11:12Z INFO ProcessInvokerWrapper] Starting process:
[2025-10-06 08:11:12Z INFO ProcessInvokerWrapper]   File name: 'ps'
[2025-10-06 08:11:12Z INFO ProcessInvokerWrapper]   Arguments: 'e -p 31818 -o command'
[2025-10-06 08:11:12Z INFO ProcessInvokerWrapper]   Working directory: '/Users/jnalair/quiet-reference-site/actions-runner'
[2025-10-06 08:11:12Z INFO ProcessInvokerWrapper]   Require exit code zero: 'False'
[2025-10-06 08:11:12Z INFO ProcessInvokerWrapper]   Encoding web name:  ; code page: ''
[2025-10-06 08:11:12Z INFO ProcessInvokerWrapper]   Force kill process on cancellation: 'False'
[2025-10-06 08:11:12Z INFO ProcessInvokerWrapper]   Redirected STDIN: 'False'
[2025-10-06 08:11:12Z INFO ProcessInvokerWrapper]   Persist current code page: 'False'
[2025-10-06 08:11:12Z INFO ProcessInvokerWrapper]   Keep redirected STDIN open: 'False'
[2025-10-06 08:11:12Z INFO ProcessInvokerWrapper]   High priority process: 'False'
[2025-10-06 08:11:12Z INFO ProcessInvokerWrapper] Process started with process id 32020, waiting for process exit.
[2025-10-06 08:11:12Z INFO ProcessInvokerWrapper] STDOUT/STDERR stream read finished.
[2025-10-06 08:11:12Z INFO ProcessInvokerWrapper] STDOUT/STDERR stream read finished.
[2025-10-06 08:11:12Z INFO ProcessInvokerWrapper] Finished process 32020 with exit code 0, and elapsed time 00:00:00.0241473.
[2025-10-06 08:11:12Z INFO LinuxProcessExtensions] Successfully dump environment variables for 31818
[2025-10-06 08:11:12Z INFO JobExtension] Inspecting process environment variables. PID: 31811 (node)
[2025-10-06 08:11:12Z INFO LinuxProcessExtensions] Read env from output of `ps e -p 31811 -o command`
[2025-10-06 08:11:12Z INFO HostContext] Well known directory 'Bin': '/Users/jnalair/quiet-reference-site/actions-runner/bin'
[2025-10-06 08:11:12Z INFO HostContext] Well known directory 'Root': '/Users/jnalair/quiet-reference-site/actions-runner'
[2025-10-06 08:11:12Z INFO ProcessInvokerWrapper] Starting process:
[2025-10-06 08:11:12Z INFO ProcessInvokerWrapper]   File name: 'ps'
[2025-10-06 08:11:12Z INFO ProcessInvokerWrapper]   Arguments: 'e -p 31811 -o command'
[2025-10-06 08:11:12Z INFO ProcessInvokerWrapper]   Working directory: '/Users/jnalair/quiet-reference-site/actions-runner'
[2025-10-06 08:11:12Z INFO ProcessInvokerWrapper]   Require exit code zero: 'False'
[2025-10-06 08:11:12Z INFO ProcessInvokerWrapper]   Encoding web name:  ; code page: ''
[2025-10-06 08:11:12Z INFO ProcessInvokerWrapper]   Force kill process on cancellation: 'False'
[2025-10-06 08:11:12Z INFO ProcessInvokerWrapper]   Redirected STDIN: 'False'
[2025-10-06 08:11:12Z INFO ProcessInvokerWrapper]   Persist current code page: 'False'
[2025-10-06 08:11:12Z INFO ProcessInvokerWrapper]   Keep redirected STDIN open: 'False'
[2025-10-06 08:11:12Z INFO ProcessInvokerWrapper]   High priority process: 'False'
[2025-10-06 08:11:12Z INFO ProcessInvokerWrapper] Process started with process id 32021, waiting for process exit.
[2025-10-06 08:11:12Z INFO ProcessInvokerWrapper] STDOUT/STDERR stream read finished.
[2025-10-06 08:11:12Z INFO ProcessInvokerWrapper] STDOUT/STDERR stream read finished.
[2025-10-06 08:11:12Z INFO ProcessInvokerWrapper] Finished process 32021 with exit code 0, and elapsed time 00:00:00.0248790.
[2025-10-06 08:11:12Z INFO LinuxProcessExtensions] Successfully dump environment variables for 31811
[2025-10-06 08:11:12Z INFO ExecutionContext] Publish step telemetry for current step {
  "action": "complete_job",
  "type": "runner",
  "stage": "Post",
  "stepId": "606e08aa-d770-4155-99fb-8c0a521033e1",
  "result": "succeeded",
  "errorMessages": [],
  "executionTimeInSeconds": 2,
  "startTime": "2025-10-06T08:11:11.475625Z",
  "finishTime": "2025-10-06T08:11:12.559577Z"
}.
[2025-10-06 08:11:12Z INFO JobRunner] Job result after all job steps finish: Canceled
[2025-10-06 08:11:12Z INFO JobRunner] Completing the job execution context.
[2025-10-06 08:11:12Z INFO JobRunner] Shutting down the job server queue.
[2025-10-06 08:11:12Z INFO JobServerQueue] Fire signal to shutdown all queues.
[2025-10-06 08:11:13Z INFO JobServerQueue] All queue process task stopped.
[2025-10-06 08:11:13Z INFO JobServerQueue] Web console line queue drained.
[2025-10-06 08:11:13Z INFO JobServerQueue] Uploading 2 files in one shot.
[2025-10-06 08:11:13Z INFO JobServerQueue] Try to upload 2 log files or attachments, success rate: 2/2.
[2025-10-06 08:11:13Z INFO JobServerQueue] File upload queue drained.
[2025-10-06 08:11:13Z INFO JobServerQueue] Starting results-based upload queue...
[2025-10-06 08:11:13Z INFO JobServerQueue] Uploading 3 file(s) in one shot through results service.
[2025-10-06 08:11:13Z INFO JobServerQueue] Got a step log file to send to results service.
[2025-10-06 08:11:13Z INFO JobServerQueue] Starting upload of step log file to results service ResultsLog, /Users/jnalair/quiet-reference-site/actions-runner/_diag/blocks/1654fc12-0891-43d0-8aa4-dfb6f75763d7_eb351f7f-3dc7-4066-bb09-79bf82836819.1
[2025-10-06 08:11:14Z INFO JobServerQueue] Got a step log file to send to results service.
[2025-10-06 08:11:14Z INFO JobServerQueue] Starting upload of step log file to results service ResultsLog, /Users/jnalair/quiet-reference-site/actions-runner/_diag/blocks/1654fc12-0891-43d0-8aa4-dfb6f75763d7_606e08aa-d770-4155-99fb-8c0a521033e1.1
[2025-10-06 08:11:15Z INFO JobServerQueue] Got a job log file to send to results service.
[2025-10-06 08:11:15Z INFO JobServerQueue] Starting upload of job log file to results service ResultsLog, /Users/jnalair/quiet-reference-site/actions-runner/_diag/blocks/1654fc12-0891-43d0-8aa4-dfb6f75763d7_57687274-c5e9-5ed2-8291-a741bdeec7d0.1
[2025-10-06 08:11:16Z INFO JobServerQueue] Tried to upload 3 file(s) to results, success rate: 3/3.
[2025-10-06 08:11:16Z INFO JobServerQueue] Results upload queue drained.
[2025-10-06 08:11:16Z INFO JobServerQueue] Timeline update queue drained.
[2025-10-06 08:11:16Z INFO JobServerQueue] Disposing job server ...
[2025-10-06 08:11:16Z INFO JobServerQueue] Disposing results server ...
[2025-10-06 08:11:16Z INFO JobServerQueue] All queue process tasks have been stopped, and all queues are drained.
[2025-10-06 08:11:16Z INFO TempDirectoryManager] Cleaning runner temp folder: /Users/jnalair/quiet-reference-site/actions-runner/_work/_temp
[2025-10-06 08:11:16Z INFO HostContext] Well known directory 'Bin': '/Users/jnalair/quiet-reference-site/actions-runner/bin'
[2025-10-06 08:11:16Z INFO HostContext] Well known directory 'Root': '/Users/jnalair/quiet-reference-site/actions-runner'
[2025-10-06 08:11:16Z INFO HostContext] Well known directory 'Diag': '/Users/jnalair/quiet-reference-site/actions-runner/_diag'
[2025-10-06 08:11:16Z INFO HostContext] Well known config file 'Telemetry': '/Users/jnalair/quiet-reference-site/actions-runner/_diag/.telemetry'
[2025-10-06 08:11:16Z INFO JobRunner] Raising job completed against run service
[2025-10-06 08:11:18Z ERR  GitHubActionsService] POST request to https://run-actions-3-azure-eastus.actions.githubusercontent.com/1/completejob failed. HTTP Status: NotFound
[2025-10-06 08:11:18Z ERR  JobRunner] Catch exception while attempting to complete job 57687274-c5e9-5ed2-8291-a741bdeec7d0, job request 0.
[2025-10-06 08:11:18Z ERR  JobRunner] GitHub.DistributedTask.WebApi.TaskOrchestrationJobNotFoundException: Job not found: 57687274-c5e9-5ed2-8291-a741bdeec7d0. workflow instance not found
   at GitHub.Actions.RunService.WebApi.RunServiceHttpClient.CompleteJobAsync(Uri requestUri, Guid planId, Guid jobId, TaskResult conclusion, Dictionary`2 outputs, IList`1 stepResults, IList`1 jobAnnotations, String environmentUrl, IList`1 telemetry, String billingOwnerId, CancellationToken cancellationToken)
   at GitHub.Runner.Common.RunServer.<>c__DisplayClass7_0.<<CompleteJobAsync>b__0>d.MoveNext()
--- End of stack trace from previous location ---
   at GitHub.Runner.Common.RunnerService.<>c__DisplayClass12_0.<<RetryRequest>g__wrappedFunc|0>d.MoveNext()
--- End of stack trace from previous location ---
   at GitHub.Runner.Common.RunnerService.RetryRequest[T](Func`1 func, CancellationToken cancellationToken, Int32 maxRetryAttemptsCount, Func`2 shouldRetry)
   at GitHub.Runner.Common.RunnerService.RetryRequest(Func`1 func, CancellationToken cancellationToken, Int32 maxRetryAttemptsCount, Func`2 shouldRetry)
   at GitHub.Runner.Worker.JobRunner.CompleteJobAsync(IRunServer runServer, IExecutionContext jobContext, AgentJobRequestMessage message, Nullable`1 taskResult)
[2025-10-06 08:11:18Z ERR  Worker] System.AggregateException: One or more errors occurred. (Job not found: 57687274-c5e9-5ed2-8291-a741bdeec7d0. workflow instance not found)
 ---> GitHub.DistributedTask.WebApi.TaskOrchestrationJobNotFoundException: Job not found: 57687274-c5e9-5ed2-8291-a741bdeec7d0. workflow instance not found
   at GitHub.Actions.RunService.WebApi.RunServiceHttpClient.CompleteJobAsync(Uri requestUri, Guid planId, Guid jobId, TaskResult conclusion, Dictionary`2 outputs, IList`1 stepResults, IList`1 jobAnnotations, String environmentUrl, IList`1 telemetry, String billingOwnerId, CancellationToken cancellationToken)
   at GitHub.Runner.Common.RunServer.<>c__DisplayClass7_0.<<CompleteJobAsync>b__0>d.MoveNext()
--- End of stack trace from previous location ---
   at GitHub.Runner.Common.RunnerService.<>c__DisplayClass12_0.<<RetryRequest>g__wrappedFunc|0>d.MoveNext()
--- End of stack trace from previous location ---
   at GitHub.Runner.Common.RunnerService.RetryRequest[T](Func`1 func, CancellationToken cancellationToken, Int32 maxRetryAttemptsCount, Func`2 shouldRetry)
   at GitHub.Runner.Common.RunnerService.RetryRequest(Func`1 func, CancellationToken cancellationToken, Int32 maxRetryAttemptsCount, Func`2 shouldRetry)
   at GitHub.Runner.Worker.JobRunner.CompleteJobAsync(IRunServer runServer, IExecutionContext jobContext, AgentJobRequestMessage message, Nullable`1 taskResult)
   --- End of inner exception stack trace ---
   at GitHub.Runner.Worker.JobRunner.CompleteJobAsync(IRunServer runServer, IExecutionContext jobContext, AgentJobRequestMessage message, Nullable`1 taskResult)
   at GitHub.Runner.Worker.JobRunner.CompleteJobAsync(IRunnerService server, IExecutionContext jobContext, AgentJobRequestMessage message, Nullable`1 taskResult)
   at GitHub.Runner.Worker.JobRunner.RunAsync(AgentJobRequestMessage message, CancellationToken jobRequestCancellationToken)
   at GitHub.Runner.Worker.JobRunner.RunAsync(AgentJobRequestMessage message, CancellationToken jobRequestCancellationToken)
   at GitHub.Runner.Worker.Worker.RunAsync(String pipeIn, String pipeOut)
   at GitHub.Runner.Worker.Program.MainAsync(IHostContext context, String[] args)
[2025-10-06 08:11:18Z ERR  Worker] #####################################################
[2025-10-06 08:11:18Z ERR  Worker] GitHub.DistributedTask.WebApi.TaskOrchestrationJobNotFoundException: Job not found: 57687274-c5e9-5ed2-8291-a741bdeec7d0. workflow instance not found
   at GitHub.Actions.RunService.WebApi.RunServiceHttpClient.CompleteJobAsync(Uri requestUri, Guid planId, Guid jobId, TaskResult conclusion, Dictionary`2 outputs, IList`1 stepResults, IList`1 jobAnnotations, String environmentUrl, IList`1 telemetry, String billingOwnerId, CancellationToken cancellationToken)
   at GitHub.Runner.Common.RunServer.<>c__DisplayClass7_0.<<CompleteJobAsync>b__0>d.MoveNext()
--- End of stack trace from previous location ---
   at GitHub.Runner.Common.RunnerService.<>c__DisplayClass12_0.<<RetryRequest>g__wrappedFunc|0>d.MoveNext()
--- End of stack trace from previous location ---
   at GitHub.Runner.Common.RunnerService.RetryRequest[T](Func`1 func, CancellationToken cancellationToken, Int32 maxRetryAttemptsCount, Func`2 shouldRetry)
   at GitHub.Runner.Common.RunnerService.RetryRequest(Func`1 func, CancellationToken cancellationToken, Int32 maxRetryAttemptsCount, Func`2 shouldRetry)
   at GitHub.Runner.Worker.JobRunner.CompleteJobAsync(IRunServer runServer, IExecutionContext jobContext, AgentJobRequestMessage message, Nullable`1 taskResult)
