[2025-10-06 08:17:45Z INFO HostContext] No proxy settings were found based on environmental variables (http_proxy/https_proxy/HTTP_PROXY/HTTPS_PROXY)
[2025-10-06 08:17:45Z INFO HostContext] Well known directory 'Bin': '/Users/jnalair/quiet-reference-site/actions-runner/bin'
[2025-10-06 08:17:45Z INFO HostContext] Well known directory 'Root': '/Users/jnalair/quiet-reference-site/actions-runner'
[2025-10-06 08:17:45Z INFO HostContext] Well known config file 'Credentials': '/Users/jnalair/quiet-reference-site/actions-runner/.credentials'
[2025-10-06 08:17:45Z INFO HostContext] Well known directory 'Bin': '/Users/jnalair/quiet-reference-site/actions-runner/bin'
[2025-10-06 08:17:45Z INFO HostContext] Well known directory 'Root': '/Users/jnalair/quiet-reference-site/actions-runner'
[2025-10-06 08:17:45Z INFO HostContext] Well known config file 'Runner': '/Users/jnalair/quiet-reference-site/actions-runner/.runner'
[2025-10-06 08:17:45Z INFO Worker] Version: 2.328.0
[2025-10-06 08:17:45Z INFO Worker] Commit: 6f9a9110adce65f44ca6f7c0ae142b9cc6af937b
[2025-10-06 08:17:45Z INFO Worker] Culture: en-PH
[2025-10-06 08:17:45Z INFO Worker] UI Culture: en-PH
[2025-10-06 08:17:45Z INFO Worker] Waiting to receive the job message from the channel.
[2025-10-06 08:17:45Z INFO ProcessChannel] Receiving message of length 20069, with hash 'd20de98718930616fbf422fc94ec7a4fa88142fdf44f2b37a9f353c0ed871341'
[2025-10-06 08:17:45Z INFO Worker] Message received.
[2025-10-06 08:17:45Z INFO Worker] Job message:
 {
  "fileTable": [
    ".github/workflows/build-site.yml"
  ],
  "mask": [
    {
      "type": "regex",
      "value": "***"
    },
    {
      "type": "regex",
      "value": "***"
    },
    {
      "type": "regex",
      "value": "***"
    },
    {
      "type": "regex",
      "value": "***"
    },
    {
      "type": "regex",
      "value": "***"
    },
    {
      "type": "regex",
      "value": "***"
    },
    {
      "type": "regex",
      "value": "***"
    },
    {
      "type": "regex",
      "value": "***"
    },
    {
      "type": "regex",
      "value": "***"
    },
    {
      "type": "regex",
      "value": "***"
    },
    {
      "type": "regex",
      "value": "***"
    },
    {
      "type": "regex",
      "value": "***"
    },
    {
      "type": "regex",
      "value": "***"
    },
    {
      "type": "regex",
      "value": "***"
    },
    {
      "type": "regex",
      "value": "***"
    },
    {
      "type": "regex",
      "value": "***"
    },
    {
      "type": "regex",
      "value": "***"
    },
    {
      "type": "regex",
      "value": "***"
    }
  ],
  "steps": [
    {
      "type": "action",
      "reference": {
        "type": "repository",
        "name": "actions/checkout",
        "ref": "v3",
        "repositoryType": "GitHub"
      },
      "displayNameToken": {
        "type": 0,
        "file": 1,
        "line": 13,
        "col": 15,
        "lit": "Checkout repo"
      },
      "contextName": "__actions_checkout",
      "condition": "success()",
      "id": "842af281-52df-48db-b632-f520b8a01440",
      "name": "__actions_checkout"
    },
    {
      "type": "action",
      "reference": {
        "type": "script"
      },
      "displayNameToken": {
        "type": 0,
        "file": 1,
        "line": 16,
        "col": 15,
        "lit": "Install Hugo"
      },
      "contextName": "__run",
      "inputs": {
        "type": 2,
        "map": [
          {
            "key": "script",
            "value": {
              "type": 0,
              "file": 1,
              "line": 17,
              "col": 14,
              "lit": "npm install"
            }
          }
        ]
      },
      "condition": "success()",
      "id": "3998f9c7-b901-409e-b420-6a7c8ee88765",
      "name": "__run"
    },
    {
      "type": "action",
      "reference": {
        "type": "script"
      },
      "displayNameToken": {
        "type": 0,
        "file": 1,
        "line": 19,
        "col": 15,
        "lit": "Build site"
      },
      "contextName": "__run_2",
      "inputs": {
        "type": 2,
        "map": [
          {
            "key": "script",
            "value": {
              "type": 0,
              "file": 1,
              "line": 20,
              "col": 14,
              "lit": "npm run build"
            }
          }
        ]
      },
      "condition": "success()",
      "id": "672e687d-4862-4436-9e43-8357a53dcf99",
      "name": "__run_2"
    }
  ],
  "variables": {
    "ACTIONS_RUNNER_DEBUG": {
      "value": "true",
      "isSecret": true
    },
    "ACTIONS_STEP_DEBUG": {
      "value": "true",
      "isSecret": true
    },
    "Actions.EnableHttpRedirects": {
      "value": "true"
    },
    "DistributedTask.AddWarningToNode12Action": {
      "value": "true"
    },
    "DistributedTask.AddWarningToNode16Action": {
      "value": "true"
    },
    "DistributedTask.AllowRunnerContainerHooks": {
      "value": "true"
    },
    "DistributedTask.DeprecateStepOutputCommands": {
      "value": "true"
    },
    "DistributedTask.DetailUntarFailure": {
      "value": "true"
    },
    "DistributedTask.EnableCompositeActions": {
      "value": "true"
    },
    "DistributedTask.EnableJobServerQueueTelemetry": {
      "value": "true"
    },
    "DistributedTask.EnhancedAnnotations": {
      "value": "true"
    },
    "DistributedTask.ForceGithubJavascriptActionsToNode16": {
      "value": "true"
    },
    "DistributedTask.ForceGithubJavascriptActionsToNode20": {
      "value": "true"
    },
    "DistributedTask.LogTemplateErrorsAsDebugMessages": {
      "value": "true"
    },
    "DistributedTask.MarkJobAsFailedOnWorkerCrash": {
      "value": "true"
    },
    "DistributedTask.NewActionMetadata": {
      "value": "true"
    },
    "DistributedTask.UploadStepSummary": {
      "value": "true"
    },
    "DistributedTask.UseActionArchiveCache": {
      "value": "true"
    },
    "DistributedTask.UseWhich2": {
      "value": "true"
    },
    "RunService.FixEmbeddedIssues": {
      "value": "true"
    },
    "actions_add_check_run_id_to_job_context": {
      "value": "true"
    },
    "actions_display_helpful_actions_download_errors": {
      "value": "true"
    },
    "actions_skip_retry_complete_job_upon_known_errors": {
      "value": "true"
    },
    "actions_uses_cache_service_v2": {
      "value": "true"
    },
    "github_token": {
      "value": "***",
      "isSecret": true
    },
    "system.from_run_service": {
      "value": "true"
    },
    "system.github.job": {
      "value": "build"
    },
    "system.github.launch_endpoint": {
      "value": "https://launch.actions.githubusercontent.com"
    },
    "system.github.results_endpoint": {
      "value": "https://results-receiver.actions.githubusercontent.com/"
    },
    "system.github.results_upload_with_sdk": {
      "value": "true"
    },
    "system.github.token": {
      "value": "***",
      "isSecret": true
    },
    "system.github.token.permissions": {
      "value": "{\"Actions\":\"write\",\"Attestations\":\"write\",\"Checks\":\"write\",\"Contents\":\"write\",\"Deployments\":\"write\",\"Discussions\":\"write\",\"Issues\":\"write\",\"Metadata\":\"read\",\"Models\":\"read\",\"Packages\":\"write\",\"Pages\":\"write\",\"PullRequests\":\"write\",\"RepositoryProjects\":\"write\",\"SecurityEvents\":\"write\",\"Statuses\":\"write\"}"
    },
    "system.orchestrationId": {
      "value": "8400b63f-7616-4ca9-a415-919c366f2785.build.__default"
    },
    "system.phaseDisplayName": {
      "value": "Hugo Build"
    },
    "system.runner.lowdiskspacethreshold": {
      "value": "100"
    },
    "system.runnerEnvironment": {
      "value": "self-hosted"
    },
    "system.runnerGroupName": {
      "value": "Default"
    }
  },
  "messageType": "RunnerJobRequest",
  "plan": {
    "scopeIdentifier": "00000000-0000-0000-0000-000000000000",
    "planType": "actions",
    "version": 0,
    "planId": "8400b63f-7616-4ca9-a415-919c366f2785",
    "planGroup": null,
    "artifactUri": null,
    "artifactLocation": null,
    "definition": null,
    "owner": null
  },
  "timeline": {
    "id": "8400b63f-7616-4ca9-a415-919c366f2785",
    "changeId": 0,
    "location": null
  },
  "jobId": "cd5e1d7c-70cb-5261-9a26-ae8aecfcf123",
  "jobDisplayName": "Hugo Build",
  "jobName": "__default",
  "requestId": 0,
  "lockedUntil": "0001-01-01T00:00:00",
  "resources": {
    "endpoints": [
      {
        "data": {
          "ServerId": "",
          "ServerName": "",
          "CacheServerUrl": "https://artifactcache.actions.githubusercontent.com/SYCnhz2TBMyoZ9z75XCHm6D8trJWrhRorGx3S1opb6M1Cm28ce/",
          "FeedStreamUrl": "wss://results-receiver.actions.githubusercontent.com/_ws/ingest.sock",
          "ResultsServiceUrl": "https://results-receiver.actions.githubusercontent.com/",
          "PipelinesServiceUrl": "https://pipelinesghubeus11.actions.githubusercontent.com/SYCnhz2TBMyoZ9z75XCHm6D8trJWrhRorGx3S1opb6M1Cm28ce/",
          "GenerateIdTokenUrl": ""
        },
        "name": "SystemVssConnection",
        "url": "https://run-actions-2-azure-eastus.actions.githubusercontent.com/75/",
        "authorization": {
          "parameters": {
            "AccessToken": "***"
          },
          "scheme": "OAuth"
        },
        "isShared": false,
        "isReady": true
      }
    ]
  },
  "contextData": {
    "github": {
      "t": 2,
      "d": [
        {
          "k": "ref",
          "v": "refs/heads/Master"
        },
        {
          "k": "sha",
          "v": "413ee6e1ca304a6829dfbeb63b24ebdfe0b788c2"
        },
        {
          "k": "repository",
          "v": "Vodkashot28/quiet-reference-site"
        },
        {
          "k": "repository_owner",
          "v": "Vodkashot28"
        },
        {
          "k": "repository_owner_id",
          "v": "183611920"
        },
        {
          "k": "repositoryUrl",
          "v": "git://github.com/Vodkashot28/quiet-reference-site.git"
        },
        {
          "k": "run_id",
          "v": "18272956784"
        },
        {
          "k": "run_number",
          "v": "2"
        },
        {
          "k": "retention_days",
          "v": "90"
        },
        {
          "k": "run_attempt",
          "v": "2"
        },
        {
          "k": "artifact_cache_size_limit",
          "v": "10"
        },
        {
          "k": "repository_visibility",
          "v": "public"
        },
        {
          "k": "actor_id",
          "v": "183611920"
        },
        {
          "k": "actor",
          "v": "Vodkashot28"
        },
        {
          "k": "workflow",
          "v": "Build Site"
        },
        {
          "k": "head_ref",
          "v": ""
        },
        {
          "k": "base_ref",
          "v": ""
        },
        {
          "k": "event_name",
          "v": "push"
        },
        {
          "k": "server_url",
          "v": "https://github.com"
        },
        {
          "k": "api_url",
          "v": "https://api.github.com"
        },
        {
          "k": "graphql_url",
          "v": "https://api.github.com/graphql"
        },
        {
          "k": "ref_name",
          "v": "Master"
        },
        {
          "k": "ref_protected",
          "v": false
        },
        {
          "k": "ref_type",
          "v": "branch"
        },
        {
          "k": "secret_source",
          "v": "Actions"
        },
        {
          "k": "event",
          "v": {
            "t": 2,
            "d": [
              {
                "k": "after",
                "v": "413ee6e1ca304a6829dfbeb63b24ebdfe0b788c2"
              },
              {
                "k": "base_ref",
                "v": null
              },
              {
                "k": "before",
                "v": "1adb418d9e6a53081819133b7e4d526b14a369ac"
              },
              {
                "k": "commits",
                "v": {
                  "t": 1,
                  "a": [
                    {
                      "t": 2,
                      "d": [
                        {
                          "k": "author",
                          "v": {
                            "t": 2,
                            "d": [
                              {
                                "k": "email",
                                "v": "183611920+Vodkashot28@users.noreply.github.com"
                              },
                              {
                                "k": "name",
                                "v": "vodkashot"
                              },
                              {
                                "k": "username",
                                "v": "Vodkashot28"
                              }
                            ]
                          }
                        },
                        {
                          "k": "committer",
                          "v": {
                            "t": 2,
                            "d": [
                              {
                                "k": "email",
                                "v": "noreply@github.com"
                              },
                              {
                                "k": "name",
                                "v": "GitHub"
                              },
                              {
                                "k": "username",
                                "v": "web-flow"
                              }
                            ]
                          }
                        },
                        {
                          "k": "distinct",
                          "v": true
                        },
                        {
                          "k": "id",
                          "v": "413ee6e1ca304a6829dfbeb63b24ebdfe0b788c2"
                        },
                        {
                          "k": "message",
                          "v": "Update package.json"
                        },
                        {
                          "k": "timestamp",
                          "v": "2025-10-06T15:11:47+08:00"
                        },
                        {
                          "k": "tree_id",
                          "v": "9ffff35dce7cd3414ae64617ebccbc9725d6d5ed"
                        },
                        {
                          "k": "url",
                          "v": "https://github.com/Vodkashot28/quiet-reference-site/commit/413ee6e1ca304a6829dfbeb63b24ebdfe0b788c2"
                        }
                      ]
                    }
                  ]
                }
              },
              {
                "k": "compare",
                "v": "https://github.com/Vodkashot28/quiet-reference-site/compare/1adb418d9e6a...413ee6e1ca30"
              },
              {
                "k": "created",
                "v": false
              },
              {
                "k": "deleted",
                "v": false
              },
              {
                "k": "forced",
                "v": false
              },
              {
                "k": "head_commit",
                "v": {
                  "t": 2,
                  "d": [
                    {
                      "k": "author",
                      "v": {
                        "t": 2,
                        "d": [
                          {
                            "k": "email",
                            "v": "183611920+Vodkashot28@users.noreply.github.com"
                          },
                          {
                            "k": "name",
                            "v": "vodkashot"
                          },
                          {
                            "k": "username",
                            "v": "Vodkashot28"
                          }
                        ]
                      }
                    },
                    {
                      "k": "committer",
                      "v": {
                        "t": 2,
                        "d": [
                          {
                            "k": "email",
                            "v": "noreply@github.com"
                          },
                          {
                            "k": "name",
                            "v": "GitHub"
                          },
                          {
                            "k": "username",
                            "v": "web-flow"
                          }
                        ]
                      }
                    },
                    {
                      "k": "distinct",
                      "v": true
                    },
                    {
                      "k": "id",
                      "v": "413ee6e1ca304a6829dfbeb63b24ebdfe0b788c2"
                    },
                    {
                      "k": "message",
                      "v": "Update package.json"
                    },
                    {
                      "k": "timestamp",
                      "v": "2025-10-06T15:11:47+08:00"
                    },
                    {
                      "k": "tree_id",
                      "v": "9ffff35dce7cd3414ae64617ebccbc9725d6d5ed"
                    },
                    {
                      "k": "url",
                      "v": "https://github.com/Vodkashot28/quiet-reference-site/commit/413ee6e1ca304a6829dfbeb63b24ebdfe0b788c2"
                    }
                  ]
                }
              },
              {
                "k": "pusher",
                "v": {
                  "t": 2,
                  "d": [
                    {
                      "k": "email",
                      "v": "183611920+Vodkashot28@users.noreply.github.com"
                    },
                    {
                      "k": "name",
                      "v": "Vodkashot28"
                    }
                  ]
                }
              },
              {
                "k": "ref",
                "v": "refs/heads/Master"
              },
              {
                "k": "repository",
                "v": {
                  "t": 2,
                  "d": [
                    {
                      "k": "allow_forking",
                      "v": true
                    },
                    {
                      "k": "archive_url",
                      "v": "https://api.github.com/repos/Vodkashot28/quiet-reference-site/{archive_format}{/ref}"
                    },
                    {
                      "k": "archived",
                      "v": false
                    },
                    {
                      "k": "assignees_url",
                      "v": "https://api.github.com/repos/Vodkashot28/quiet-reference-site/assignees{/user}"
                    },
                    {
                      "k": "blobs_url",
                      "v": "https://api.github.com/repos/Vodkashot28/quiet-reference-site/git/blobs{/sha}"
                    },
                    {
                      "k": "branches_url",
                      "v": "https://api.github.com/repos/Vodkashot28/quiet-reference-site/branches{/branch}"
                    },
                    {
                      "k": "clone_url",
                      "v": "https://github.com/Vodkashot28/quiet-reference-site.git"
                    },
                    {
                      "k": "collaborators_url",
                      "v": "https://api.github.com/repos/Vodkashot28/quiet-reference-site/collaborators{/collaborator}"
                    },
                    {
                      "k": "comments_url",
                      "v": "https://api.github.com/repos/Vodkashot28/quiet-reference-site/comments{/number}"
                    },
                    {
                      "k": "commits_url",
                      "v": "https://api.github.com/repos/Vodkashot28/quiet-reference-site/commits{/sha}"
                    },
                    {
                      "k": "compare_url",
                      "v": "https://api.github.com/repos/Vodkashot28/quiet-reference-site/compare/{base}...{head}"
                    },
                    {
                      "k": "contents_url",
                      "v": "https://api.github.com/repos/Vodkashot28/quiet-reference-site/contents/{+path}"
                    },
                    {
                      "k": "contributors_url",
                      "v": "https://api.github.com/repos/Vodkashot28/quiet-reference-site/contributors"
                    },
                    {
                      "k": "created_at",
                      "v": 1757832047.0
                    },
                    {
                      "k": "default_branch",
                      "v": "Master"
                    },
                    {
                      "k": "deployments_url",
                      "v": "https://api.github.com/repos/Vodkashot28/quiet-reference-site/deployments"
                    },
                    {
                      "k": "description",
                      "v": "Sanctuary for truth, restraint, and emotional clarity"
                    },
                    {
                      "k": "disabled",
                      "v": false
                    },
                    {
                      "k": "downloads_url",
                      "v": "https://api.github.com/repos/Vodkashot28/quiet-reference-site/downloads"
                    },
                    {
                      "k": "events_url",
                      "v": "https://api.github.com/repos/Vodkashot28/quiet-reference-site/events"
                    },
                    {
                      "k": "fork",
                      "v": false
                    },
                    {
                      "k": "forks",
                      "v": 0.0
                    },
                    {
                      "k": "forks_count",
                      "v": 0.0
                    },
                    {
                      "k": "forks_url",
                      "v": "https://api.github.com/repos/Vodkashot28/quiet-reference-site/forks"
                    },
                    {
                      "k": "full_name",
                      "v": "Vodkashot28/quiet-reference-site"
                    },
                    {
                      "k": "git_commits_url",
                      "v": "https://api.github.com/repos/Vodkashot28/quiet-reference-site/git/commits{/sha}"
                    },
                    {
                      "k": "git_refs_url",
                      "v": "https://api.github.com/repos/Vodkashot28/quiet-reference-site/git/refs{/sha}"
                    },
                    {
                      "k": "git_tags_url",
                      "v": "https://api.github.com/repos/Vodkashot28/quiet-reference-site/git/tags{/sha}"
                    },
                    {
                      "k": "git_url",
                      "v": "git://github.com/Vodkashot28/quiet-reference-site.git"
                    },
                    {
                      "k": "has_discussions",
                      "v": false
                    },
                    {
                      "k": "has_downloads",
                      "v": true
                    },
                    {
                      "k": "has_issues",
                      "v": true
                    },
                    {
                      "k": "has_pages",
                      "v": true
                    },
                    {
                      "k": "has_projects",
                      "v": true
                    },
                    {
                      "k": "has_wiki",
                      "v": false
                    },
                    {
                      "k": "homepage",
                      "v": null
                    },
                    {
                      "k": "hooks_url",
                      "v": "https://api.github.com/repos/Vodkashot28/quiet-reference-site/hooks"
                    },
                    {
                      "k": "html_url",
                      "v": "https://github.com/Vodkashot28/quiet-reference-site"
                    },
                    {
                      "k": "id",
                      "v": 1056467739.0
                    },
                    {
                      "k": "is_template",
                      "v": true
                    },
                    {
                      "k": "issue_comment_url",
                      "v": "https://api.github.com/repos/Vodkashot28/quiet-reference-site/issues/comments{/number}"
                    },
                    {
                      "k": "issue_events_url",
                      "v": "https://api.github.com/repos/Vodkashot28/quiet-reference-site/issues/events{/number}"
                    },
                    {
                      "k": "issues_url",
                      "v": "https://api.github.com/repos/Vodkashot28/quiet-reference-site/issues{/number}"
                    },
                    {
                      "k": "keys_url",
                      "v": "https://api.github.com/repos/Vodkashot28/quiet-reference-site/keys{/key_id}"
                    },
                    {
                      "k": "labels_url",
                      "v": "https://api.github.com/repos/Vodkashot28/quiet-reference-site/labels{/name}"
                    },
                    {
                      "k": "language",
                      "v": "HTML"
                    },
                    {
                      "k": "languages_url",
                      "v": "https://api.github.com/repos/Vodkashot28/quiet-reference-site/languages"
                    },
                    {
                      "k": "license",
                      "v": null
                    },
                    {
                      "k": "master_branch",
                      "v": "Master"
                    },
                    {
                      "k": "merges_url",
                      "v": "https://api.github.com/repos/Vodkashot28/quiet-reference-site/merges"
                    },
                    {
                      "k": "milestones_url",
                      "v": "https://api.github.com/repos/Vodkashot28/quiet-reference-site/milestones{/number}"
                    },
                    {
                      "k": "mirror_url",
                      "v": null
                    },
                    {
                      "k": "name",
                      "v": "quiet-reference-site"
                    },
                    {
                      "k": "node_id",
                      "v": "R_kgDOPvhrGw"
                    },
                    {
                      "k": "notifications_url",
                      "v": "https://api.github.com/repos/Vodkashot28/quiet-reference-site/notifications{?since,all,participating}"
                    },
                    {
                      "k": "open_issues",
                      "v": 0.0
                    },
                    {
                      "k": "open_issues_count",
                      "v": 0.0
                    },
                    {
                      "k": "owner",
                      "v": {
                        "t": 2,
                        "d": [
                          {
                            "k": "avatar_url",
                            "v": "https://avatars.githubusercontent.com/u/183611920?v=4"
                          },
                          {
                            "k": "email",
                            "v": "183611920+Vodkashot28@users.noreply.github.com"
                          },
                          {
                            "k": "events_url",
                            "v": "https://api.github.com/users/Vodkashot28/events{/privacy}"
                          },
                          {
                            "k": "followers_url",
                            "v": "https://api.github.com/users/Vodkashot28/followers"
                          },
                          {
                            "k": "following_url",
                            "v": "https://api.github.com/users/Vodkashot28/following{/other_user}"
                          },
                          {
                            "k": "gists_url",
                            "v": "https://api.github.com/users/Vodkashot28/gists{/gist_id}"
                          },
                          {
                            "k": "gravatar_id",
                            "v": ""
                          },
                          {
                            "k": "html_url",
                            "v": "https://github.com/Vodkashot28"
                          },
                          {
                            "k": "id",
                            "v": 183611920.0
                          },
                          {
                            "k": "login",
                            "v": "Vodkashot28"
                          },
                          {
                            "k": "name",
                            "v": "Vodkashot28"
                          },
                          {
                            "k": "node_id",
                            "v": "U_kgDOCvGyEA"
                          },
                          {
                            "k": "organizations_url",
                            "v": "https://api.github.com/users/Vodkashot28/orgs"
                          },
                          {
                            "k": "received_events_url",
                            "v": "https://api.github.com/users/Vodkashot28/received_events"
                          },
                          {
                            "k": "repos_url",
                            "v": "https://api.github.com/users/Vodkashot28/repos"
                          },
                          {
                            "k": "site_admin",
                            "v": false
                          },
                          {
                            "k": "starred_url",
                            "v": "https://api.github.com/users/Vodkashot28/starred{/owner}{/repo}"
                          },
                          {
                            "k": "subscriptions_url",
                            "v": "https://api.github.com/users/Vodkashot28/subscriptions"
                          },
                          {
                            "k": "type",
                            "v": "User"
                          },
                          {
                            "k": "url",
                            "v": "https://api.github.com/users/Vodkashot28"
                          },
                          {
                            "k": "user_view_type",
                            "v": "public"
                          }
                        ]
                      }
                    },
                    {
                      "k": "private",
                      "v": false
                    },
                    {
                      "k": "pulls_url",
                      "v": "https://api.github.com/repos/Vodkashot28/quiet-reference-site/pulls{/number}"
                    },
                    {
                      "k": "pushed_at",
                      "v": 1759734707.0
                    },
                    {
                      "k": "releases_url",
                      "v": "https://api.github.com/repos/Vodkashot28/quiet-reference-site/releases{/id}"
                    },
                    {
                      "k": "size",
                      "v": 70599.0
                    },
                    {
                      "k": "ssh_url",
                      "v": "git@github.com:Vodkashot28/quiet-reference-site.git"
                    },
                    {
                      "k": "stargazers",
                      "v": 0.0
                    },
                    {
                      "k": "stargazers_count",
                      "v": 0.0
                    },
                    {
                      "k": "stargazers_url",
                      "v": "https://api.github.com/repos/Vodkashot28/quiet-reference-site/stargazers"
                    },
                    {
                      "k": "statuses_url",
                      "v": "https://api.github.com/repos/Vodkashot28/quiet-reference-site/statuses/{sha}"
                    },
                    {
                      "k": "subscribers_url",
                      "v": "https://api.github.com/repos/Vodkashot28/quiet-reference-site/subscribers"
                    },
                    {
                      "k": "subscription_url",
                      "v": "https://api.github.com/repos/Vodkashot28/quiet-reference-site/subscription"
                    },
                    {
                      "k": "svn_url",
                      "v": "https://github.com/Vodkashot28/quiet-reference-site"
                    },
                    {
                      "k": "tags_url",
                      "v": "https://api.github.com/repos/Vodkashot28/quiet-reference-site/tags"
                    },
                    {
                      "k": "teams_url",
                      "v": "https://api.github.com/repos/Vodkashot28/quiet-reference-site/teams"
                    },
                    {
                      "k": "topics",
                      "v": {
                        "t": 1
                      }
                    },
                    {
                      "k": "trees_url",
                      "v": "https://api.github.com/repos/Vodkashot28/quiet-reference-site/git/trees{/sha}"
                    },
                    {
                      "k": "updated_at",
                      "v": "2025-10-06T06:42:52Z"
                    },
                    {
                      "k": "url",
                      "v": "https://api.github.com/repos/Vodkashot28/quiet-reference-site"
                    },
                    {
                      "k": "visibility",
                      "v": "public"
                    },
                    {
                      "k": "watchers",
                      "v": 0.0
                    },
                    {
                      "k": "watchers_count",
                      "v": 0.0
                    },
                    {
                      "k": "web_commit_signoff_required",
                      "v": false
                    }
                  ]
                }
              },
              {
                "k": "sender",
                "v": {
                  "t": 2,
                  "d": [
                    {
                      "k": "avatar_url",
                      "v": "https://avatars.githubusercontent.com/u/183611920?v=4"
                    },
                    {
                      "k": "events_url",
                      "v": "https://api.github.com/users/Vodkashot28/events{/privacy}"
                    },
                    {
                      "k": "followers_url",
                      "v": "https://api.github.com/users/Vodkashot28/followers"
                    },
                    {
                      "k": "following_url",
                      "v": "https://api.github.com/users/Vodkashot28/following{/other_user}"
                    },
                    {
                      "k": "gists_url",
                      "v": "https://api.github.com/users/Vodkashot28/gists{/gist_id}"
                    },
                    {
                      "k": "gravatar_id",
                      "v": ""
                    },
                    {
                      "k": "html_url",
                      "v": "https://github.com/Vodkashot28"
                    },
                    {
                      "k": "id",
                      "v": 183611920.0
                    },
                    {
                      "k": "login",
                      "v": "Vodkashot28"
                    },
                    {
                      "k": "node_id",
                      "v": "U_kgDOCvGyEA"
                    },
                    {
                      "k": "organizations_url",
                      "v": "https://api.github.com/users/Vodkashot28/orgs"
                    },
                    {
                      "k": "received_events_url",
                      "v": "https://api.github.com/users/Vodkashot28/received_events"
                    },
                    {
                      "k": "repos_url",
                      "v": "https://api.github.com/users/Vodkashot28/repos"
                    },
                    {
                      "k": "site_admin",
                      "v": false
                    },
                    {
                      "k": "starred_url",
                      "v": "https://api.github.com/users/Vodkashot28/starred{/owner}{/repo}"
                    },
                    {
                      "k": "subscriptions_url",
                      "v": "https://api.github.com/users/Vodkashot28/subscriptions"
                    },
                    {
                      "k": "type",
                      "v": "User"
                    },
                    {
                      "k": "url",
                      "v": "https://api.github.com/users/Vodkashot28"
                    },
                    {
                      "k": "user_view_type",
                      "v": "public"
                    }
                  ]
                }
              }
            ]
          }
        },
        {
          "k": "workflow_ref",
          "v": "Vodkashot28/quiet-reference-site/.github/workflows/build-site.yml@refs/heads/Master"
        },
        {
          "k": "workflow_sha",
          "v": "413ee6e1ca304a6829dfbeb63b24ebdfe0b788c2"
        },
        {
          "k": "repository_id",
          "v": "1056467739"
        },
        {
          "k": "triggering_actor",
          "v": "Vodkashot28"
        }
      ]
    },
    "inputs": {
      "t": 2
    },
    "job": {
      "t": 2,
      "d": [
        {
          "k": "check_run_id",
          "v": 52023372263.0
        }
      ]
    },
    "matrix": null,
    "needs": {
      "t": 2
    },
    "strategy": {
      "t": 2,
      "d": [
        {
          "k": "fail-fast",
          "v": true
        },
        {
          "k": "job-index",
          "v": 0.0
        },
        {
          "k": "job-total",
          "v": 1.0
        },
        {
          "k": "max-parallel",
          "v": 1.0
        }
      ]
    },
    "vars": {
      "t": 2
    }
  },
  "billingOwnerId": "U_kgDOCvGyEA"
}
[2025-10-06 08:17:45Z INFO JobRunner] Job ID cd5e1d7c-70cb-5261-9a26-ae8aecfcf123
[2025-10-06 08:17:45Z INFO ConfigurationStore] currentAssemblyLocation: /Users/jnalair/quiet-reference-site/actions-runner/bin/Runner.Worker.dll
[2025-10-06 08:17:45Z INFO HostContext] Well known directory 'Bin': '/Users/jnalair/quiet-reference-site/actions-runner/bin'
[2025-10-06 08:17:45Z INFO ConfigurationStore] binPath: /Users/jnalair/quiet-reference-site/actions-runner/bin
[2025-10-06 08:17:45Z INFO HostContext] Well known directory 'Bin': '/Users/jnalair/quiet-reference-site/actions-runner/bin'
[2025-10-06 08:17:45Z INFO HostContext] Well known directory 'Root': '/Users/jnalair/quiet-reference-site/actions-runner'
[2025-10-06 08:17:45Z INFO ConfigurationStore] RootFolder: /Users/jnalair/quiet-reference-site/actions-runner
[2025-10-06 08:17:45Z INFO HostContext] Well known directory 'Bin': '/Users/jnalair/quiet-reference-site/actions-runner/bin'
[2025-10-06 08:17:45Z INFO HostContext] Well known directory 'Root': '/Users/jnalair/quiet-reference-site/actions-runner'
[2025-10-06 08:17:45Z INFO HostContext] Well known config file 'Runner': '/Users/jnalair/quiet-reference-site/actions-runner/.runner'
[2025-10-06 08:17:45Z INFO ConfigurationStore] ConfigFilePath: /Users/jnalair/quiet-reference-site/actions-runner/.runner
[2025-10-06 08:17:45Z INFO HostContext] Well known directory 'Bin': '/Users/jnalair/quiet-reference-site/actions-runner/bin'
[2025-10-06 08:17:45Z INFO HostContext] Well known directory 'Root': '/Users/jnalair/quiet-reference-site/actions-runner'
[2025-10-06 08:17:45Z INFO HostContext] Well known config file 'MigratedRunner': '/Users/jnalair/quiet-reference-site/actions-runner/.runner_migrated'
[2025-10-06 08:17:45Z INFO ConfigurationStore] MigratedConfigFilePath: /Users/jnalair/quiet-reference-site/actions-runner/.runner_migrated
[2025-10-06 08:17:45Z INFO HostContext] Well known directory 'Bin': '/Users/jnalair/quiet-reference-site/actions-runner/bin'
[2025-10-06 08:17:45Z INFO HostContext] Well known directory 'Root': '/Users/jnalair/quiet-reference-site/actions-runner'
[2025-10-06 08:17:45Z INFO HostContext] Well known config file 'Credentials': '/Users/jnalair/quiet-reference-site/actions-runner/.credentials'
[2025-10-06 08:17:45Z INFO ConfigurationStore] CredFilePath: /Users/jnalair/quiet-reference-site/actions-runner/.credentials
[2025-10-06 08:17:45Z INFO HostContext] Well known directory 'Bin': '/Users/jnalair/quiet-reference-site/actions-runner/bin'
[2025-10-06 08:17:45Z INFO HostContext] Well known directory 'Root': '/Users/jnalair/quiet-reference-site/actions-runner'
[2025-10-06 08:17:45Z INFO HostContext] Well known config file 'MigratedCredentials': '/Users/jnalair/quiet-reference-site/actions-runner/.credentials_migrated'
[2025-10-06 08:17:45Z INFO ConfigurationStore] MigratedCredFilePath: /Users/jnalair/quiet-reference-site/actions-runner/.credentials_migrated
[2025-10-06 08:17:45Z INFO HostContext] Well known directory 'Bin': '/Users/jnalair/quiet-reference-site/actions-runner/bin'
[2025-10-06 08:17:45Z INFO HostContext] Well known directory 'Root': '/Users/jnalair/quiet-reference-site/actions-runner'
[2025-10-06 08:17:45Z INFO HostContext] Well known config file 'Service': '/Users/jnalair/quiet-reference-site/actions-runner/.service'
[2025-10-06 08:17:45Z INFO ConfigurationStore] ServiceConfigFilePath: /Users/jnalair/quiet-reference-site/actions-runner/.service
[2025-10-06 08:17:45Z INFO ConfigurationStore] Read setting file: 394 chars
[2025-10-06 08:17:45Z INFO JobRunner] Initializing launch client
[2025-10-06 08:17:45Z INFO JobServerQueue] Initializing results client
[2025-10-06 08:17:45Z INFO ResultServer] Creating websocket client ...wss://results-receiver.actions.githubusercontent.com/_ws/ingest.sock
[2025-10-06 08:17:45Z INFO ResultServer] Attempting to start websocket client with delay 00:00:00.
[2025-10-06 08:17:45Z INFO JobServerQueue] Start process web console line queue.
[2025-10-06 08:17:45Z INFO JobServerQueue] Start process file upload queue.
[2025-10-06 08:17:45Z INFO JobServerQueue] Start results file upload queue.
[2025-10-06 08:17:45Z INFO JobServerQueue] Starting results-based upload queue...
[2025-10-06 08:17:45Z INFO JobServerQueue] Start process timeline update queue.
[2025-10-06 08:17:45Z INFO ExecutionContext] Initializing Job context
[2025-10-06 08:17:45Z INFO ExecutionContext] Initialize GitHub context
[2025-10-06 08:17:45Z INFO ExecutionContext] Initialize Env context
[2025-10-06 08:17:45Z INFO HostContext] Well known directory 'Bin': '/Users/jnalair/quiet-reference-site/actions-runner/bin'
[2025-10-06 08:17:45Z INFO HostContext] Well known directory 'Root': '/Users/jnalair/quiet-reference-site/actions-runner'
[2025-10-06 08:17:45Z INFO HostContext] Well known directory 'Diag': '/Users/jnalair/quiet-reference-site/actions-runner/_diag'
[2025-10-06 08:17:45Z INFO HostContext] Well known directory 'Bin': '/Users/jnalair/quiet-reference-site/actions-runner/bin'
[2025-10-06 08:17:45Z INFO HostContext] Well known directory 'Root': '/Users/jnalair/quiet-reference-site/actions-runner'
[2025-10-06 08:17:45Z INFO HostContext] Well known directory 'Diag': '/Users/jnalair/quiet-reference-site/actions-runner/_diag'
[2025-10-06 08:17:45Z INFO JobRunner] Starting the job execution context.
[2025-10-06 08:17:45Z INFO HostContext] Well known directory 'Bin': '/Users/jnalair/quiet-reference-site/actions-runner/bin'
[2025-10-06 08:17:45Z INFO HostContext] Well known directory 'Root': '/Users/jnalair/quiet-reference-site/actions-runner'
[2025-10-06 08:17:45Z INFO HostContext] Well known directory 'Work': '/Users/jnalair/quiet-reference-site/actions-runner/_work'
[2025-10-06 08:17:45Z INFO JobRunner] Validating directory permissions for: '/Users/jnalair/quiet-reference-site/actions-runner/_work'
[2025-10-06 08:17:45Z INFO HostContext] Well known directory 'Bin': '/Users/jnalair/quiet-reference-site/actions-runner/bin'
[2025-10-06 08:17:45Z INFO HostContext] Well known directory 'Root': '/Users/jnalair/quiet-reference-site/actions-runner'
[2025-10-06 08:17:45Z INFO HostContext] Well known directory 'Work': '/Users/jnalair/quiet-reference-site/actions-runner/_work'
[2025-10-06 08:17:45Z INFO HostContext] Well known directory 'Tools': '/Users/jnalair/quiet-reference-site/actions-runner/_work/_tool'
[2025-10-06 08:17:45Z INFO HostContext] Well known directory 'Bin': '/Users/jnalair/quiet-reference-site/actions-runner/bin'
[2025-10-06 08:17:45Z INFO HostContext] Well known directory 'Root': '/Users/jnalair/quiet-reference-site/actions-runner'
[2025-10-06 08:17:45Z INFO HostContext] Well known directory 'Work': '/Users/jnalair/quiet-reference-site/actions-runner/_work'
[2025-10-06 08:17:45Z INFO HostContext] Well known directory 'Temp': '/Users/jnalair/quiet-reference-site/actions-runner/_work/_temp'
[2025-10-06 08:17:46Z INFO JobRunner] Getting job extension.
[2025-10-06 08:17:46Z INFO JobRunner] Initialize job. Getting all job steps.
[2025-10-06 08:17:46Z INFO HostContext] Well known directory 'Bin': '/Users/jnalair/quiet-reference-site/actions-runner/bin'
[2025-10-06 08:17:46Z INFO HostContext] Well known directory 'Root': '/Users/jnalair/quiet-reference-site/actions-runner'
[2025-10-06 08:17:46Z INFO HostContext] Well known directory 'Diag': '/Users/jnalair/quiet-reference-site/actions-runner/_diag'
[2025-10-06 08:17:46Z INFO HostContext] Well known directory 'Bin': '/Users/jnalair/quiet-reference-site/actions-runner/bin'
[2025-10-06 08:17:46Z INFO HostContext] Well known directory 'Root': '/Users/jnalair/quiet-reference-site/actions-runner'
[2025-10-06 08:17:46Z INFO HostContext] Well known directory 'Diag': '/Users/jnalair/quiet-reference-site/actions-runner/_diag'
[2025-10-06 08:17:46Z INFO HostContext] Well known directory 'Bin': '/Users/jnalair/quiet-reference-site/actions-runner/bin'
[2025-10-06 08:17:46Z INFO HostContext] Well known directory 'Root': '/Users/jnalair/quiet-reference-site/actions-runner'
[2025-10-06 08:17:46Z INFO HostContext] Well known config file 'Credentials': '/Users/jnalair/quiet-reference-site/actions-runner/.credentials'
[2025-10-06 08:17:46Z INFO HostContext] Well known directory 'Bin': '/Users/jnalair/quiet-reference-site/actions-runner/bin'
[2025-10-06 08:17:46Z INFO HostContext] Well known directory 'Root': '/Users/jnalair/quiet-reference-site/actions-runner'
[2025-10-06 08:17:46Z INFO HostContext] Well known config file 'SetupInfo': '/Users/jnalair/quiet-reference-site/actions-runner/.setup_info'
[2025-10-06 08:17:46Z INFO HostContext] Well known directory 'Bin': '/Users/jnalair/quiet-reference-site/actions-runner/bin'
[2025-10-06 08:17:46Z INFO HostContext] Well known directory 'Root': '/Users/jnalair/quiet-reference-site/actions-runner'
[2025-10-06 08:17:46Z INFO HostContext] Well known directory 'Work': '/Users/jnalair/quiet-reference-site/actions-runner/_work'
[2025-10-06 08:17:46Z INFO PipelineDirectoryManager] Loading tracking config if exists: /Users/jnalair/quiet-reference-site/actions-runner/_work/_PipelineMapping/Vodkashot28/quiet-reference-site/PipelineFolder.json
[2025-10-06 08:17:46Z INFO PipelineDirectoryManager] Updating job run properties.
[2025-10-06 08:17:46Z INFO HostContext] Well known directory 'Bin': '/Users/jnalair/quiet-reference-site/actions-runner/bin'
[2025-10-06 08:17:46Z INFO HostContext] Well known directory 'Root': '/Users/jnalair/quiet-reference-site/actions-runner'
[2025-10-06 08:17:46Z INFO HostContext] Well known directory 'Work': '/Users/jnalair/quiet-reference-site/actions-runner/_work'
[2025-10-06 08:17:46Z INFO HostContext] Well known directory 'Bin': '/Users/jnalair/quiet-reference-site/actions-runner/bin'
[2025-10-06 08:17:46Z INFO HostContext] Well known directory 'Root': '/Users/jnalair/quiet-reference-site/actions-runner'
[2025-10-06 08:17:46Z INFO HostContext] Well known directory 'Work': '/Users/jnalair/quiet-reference-site/actions-runner/_work'
[2025-10-06 08:17:46Z INFO HostContext] Well known directory 'Bin': '/Users/jnalair/quiet-reference-site/actions-runner/bin'
[2025-10-06 08:17:46Z INFO HostContext] Well known directory 'Root': '/Users/jnalair/quiet-reference-site/actions-runner'
[2025-10-06 08:17:46Z INFO HostContext] Well known directory 'Work': '/Users/jnalair/quiet-reference-site/actions-runner/_work'
[2025-10-06 08:17:46Z INFO JobExtension] Downloading actions
[2025-10-06 08:17:46Z INFO HostContext] Well known directory 'Bin': '/Users/jnalair/quiet-reference-site/actions-runner/bin'
[2025-10-06 08:17:46Z INFO HostContext] Well known directory 'Root': '/Users/jnalair/quiet-reference-site/actions-runner'
[2025-10-06 08:17:46Z INFO HostContext] Well known directory 'Work': '/Users/jnalair/quiet-reference-site/actions-runner/_work'
[2025-10-06 08:17:46Z INFO HostContext] Well known directory 'Actions': '/Users/jnalair/quiet-reference-site/actions-runner/_work/_actions'
[2025-10-06 08:17:46Z INFO Worker] Listening for cancel message from the channel.
[2025-10-06 08:17:46Z INFO Worker] Waiting for the job to complete or for a cancel message from the channel.
[2025-10-06 08:17:47Z INFO ResultServer] Successfully started websocket client.
[2025-10-06 08:17:47Z INFO JobServerQueue] Try to append 1 batches web console lines for record 'cd5e1d7c-70cb-5261-9a26-ae8aecfcf123', success rate: 1/1.
[2025-10-06 08:17:47Z INFO JobServerQueue] Try to append 1 batches web console lines for record '3930bb25-4d04-492a-99cd-38d0399017bb', success rate: 1/1.
[2025-10-06 08:17:47Z INFO JobServerQueue] Job timeline record has been updated for the first time.
[2025-10-06 08:17:48Z INFO HostContext] Well known directory 'Bin': '/Users/jnalair/quiet-reference-site/actions-runner/bin'
[2025-10-06 08:17:48Z INFO HostContext] Well known directory 'Root': '/Users/jnalair/quiet-reference-site/actions-runner'
[2025-10-06 08:17:48Z INFO HostContext] Well known directory 'Work': '/Users/jnalair/quiet-reference-site/actions-runner/_work'
[2025-10-06 08:17:48Z INFO HostContext] Well known directory 'Actions': '/Users/jnalair/quiet-reference-site/actions-runner/_work/_actions'
[2025-10-06 08:17:48Z INFO HostContext] Well known directory 'Bin': '/Users/jnalair/quiet-reference-site/actions-runner/bin'
[2025-10-06 08:17:48Z INFO HostContext] Well known directory 'Root': '/Users/jnalair/quiet-reference-site/actions-runner'
[2025-10-06 08:17:48Z INFO HostContext] Well known directory 'Work': '/Users/jnalair/quiet-reference-site/actions-runner/_work'
[2025-10-06 08:17:48Z INFO HostContext] Well known directory 'Actions': '/Users/jnalair/quiet-reference-site/actions-runner/_work/_actions'
[2025-10-06 08:17:48Z INFO ActionManager] Save archive 'https://api.github.com/repos/actions/checkout/tarball/f43a0e5ff2bd294095638e18286ca9a3d1956744' into /Users/jnalair/quiet-reference-site/actions-runner/_work/_actions/_temp_3e50cb10-6e23-4214-9a8a-cfcb99e95a7f/4057da64-52e7-42a2-96e0-3de97d744a1c.tar.gz.
[2025-10-06 08:17:48Z INFO JobServerQueue] Try to append 1 batches web console lines for record '3930bb25-4d04-492a-99cd-38d0399017bb', success rate: 1/1.
[2025-10-06 08:17:51Z INFO ActionManager] Request URL: https://api.github.com/repos/actions/checkout/tarball/f43a0e5ff2bd294095638e18286ca9a3d1956744 X-GitHub-Request-Id: E992:198BDC:FFB38:39DC64:68E37B2E Http Status: OK
[2025-10-06 08:17:51Z INFO ActionManager] Which2: 'tar'
[2025-10-06 08:17:51Z INFO ActionManager] Location: '/usr/bin/tar'
[2025-10-06 08:17:51Z INFO ProcessInvokerWrapper] Starting process:
[2025-10-06 08:17:51Z INFO ProcessInvokerWrapper]   File name: '/usr/bin/tar'
[2025-10-06 08:17:51Z INFO ProcessInvokerWrapper]   Arguments: '-xzf "/Users/jnalair/quiet-reference-site/actions-runner/_work/_actions/_temp_3e50cb10-6e23-4214-9a8a-cfcb99e95a7f/4057da64-52e7-42a2-96e0-3de97d744a1c.tar.gz"'
[2025-10-06 08:17:51Z INFO ProcessInvokerWrapper]   Working directory: '/Users/jnalair/quiet-reference-site/actions-runner/_work/_actions/_temp_3e50cb10-6e23-4214-9a8a-cfcb99e95a7f/_staging'
[2025-10-06 08:17:51Z INFO ProcessInvokerWrapper]   Require exit code zero: 'False'
[2025-10-06 08:17:51Z INFO ProcessInvokerWrapper]   Encoding web name:  ; code page: ''
[2025-10-06 08:17:51Z INFO ProcessInvokerWrapper]   Force kill process on cancellation: 'False'
[2025-10-06 08:17:51Z INFO ProcessInvokerWrapper]   Redirected STDIN: 'False'
[2025-10-06 08:17:51Z INFO ProcessInvokerWrapper]   Persist current code page: 'False'
[2025-10-06 08:17:51Z INFO ProcessInvokerWrapper]   Keep redirected STDIN open: 'False'
[2025-10-06 08:17:51Z INFO ProcessInvokerWrapper]   High priority process: 'False'
[2025-10-06 08:17:51Z INFO ProcessInvokerWrapper] Process started with process id 32398, waiting for process exit.
[2025-10-06 08:17:51Z INFO JobServerQueue] Try to append 1 batches web console lines for record '3930bb25-4d04-492a-99cd-38d0399017bb', success rate: 1/1.
[2025-10-06 08:17:51Z INFO ProcessInvokerWrapper] STDOUT/STDERR stream read finished.
[2025-10-06 08:17:51Z INFO ProcessInvokerWrapper] STDOUT/STDERR stream read finished.
[2025-10-06 08:17:51Z INFO ProcessInvokerWrapper] Finished process 32398 with exit code 0, and elapsed time 00:00:00.0953242.
[2025-10-06 08:17:51Z INFO ActionManager] Finished getting action repository.
[2025-10-06 08:17:51Z INFO HostContext] Well known directory 'Bin': '/Users/jnalair/quiet-reference-site/actions-runner/bin'
[2025-10-06 08:17:51Z INFO HostContext] Well known directory 'Root': '/Users/jnalair/quiet-reference-site/actions-runner'
[2025-10-06 08:17:51Z INFO HostContext] Well known directory 'Work': '/Users/jnalair/quiet-reference-site/actions-runner/_work'
[2025-10-06 08:17:51Z INFO HostContext] Well known directory 'Actions': '/Users/jnalair/quiet-reference-site/actions-runner/_work/_actions'
[2025-10-06 08:17:51Z INFO ActionManifestManager] Load schema file with definitions: [
  "null",
  "boolean",
  "number",
  "string",
  "sequence",
  "mapping",
  "any",
  "action-root",
  "inputs",
  "input",
  "outputs",
  "output-definition",
  "runs",
  "container-runs",
  "container-runs-args",
  "container-runs-env",
  "node-runs",
  "plugin-runs",
  "composite-runs",
  "composite-steps",
  "composite-step",
  "run-step",
  "uses-step",
  "container-runs-context",
  "output-value",
  "input-default-context",
  "non-empty-string",
  "string-steps-context",
  "boolean-steps-context",
  "step-env",
  "step-if",
  "step-with"
]
[2025-10-06 08:17:51Z INFO HostContext] Well known directory 'Bin': '/Users/jnalair/quiet-reference-site/actions-runner/bin'
[2025-10-06 08:17:51Z INFO HostContext] Well known directory 'Root': '/Users/jnalair/quiet-reference-site/actions-runner'
[2025-10-06 08:17:51Z INFO HostContext] Well known directory 'Work': '/Users/jnalair/quiet-reference-site/actions-runner/_work'
[2025-10-06 08:17:51Z INFO HostContext] Well known directory 'Actions': '/Users/jnalair/quiet-reference-site/actions-runner/_work/_actions'
[2025-10-06 08:17:51Z INFO ActionManifestManager] Loaded action.yml file: {
  "name": "Checkout",
  "description": "Checkout a Git repository at a particular version",
  "inputs": {
    "type": 2,
    "map": [
      {
        "key": {
          "type": 0,
          "file": 2,
          "line": 4,
          "col": 3,
          "lit": "repository"
        },
        "value": {
          "type": 3,
          "file": 2,
          "line": 6,
          "col": 14,
          "expr": "github.repository"
        }
      },
      {
        "key": {
          "type": 0,
          "file": 2,
          "line": 7,
          "col": 3,
          "lit": "ref"
        },
        "value": ""
      },
      {
        "key": {
          "type": 0,
          "file": 2,
          "line": 12,
          "col": 3,
          "lit": "token"
        },
        "value": {
          "type": 3,
          "file": 2,
          "line": 24,
          "col": 14,
          "expr": "github.token"
        }
      },
      {
        "key": {
          "type": 0,
          "file": 2,
          "line": 25,
          "col": 3,
          "lit": "ssh-key"
        },
        "value": ""
      },
      {
        "key": {
          "type": 0,
          "file": 2,
          "line": 37,
          "col": 3,
          "lit": "ssh-known-hosts"
        },
        "value": ""
      },
      {
        "key": {
          "type": 0,
          "file": 2,
          "line": 42,
          "col": 3,
          "lit": "ssh-strict"
        },
        "value": {
          "type": 0,
          "file": 2,
          "line": 47,
          "col": 14,
          "lit": "true"
        }
      },
      {
        "key": {
          "type": 0,
          "file": 2,
          "line": 48,
          "col": 3,
          "lit": "persist-credentials"
        },
        "value": {
          "type": 0,
          "file": 2,
          "line": 50,
          "col": 14,
          "lit": "true"
        }
      },
      {
        "key": {
          "type": 0,
          "file": 2,
          "line": 51,
          "col": 3,
          "lit": "path"
        },
        "value": ""
      },
      {
        "key": {
          "type": 0,
          "file": 2,
          "line": 53,
          "col": 3,
          "lit": "clean"
        },
        "value": {
          "type": 0,
          "file": 2,
          "line": 55,
          "col": 14,
          "lit": "true"
        }
      },
      {
        "key": {
          "type": 0,
          "file": 2,
          "line": 56,
          "col": 3,
          "lit": "sparse-checkout"
        },
        "value": {
          "type": 0,
          "file": 2,
          "line": 60,
          "col": 14,
          "lit": ""
        }
      },
      {
        "key": {
          "type": 0,
          "file": 2,
          "line": 61,
          "col": 3,
          "lit": "sparse-checkout-cone-mode"
        },
        "value": {
          "type": 0,
          "file": 2,
          "line": 64,
          "col": 14,
          "lit": "true"
        }
      },
      {
        "key": {
          "type": 0,
          "file": 2,
          "line": 65,
          "col": 3,
          "lit": "fetch-depth"
        },
        "value": {
          "type": 0,
          "file": 2,
          "line": 67,
          "col": 14,
          "lit": "1"
        }
      },
      {
        "key": {
          "type": 0,
          "file": 2,
          "line": 68,
          "col": 3,
          "lit": "fetch-tags"
        },
        "value": {
          "type": 0,
          "file": 2,
          "line": 70,
          "col": 14,
          "lit": "false"
        }
      },
      {
        "key": {
          "type": 0,
          "file": 2,
          "line": 71,
          "col": 3,
          "lit": "lfs"
        },
        "value": {
          "type": 0,
          "file": 2,
          "line": 73,
          "col": 14,
          "lit": "false"
        }
      },
      {
        "key": {
          "type": 0,
          "file": 2,
          "line": 74,
          "col": 3,
          "lit": "submodules"
        },
        "value": {
          "type": 0,
          "file": 2,
          "line": 82,
          "col": 14,
          "lit": "false"
        }
      },
      {
        "key": {
          "type": 0,
          "file": 2,
          "line": 83,
          "col": 3,
          "lit": "set-safe-directory"
        },
        "value": {
          "type": 0,
          "file": 2,
          "line": 85,
          "col": 14,
          "lit": "true"
        }
      },
      {
        "key": {
          "type": 0,
          "file": 2,
          "line": 86,
          "col": 3,
          "lit": "github-server-url"
        },
        "value": ""
      }
    ]
  },
  "execution": {
    "executionType": "nodeJS",
    "hasPre": false,
    "hasPost": true,
    "script": "dist/index.js",
    "pre": null,
    "post": "dist/index.js",
    "nodeVersion": "node16",
    "cleanupCondition": "always()",
    "initCondition": "always()"
  },
  "deprecated": null
}
[2025-10-06 08:17:51Z INFO ActionManager] Action node.js file: dist/index.js, no more preparation.
[2025-10-06 08:17:51Z INFO HostContext] Well known directory 'Bin': '/Users/jnalair/quiet-reference-site/actions-runner/bin'
[2025-10-06 08:17:51Z INFO HostContext] Well known directory 'Root': '/Users/jnalair/quiet-reference-site/actions-runner'
[2025-10-06 08:17:51Z INFO HostContext] Well known directory 'Work': '/Users/jnalair/quiet-reference-site/actions-runner/_work'
[2025-10-06 08:17:51Z INFO HostContext] Well known directory 'Actions': '/Users/jnalair/quiet-reference-site/actions-runner/_work/_actions'
[2025-10-06 08:17:51Z INFO ActionManager] Load action that reference repository from '/Users/jnalair/quiet-reference-site/actions-runner/_work/_actions/actions/checkout/v3'
[2025-10-06 08:17:51Z INFO HostContext] Well known directory 'Bin': '/Users/jnalair/quiet-reference-site/actions-runner/bin'
[2025-10-06 08:17:51Z INFO HostContext] Well known directory 'Root': '/Users/jnalair/quiet-reference-site/actions-runner'
[2025-10-06 08:17:51Z INFO HostContext] Well known directory 'Work': '/Users/jnalair/quiet-reference-site/actions-runner/_work'
[2025-10-06 08:17:51Z INFO HostContext] Well known directory 'Actions': '/Users/jnalair/quiet-reference-site/actions-runner/_work/_actions'
[2025-10-06 08:17:51Z INFO ActionManifestManager] Loaded action.yml file: {
  "name": "Checkout",
  "description": "Checkout a Git repository at a particular version",
  "inputs": {
    "type": 2,
    "map": [
      {
        "key": {
          "type": 0,
          "file": 2,
          "line": 4,
          "col": 3,
          "lit": "repository"
        },
        "value": {
          "type": 3,
          "file": 2,
          "line": 6,
          "col": 14,
          "expr": "github.repository"
        }
      },
      {
        "key": {
          "type": 0,
          "file": 2,
          "line": 7,
          "col": 3,
          "lit": "ref"
        },
        "value": ""
      },
      {
        "key": {
          "type": 0,
          "file": 2,
          "line": 12,
          "col": 3,
          "lit": "token"
        },
        "value": {
          "type": 3,
          "file": 2,
          "line": 24,
          "col": 14,
          "expr": "github.token"
        }
      },
      {
        "key": {
          "type": 0,
          "file": 2,
          "line": 25,
          "col": 3,
          "lit": "ssh-key"
        },
        "value": ""
      },
      {
        "key": {
          "type": 0,
          "file": 2,
          "line": 37,
          "col": 3,
          "lit": "ssh-known-hosts"
        },
        "value": ""
      },
      {
        "key": {
          "type": 0,
          "file": 2,
          "line": 42,
          "col": 3,
          "lit": "ssh-strict"
        },
        "value": {
          "type": 0,
          "file": 2,
          "line": 47,
          "col": 14,
          "lit": "true"
        }
      },
      {
        "key": {
          "type": 0,
          "file": 2,
          "line": 48,
          "col": 3,
          "lit": "persist-credentials"
        },
        "value": {
          "type": 0,
          "file": 2,
          "line": 50,
          "col": 14,
          "lit": "true"
        }
      },
      {
        "key": {
          "type": 0,
          "file": 2,
          "line": 51,
          "col": 3,
          "lit": "path"
        },
        "value": ""
      },
      {
        "key": {
          "type": 0,
          "file": 2,
          "line": 53,
          "col": 3,
          "lit": "clean"
        },
        "value": {
          "type": 0,
          "file": 2,
          "line": 55,
          "col": 14,
          "lit": "true"
        }
      },
      {
        "key": {
          "type": 0,
          "file": 2,
          "line": 56,
          "col": 3,
          "lit": "sparse-checkout"
        },
        "value": {
          "type": 0,
          "file": 2,
          "line": 60,
          "col": 14,
          "lit": ""
        }
      },
      {
        "key": {
          "type": 0,
          "file": 2,
          "line": 61,
          "col": 3,
          "lit": "sparse-checkout-cone-mode"
        },
        "value": {
          "type": 0,
          "file": 2,
          "line": 64,
          "col": 14,
          "lit": "true"
        }
      },
      {
        "key": {
          "type": 0,
          "file": 2,
          "line": 65,
          "col": 3,
          "lit": "fetch-depth"
        },
        "value": {
          "type": 0,
          "file": 2,
          "line": 67,
          "col": 14,
          "lit": "1"
        }
      },
      {
        "key": {
          "type": 0,
          "file": 2,
          "line": 68,
          "col": 3,
          "lit": "fetch-tags"
        },
        "value": {
          "type": 0,
          "file": 2,
          "line": 70,
          "col": 14,
          "lit": "false"
        }
      },
      {
        "key": {
          "type": 0,
          "file": 2,
          "line": 71,
          "col": 3,
          "lit": "lfs"
        },
        "value": {
          "type": 0,
          "file": 2,
          "line": 73,
          "col": 14,
          "lit": "false"
        }
      },
      {
        "key": {
          "type": 0,
          "file": 2,
          "line": 74,
          "col": 3,
          "lit": "submodules"
        },
        "value": {
          "type": 0,
          "file": 2,
          "line": 82,
          "col": 14,
          "lit": "false"
        }
      },
      {
        "key": {
          "type": 0,
          "file": 2,
          "line": 83,
          "col": 3,
          "lit": "set-safe-directory"
        },
        "value": {
          "type": 0,
          "file": 2,
          "line": 85,
          "col": 14,
          "lit": "true"
        }
      },
      {
        "key": {
          "type": 0,
          "file": 2,
          "line": 86,
          "col": 3,
          "lit": "github-server-url"
        },
        "value": ""
      }
    ]
  },
  "execution": {
    "executionType": "nodeJS",
    "hasPre": false,
    "hasPost": true,
    "script": "dist/index.js",
    "pre": null,
    "post": "dist/index.js",
    "nodeVersion": "node16",
    "cleanupCondition": "always()",
    "initCondition": "always()"
  },
  "deprecated": null
}
[2025-10-06 08:17:51Z INFO ActionManager] Action pre node.js file: N/A.
[2025-10-06 08:17:51Z INFO ActionManager] Action node.js file: dist/index.js.
[2025-10-06 08:17:51Z INFO ActionManager] Action post node.js file: dist/index.js.
[2025-10-06 08:17:51Z INFO JobExtension] Adding .
[2025-10-06 08:17:51Z INFO JobExtension] Adding .
[2025-10-06 08:17:51Z INFO JobExtension] Adding .
[2025-10-06 08:17:51Z INFO HostContext] Well known directory 'Bin': '/Users/jnalair/quiet-reference-site/actions-runner/bin'
[2025-10-06 08:17:51Z INFO HostContext] Well known directory 'Root': '/Users/jnalair/quiet-reference-site/actions-runner'
[2025-10-06 08:17:51Z INFO HostContext] Well known directory 'Diag': '/Users/jnalair/quiet-reference-site/actions-runner/_diag'
[2025-10-06 08:17:51Z INFO HostContext] Well known directory 'Bin': '/Users/jnalair/quiet-reference-site/actions-runner/bin'
[2025-10-06 08:17:51Z INFO HostContext] Well known directory 'Root': '/Users/jnalair/quiet-reference-site/actions-runner'
[2025-10-06 08:17:51Z INFO HostContext] Well known directory 'Diag': '/Users/jnalair/quiet-reference-site/actions-runner/_diag'
[2025-10-06 08:17:51Z INFO HostContext] Well known directory 'Bin': '/Users/jnalair/quiet-reference-site/actions-runner/bin'
[2025-10-06 08:17:51Z INFO HostContext] Well known directory 'Root': '/Users/jnalair/quiet-reference-site/actions-runner'
[2025-10-06 08:17:51Z INFO HostContext] Well known directory 'Diag': '/Users/jnalair/quiet-reference-site/actions-runner/_diag'
[2025-10-06 08:17:51Z INFO HostContext] Well known directory 'Bin': '/Users/jnalair/quiet-reference-site/actions-runner/bin'
[2025-10-06 08:17:51Z INFO HostContext] Well known directory 'Root': '/Users/jnalair/quiet-reference-site/actions-runner'
[2025-10-06 08:17:51Z INFO HostContext] Well known directory 'Diag': '/Users/jnalair/quiet-reference-site/actions-runner/_diag'
[2025-10-06 08:17:51Z INFO HostContext] Well known directory 'Bin': '/Users/jnalair/quiet-reference-site/actions-runner/bin'
[2025-10-06 08:17:51Z INFO HostContext] Well known directory 'Root': '/Users/jnalair/quiet-reference-site/actions-runner'
[2025-10-06 08:17:51Z INFO HostContext] Well known directory 'Diag': '/Users/jnalair/quiet-reference-site/actions-runner/_diag'
[2025-10-06 08:17:51Z INFO HostContext] Well known directory 'Bin': '/Users/jnalair/quiet-reference-site/actions-runner/bin'
[2025-10-06 08:17:51Z INFO HostContext] Well known directory 'Root': '/Users/jnalair/quiet-reference-site/actions-runner'
[2025-10-06 08:17:51Z INFO HostContext] Well known directory 'Diag': '/Users/jnalair/quiet-reference-site/actions-runner/_diag'
[2025-10-06 08:17:51Z INFO JobExtension] Total accessible running process: 264.
[2025-10-06 08:17:51Z INFO HostContext] Well known directory 'Bin': '/Users/jnalair/quiet-reference-site/actions-runner/bin'
[2025-10-06 08:17:51Z INFO HostContext] Well known directory 'Root': '/Users/jnalair/quiet-reference-site/actions-runner'
[2025-10-06 08:17:51Z INFO HostContext] Well known directory 'Work': '/Users/jnalair/quiet-reference-site/actions-runner/_work'
[2025-10-06 08:17:51Z INFO JobExtension] Start checking service connectivity in background.
[2025-10-06 08:17:51Z INFO ExecutionContext] Publish step telemetry for current step {
  "action": "setup_job",
  "type": "runner",
  "stage": "Pre",
  "stepId": "3930bb25-4d04-492a-99cd-38d0399017bb",
  "result": "succeeded",
  "errorMessages": [],
  "executionTimeInSeconds": 6,
  "startTime": "2025-10-06T08:17:46.016485Z",
  "finishTime": "2025-10-06T08:17:51.468803Z"
}.
[2025-10-06 08:17:51Z INFO JobRunner] Total job steps: 3.
[2025-10-06 08:17:51Z INFO JobRunner] Run all job steps.
[2025-10-06 08:17:51Z INFO StepsRunner] Processing step: DisplayName='Checkout repo'
[2025-10-06 08:17:51Z INFO StepsRunner] Evaluating: success()
[2025-10-06 08:17:51Z INFO JobServerQueue] Try to append 1 batches web console lines for record '3930bb25-4d04-492a-99cd-38d0399017bb', success rate: 1/1.
[2025-10-06 08:17:51Z INFO JobServerQueue] Try to append 1 batches web console lines for record '842af281-52df-48db-b632-f520b8a01440', success rate: 1/1.
[2025-10-06 08:17:51Z INFO StepsRunner] Result: true
[2025-10-06 08:17:51Z INFO StepsRunner] Starting the step.
[2025-10-06 08:17:51Z INFO HostContext] Well known directory 'Bin': '/Users/jnalair/quiet-reference-site/actions-runner/bin'
[2025-10-06 08:17:51Z INFO HostContext] Well known directory 'Root': '/Users/jnalair/quiet-reference-site/actions-runner'
[2025-10-06 08:17:51Z INFO HostContext] Well known directory 'Work': '/Users/jnalair/quiet-reference-site/actions-runner/_work'
[2025-10-06 08:17:51Z INFO HostContext] Well known directory 'Actions': '/Users/jnalair/quiet-reference-site/actions-runner/_work/_actions'
[2025-10-06 08:17:51Z INFO ActionManager] Load action that reference repository from '/Users/jnalair/quiet-reference-site/actions-runner/_work/_actions/actions/checkout/v3'
[2025-10-06 08:17:51Z INFO HostContext] Well known directory 'Bin': '/Users/jnalair/quiet-reference-site/actions-runner/bin'
[2025-10-06 08:17:51Z INFO HostContext] Well known directory 'Root': '/Users/jnalair/quiet-reference-site/actions-runner'
[2025-10-06 08:17:51Z INFO HostContext] Well known directory 'Work': '/Users/jnalair/quiet-reference-site/actions-runner/_work'
[2025-10-06 08:17:51Z INFO HostContext] Well known directory 'Actions': '/Users/jnalair/quiet-reference-site/actions-runner/_work/_actions'
[2025-10-06 08:17:51Z INFO ActionManifestManager] Loaded action.yml file: {
  "name": "Checkout",
  "description": "Checkout a Git repository at a particular version",
  "inputs": {
    "type": 2,
    "map": [
      {
        "key": {
          "type": 0,
          "file": 2,
          "line": 4,
          "col": 3,
          "lit": "repository"
        },
        "value": {
          "type": 3,
          "file": 2,
          "line": 6,
          "col": 14,
          "expr": "github.repository"
        }
      },
      {
        "key": {
          "type": 0,
          "file": 2,
          "line": 7,
          "col": 3,
          "lit": "ref"
        },
        "value": ""
      },
      {
        "key": {
          "type": 0,
          "file": 2,
          "line": 12,
          "col": 3,
          "lit": "token"
        },
        "value": {
          "type": 3,
          "file": 2,
          "line": 24,
          "col": 14,
          "expr": "github.token"
        }
      },
      {
        "key": {
          "type": 0,
          "file": 2,
          "line": 25,
          "col": 3,
          "lit": "ssh-key"
        },
        "value": ""
      },
      {
        "key": {
          "type": 0,
          "file": 2,
          "line": 37,
          "col": 3,
          "lit": "ssh-known-hosts"
        },
        "value": ""
      },
      {
        "key": {
          "type": 0,
          "file": 2,
          "line": 42,
          "col": 3,
          "lit": "ssh-strict"
        },
        "value": {
          "type": 0,
          "file": 2,
          "line": 47,
          "col": 14,
          "lit": "true"
        }
      },
      {
        "key": {
          "type": 0,
          "file": 2,
          "line": 48,
          "col": 3,
          "lit": "persist-credentials"
        },
        "value": {
          "type": 0,
          "file": 2,
          "line": 50,
          "col": 14,
          "lit": "true"
        }
      },
      {
        "key": {
          "type": 0,
          "file": 2,
          "line": 51,
          "col": 3,
          "lit": "path"
        },
        "value": ""
      },
      {
        "key": {
          "type": 0,
          "file": 2,
          "line": 53,
          "col": 3,
          "lit": "clean"
        },
        "value": {
          "type": 0,
          "file": 2,
          "line": 55,
          "col": 14,
          "lit": "true"
        }
      },
      {
        "key": {
          "type": 0,
          "file": 2,
          "line": 56,
          "col": 3,
          "lit": "sparse-checkout"
        },
        "value": {
          "type": 0,
          "file": 2,
          "line": 60,
          "col": 14,
          "lit": ""
        }
      },
      {
        "key": {
          "type": 0,
          "file": 2,
          "line": 61,
          "col": 3,
          "lit": "sparse-checkout-cone-mode"
        },
        "value": {
          "type": 0,
          "file": 2,
          "line": 64,
          "col": 14,
          "lit": "true"
        }
      },
      {
        "key": {
          "type": 0,
          "file": 2,
          "line": 65,
          "col": 3,
          "lit": "fetch-depth"
        },
        "value": {
          "type": 0,
          "file": 2,
          "line": 67,
          "col": 14,
          "lit": "1"
        }
      },
      {
        "key": {
          "type": 0,
          "file": 2,
          "line": 68,
          "col": 3,
          "lit": "fetch-tags"
        },
        "value": {
          "type": 0,
          "file": 2,
          "line": 70,
          "col": 14,
          "lit": "false"
        }
      },
      {
        "key": {
          "type": 0,
          "file": 2,
          "line": 71,
          "col": 3,
          "lit": "lfs"
        },
        "value": {
          "type": 0,
          "file": 2,
          "line": 73,
          "col": 14,
          "lit": "false"
        }
      },
      {
        "key": {
          "type": 0,
          "file": 2,
          "line": 74,
          "col": 3,
          "lit": "submodules"
        },
        "value": {
          "type": 0,
          "file": 2,
          "line": 82,
          "col": 14,
          "lit": "false"
        }
      },
      {
        "key": {
          "type": 0,
          "file": 2,
          "line": 83,
          "col": 3,
          "lit": "set-safe-directory"
        },
        "value": {
          "type": 0,
          "file": 2,
          "line": 85,
          "col": 14,
          "lit": "true"
        }
      },
      {
        "key": {
          "type": 0,
          "file": 2,
          "line": 86,
          "col": 3,
          "lit": "github-server-url"
        },
        "value": ""
      }
    ]
  },
  "execution": {
    "executionType": "nodeJS",
    "hasPre": false,
    "hasPost": true,
    "script": "dist/index.js",
    "pre": null,
    "post": "dist/index.js",
    "nodeVersion": "node16",
    "cleanupCondition": "always()",
    "initCondition": "always()"
  },
  "deprecated": null
}
[2025-10-06 08:17:51Z INFO ActionManager] Action pre node.js file: N/A.
[2025-10-06 08:17:51Z INFO ActionManager] Action node.js file: dist/index.js.
[2025-10-06 08:17:51Z INFO ActionManager] Action post node.js file: dist/index.js.
[2025-10-06 08:17:51Z INFO ExecutionContext] Reserve record order 5 to 8 for post job actions.
[2025-10-06 08:17:51Z INFO HostContext] Well known directory 'Bin': '/Users/jnalair/quiet-reference-site/actions-runner/bin'
[2025-10-06 08:17:51Z INFO HostContext] Well known directory 'Root': '/Users/jnalair/quiet-reference-site/actions-runner'
[2025-10-06 08:17:51Z INFO HostContext] Well known directory 'Diag': '/Users/jnalair/quiet-reference-site/actions-runner/_diag'
[2025-10-06 08:17:51Z INFO HostContext] Well known directory 'Bin': '/Users/jnalair/quiet-reference-site/actions-runner/bin'
[2025-10-06 08:17:51Z INFO HostContext] Well known directory 'Root': '/Users/jnalair/quiet-reference-site/actions-runner'
[2025-10-06 08:17:51Z INFO HostContext] Well known directory 'Diag': '/Users/jnalair/quiet-reference-site/actions-runner/_diag'
[2025-10-06 08:17:51Z INFO HostContext] Well known directory 'Bin': '/Users/jnalair/quiet-reference-site/actions-runner/bin'
[2025-10-06 08:17:51Z INFO HostContext] Well known directory 'Root': '/Users/jnalair/quiet-reference-site/actions-runner'
[2025-10-06 08:17:51Z INFO HostContext] Well known directory 'Work': '/Users/jnalair/quiet-reference-site/actions-runner/_work'
[2025-10-06 08:17:51Z INFO HostContext] Well known directory 'Temp': '/Users/jnalair/quiet-reference-site/actions-runner/_work/_temp'
[2025-10-06 08:17:51Z INFO ExecutionContext] Write event payload to /Users/jnalair/quiet-reference-site/actions-runner/_work/_temp/_github_workflow/event.json
[2025-10-06 08:17:51Z INFO HostContext] Well known directory 'Bin': '/Users/jnalair/quiet-reference-site/actions-runner/bin'
[2025-10-06 08:17:51Z INFO HostContext] Well known directory 'Root': '/Users/jnalair/quiet-reference-site/actions-runner'
[2025-10-06 08:17:51Z INFO HostContext] Well known directory 'Work': '/Users/jnalair/quiet-reference-site/actions-runner/_work'
[2025-10-06 08:17:51Z INFO HostContext] Well known directory 'Temp': '/Users/jnalair/quiet-reference-site/actions-runner/_work/_temp'
[2025-10-06 08:17:51Z INFO ExtensionManager] Getting extensions for interface: 'GitHub.Runner.Worker.IFileCommandExtension'
[2025-10-06 08:17:51Z INFO ExtensionManager] Creating instance: GitHub.Runner.Worker.AddPathFileCommand, Runner.Worker
[2025-10-06 08:17:51Z INFO ExtensionManager] Creating instance: GitHub.Runner.Worker.SetEnvFileCommand, Runner.Worker
[2025-10-06 08:17:51Z INFO ExtensionManager] Creating instance: GitHub.Runner.Worker.CreateStepSummaryCommand, Runner.Worker
[2025-10-06 08:17:51Z INFO ExtensionManager] Creating instance: GitHub.Runner.Worker.SaveStateFileCommand, Runner.Worker
[2025-10-06 08:17:51Z INFO ExtensionManager] Creating instance: GitHub.Runner.Worker.SetOutputFileCommand, Runner.Worker
[2025-10-06 08:17:51Z INFO ActionManifestManager] Input 'repository': default value evaluate result: {
  "type": 0,
  "file": 2,
  "line": 6,
  "col": 14,
  "lit": "Vodkashot28/quiet-reference-site"
}
[2025-10-06 08:17:51Z INFO ActionManifestManager] Input 'ref': default value evaluate result: ""
[2025-10-06 08:17:51Z INFO ActionManifestManager] Input 'token': default value evaluate result: {
  "type": 0,
  "file": 2,
  "line": 24,
  "col": 14,
  "lit": "***"
}
[2025-10-06 08:17:51Z INFO ActionManifestManager] Input 'ssh-key': default value evaluate result: ""
[2025-10-06 08:17:51Z INFO ActionManifestManager] Input 'ssh-known-hosts': default value evaluate result: ""
[2025-10-06 08:17:51Z INFO ActionManifestManager] Input 'ssh-strict': default value evaluate result: {
  "type": 0,
  "file": 2,
  "line": 47,
  "col": 14,
  "lit": "true"
}
[2025-10-06 08:17:51Z INFO ActionManifestManager] Input 'persist-credentials': default value evaluate result: {
  "type": 0,
  "file": 2,
  "line": 50,
  "col": 14,
  "lit": "true"
}
[2025-10-06 08:17:51Z INFO ActionManifestManager] Input 'path': default value evaluate result: ""
[2025-10-06 08:17:51Z INFO ActionManifestManager] Input 'clean': default value evaluate result: {
  "type": 0,
  "file": 2,
  "line": 55,
  "col": 14,
  "lit": "true"
}
[2025-10-06 08:17:51Z INFO ActionManifestManager] Input 'sparse-checkout': default value evaluate result: {
  "type": 0,
  "file": 2,
  "line": 60,
  "col": 14,
  "lit": ""
}
[2025-10-06 08:17:51Z INFO ActionManifestManager] Input 'sparse-checkout-cone-mode': default value evaluate result: {
  "type": 0,
  "file": 2,
  "line": 64,
  "col": 14,
  "lit": "true"
}
[2025-10-06 08:17:51Z INFO ActionManifestManager] Input 'fetch-depth': default value evaluate result: {
  "type": 0,
  "file": 2,
  "line": 67,
  "col": 14,
  "lit": "1"
}
[2025-10-06 08:17:51Z INFO ActionManifestManager] Input 'fetch-tags': default value evaluate result: {
  "type": 0,
  "file": 2,
  "line": 70,
  "col": 14,
  "lit": "false"
}
[2025-10-06 08:17:51Z INFO ActionManifestManager] Input 'lfs': default value evaluate result: {
  "type": 0,
  "file": 2,
  "line": 73,
  "col": 14,
  "lit": "false"
}
[2025-10-06 08:17:51Z INFO ActionManifestManager] Input 'submodules': default value evaluate result: {
  "type": 0,
  "file": 2,
  "line": 82,
  "col": 14,
  "lit": "false"
}
[2025-10-06 08:17:51Z INFO ActionManifestManager] Input 'set-safe-directory': default value evaluate result: {
  "type": 0,
  "file": 2,
  "line": 85,
  "col": 14,
  "lit": "true"
}
[2025-10-06 08:17:51Z INFO ActionManifestManager] Input 'github-server-url': default value evaluate result: ""
[2025-10-06 08:17:51Z INFO ExtensionManager] Getting extensions for interface: 'GitHub.Runner.Worker.IActionCommandExtension'
[2025-10-06 08:17:51Z INFO ExtensionManager] Creating instance: GitHub.Runner.Worker.InternalPluginSetRepoPathCommandExtension, Runner.Worker
[2025-10-06 08:17:51Z INFO ExtensionManager] Creating instance: GitHub.Runner.Worker.SetEnvCommandExtension, Runner.Worker
[2025-10-06 08:17:51Z INFO ExtensionManager] Creating instance: GitHub.Runner.Worker.SetOutputCommandExtension, Runner.Worker
[2025-10-06 08:17:51Z INFO ExtensionManager] Creating instance: GitHub.Runner.Worker.SaveStateCommandExtension, Runner.Worker
[2025-10-06 08:17:51Z INFO ExtensionManager] Creating instance: GitHub.Runner.Worker.AddPathCommandExtension, Runner.Worker
[2025-10-06 08:17:51Z INFO ExtensionManager] Creating instance: GitHub.Runner.Worker.AddMaskCommandExtension, Runner.Worker
[2025-10-06 08:17:51Z INFO ExtensionManager] Creating instance: GitHub.Runner.Worker.AddMatcherCommandExtension, Runner.Worker
[2025-10-06 08:17:51Z INFO ExtensionManager] Creating instance: GitHub.Runner.Worker.RemoveMatcherCommandExtension, Runner.Worker
[2025-10-06 08:17:51Z INFO ExtensionManager] Creating instance: GitHub.Runner.Worker.WarningCommandExtension, Runner.Worker
[2025-10-06 08:17:51Z INFO ExtensionManager] Creating instance: GitHub.Runner.Worker.ErrorCommandExtension, Runner.Worker
[2025-10-06 08:17:51Z INFO ExtensionManager] Creating instance: GitHub.Runner.Worker.NoticeCommandExtension, Runner.Worker
[2025-10-06 08:17:51Z INFO ExtensionManager] Creating instance: GitHub.Runner.Worker.DebugCommandExtension, Runner.Worker
[2025-10-06 08:17:51Z INFO ExtensionManager] Creating instance: GitHub.Runner.Worker.GroupCommandExtension, Runner.Worker
[2025-10-06 08:17:51Z INFO ExtensionManager] Creating instance: GitHub.Runner.Worker.EndGroupCommandExtension, Runner.Worker
[2025-10-06 08:17:51Z INFO ExtensionManager] Creating instance: GitHub.Runner.Worker.EchoCommandExtension, Runner.Worker
[2025-10-06 08:17:51Z INFO ActionCommandManager] Register action command extension for command internal-set-repo-path
[2025-10-06 08:17:51Z INFO ActionCommandManager] Register action command extension for command set-env
[2025-10-06 08:17:51Z INFO ActionCommandManager] Register action command extension for command set-output
[2025-10-06 08:17:51Z INFO ActionCommandManager] Register action command extension for command save-state
[2025-10-06 08:17:51Z INFO ActionCommandManager] Register action command extension for command add-path
[2025-10-06 08:17:51Z INFO ActionCommandManager] Register action command extension for command add-mask
[2025-10-06 08:17:51Z INFO ActionCommandManager] Register action command extension for command add-matcher
[2025-10-06 08:17:51Z INFO ActionCommandManager] Register action command extension for command remove-matcher
[2025-10-06 08:17:51Z INFO ActionCommandManager] Register action command extension for command warning
[2025-10-06 08:17:51Z INFO ActionCommandManager] Register action command extension for command error
[2025-10-06 08:17:51Z INFO ActionCommandManager] Register action command extension for command notice
[2025-10-06 08:17:51Z INFO ActionCommandManager] Register action command extension for command debug
[2025-10-06 08:17:51Z INFO ActionCommandManager] Register action command extension for command group
[2025-10-06 08:17:51Z INFO ActionCommandManager] Register action command extension for command endgroup
[2025-10-06 08:17:51Z INFO ActionCommandManager] Register action command extension for command echo
[2025-10-06 08:17:51Z INFO HostContext] Well known directory 'Bin': '/Users/jnalair/quiet-reference-site/actions-runner/bin'
[2025-10-06 08:17:51Z INFO HostContext] Well known directory 'Root': '/Users/jnalair/quiet-reference-site/actions-runner'
[2025-10-06 08:17:51Z INFO HostContext] Well known directory 'Externals': '/Users/jnalair/quiet-reference-site/actions-runner/externals'
[2025-10-06 08:17:51Z INFO ProcessInvokerWrapper] Starting process:
[2025-10-06 08:17:51Z INFO ProcessInvokerWrapper]   File name: '/Users/jnalair/quiet-reference-site/actions-runner/externals/node20/bin/node'
[2025-10-06 08:17:51Z INFO ProcessInvokerWrapper]   Arguments: '"/Users/jnalair/quiet-reference-site/actions-runner/_work/_actions/actions/checkout/v3/dist/index.js"'
[2025-10-06 08:17:51Z INFO ProcessInvokerWrapper]   Working directory: '/Users/jnalair/quiet-reference-site/actions-runner/_work/quiet-reference-site/quiet-reference-site'
[2025-10-06 08:17:51Z INFO ProcessInvokerWrapper]   Require exit code zero: 'False'
[2025-10-06 08:17:51Z INFO ProcessInvokerWrapper]   Encoding web name:  ; code page: ''
[2025-10-06 08:17:51Z INFO ProcessInvokerWrapper]   Force kill process on cancellation: 'False'
[2025-10-06 08:17:51Z INFO ProcessInvokerWrapper]   Redirected STDIN: 'False'
[2025-10-06 08:17:51Z INFO ProcessInvokerWrapper]   Persist current code page: 'False'
[2025-10-06 08:17:51Z INFO ProcessInvokerWrapper]   Keep redirected STDIN open: 'False'
[2025-10-06 08:17:51Z INFO ProcessInvokerWrapper]   High priority process: 'False'
[2025-10-06 08:17:51Z INFO ProcessInvokerWrapper] Process started with process id 32403, waiting for process exit.
[2025-10-06 08:17:51Z INFO JobServerQueue] Try to append 1 batches web console lines for record '842af281-52df-48db-b632-f520b8a01440', success rate: 1/1.
[2025-10-06 08:17:51Z INFO JobServerQueue] Got a step log file to send to results service.
[2025-10-06 08:17:51Z INFO JobServerQueue] Try to upload 1 log files or attachments, success rate: 1/1.
[2025-10-06 08:17:51Z INFO JobServerQueue] Starting upload of step log file to results service ResultsLog, /Users/jnalair/quiet-reference-site/actions-runner/_diag/blocks/8400b63f-7616-4ca9-a415-919c366f2785_3930bb25-4d04-492a-99cd-38d0399017bb.1
[2025-10-06 08:17:52Z INFO AddMaskCommandExtension] Add new secret mask with length of 76
[2025-10-06 08:17:52Z INFO JobServerQueue] Try to append 1 batches web console lines for record '842af281-52df-48db-b632-f520b8a01440', success rate: 1/1.
[2025-10-06 08:17:52Z INFO JobServerQueue] Try to append 1 batches web console lines for record '842af281-52df-48db-b632-f520b8a01440', success rate: 1/1.
[2025-10-06 08:17:52Z INFO JobServerQueue] Try to append 6 batches web console lines for record '842af281-52df-48db-b632-f520b8a01440', success rate: 6/6.
[2025-10-06 08:17:53Z INFO JobServerQueue] Try to append 6 batches web console lines for record '842af281-52df-48db-b632-f520b8a01440', success rate: 6/6.
[2025-10-06 08:17:53Z INFO JobServerQueue] Try to append 6 batches web console lines for record '842af281-52df-48db-b632-f520b8a01440', success rate: 6/6.
[2025-10-06 08:17:53Z INFO JobServerQueue] Try to append 1 batches web console lines for record '842af281-52df-48db-b632-f520b8a01440', success rate: 1/1.
[2025-10-06 08:17:53Z INFO JobServerQueue] Try to append 2 batches web console lines for record '842af281-52df-48db-b632-f520b8a01440', success rate: 2/2.
[2025-10-06 08:17:54Z INFO JobServerQueue] Try to append 2 batches web console lines for record '842af281-52df-48db-b632-f520b8a01440', success rate: 2/2.
[2025-10-06 08:17:54Z INFO JobServerQueue] Try to append 6 batches web console lines for record '842af281-52df-48db-b632-f520b8a01440', success rate: 6/6.
[2025-10-06 08:17:54Z INFO JobServerQueue] Try to append 6 batches web console lines for record '842af281-52df-48db-b632-f520b8a01440', success rate: 6/6.
[2025-10-06 08:17:54Z INFO JobServerQueue] Try to append 1 batches web console lines for record '842af281-52df-48db-b632-f520b8a01440', success rate: 1/1.
[2025-10-06 08:17:55Z INFO JobServerQueue] Try to append 1 batches web console lines for record '842af281-52df-48db-b632-f520b8a01440', success rate: 1/1.
[2025-10-06 08:17:55Z INFO JobServerQueue] Tried to upload 1 file(s) to results, success rate: 1/1.
[2025-10-06 08:17:56Z INFO JobServerQueue] Try to append 1 batches web console lines for record '842af281-52df-48db-b632-f520b8a01440', success rate: 1/1.
[2025-10-06 08:17:56Z INFO JobServerQueue] Try to append 1 batches web console lines for record '842af281-52df-48db-b632-f520b8a01440', success rate: 1/1.
[2025-10-06 08:17:58Z INFO JobServerQueue] Try to append 1 batches web console lines for record '842af281-52df-48db-b632-f520b8a01440', success rate: 1/1.
[2025-10-06 08:17:58Z INFO JobServerQueue] Try to append 1 batches web console lines for record '842af281-52df-48db-b632-f520b8a01440', success rate: 1/1.
[2025-10-06 08:17:59Z INFO JobServerQueue] Try to append 1 batches web console lines for record '842af281-52df-48db-b632-f520b8a01440', success rate: 1/1.
[2025-10-06 08:17:59Z INFO ProcessInvokerWrapper] STDOUT/STDERR stream read finished.
[2025-10-06 08:17:59Z INFO ProcessInvokerWrapper] STDOUT/STDERR stream read finished.
[2025-10-06 08:17:59Z INFO ProcessInvokerWrapper] Finished process 32403 with exit code 0, and elapsed time 00:00:08.3957359.
[2025-10-06 08:17:59Z INFO CreateStepSummaryCommand] Step Summary file (/Users/jnalair/quiet-reference-site/actions-runner/_work/_temp/_runner_file_commands/step_summary_9d8595ee-9c83-44b2-b833-03db31d79630) is empty; skipping attachment upload
[2025-10-06 08:17:59Z INFO StepsRunner] Step result: 
[2025-10-06 08:17:59Z INFO ExecutionContext] Publish step telemetry for current step {
  "action": "actions/checkout",
  "ref": "v3",
  "type": "node20",
  "stage": "Main",
  "stepId": "842af281-52df-48db-b632-f520b8a01440",
  "stepContextName": "__actions_checkout",
  "hasPreStep": false,
  "hasPostStep": true,
  "result": "succeeded",
  "errorMessages": [],
  "executionTimeInSeconds": 9,
  "startTime": "2025-10-06T08:17:51.488391Z",
  "finishTime": "2025-10-06T08:17:59.987861Z"
}.
[2025-10-06 08:17:59Z INFO StepsRunner] No need for updating job result with current step result 'Succeeded'.
[2025-10-06 08:17:59Z INFO StepsRunner] Current state: job state = ''
[2025-10-06 08:17:59Z INFO StepsRunner] Processing step: DisplayName='Install Hugo'
[2025-10-06 08:17:59Z INFO StepsRunner] Evaluating: success()
[2025-10-06 08:17:59Z INFO StepsRunner] Result: true
[2025-10-06 08:17:59Z INFO StepsRunner] Starting the step.
[2025-10-06 08:18:00Z INFO HostContext] Well known directory 'Bin': '/Users/jnalair/quiet-reference-site/actions-runner/bin'
[2025-10-06 08:18:00Z INFO HostContext] Well known directory 'Root': '/Users/jnalair/quiet-reference-site/actions-runner'
[2025-10-06 08:18:00Z INFO HostContext] Well known directory 'Work': '/Users/jnalair/quiet-reference-site/actions-runner/_work'
[2025-10-06 08:18:00Z INFO HostContext] Well known directory 'Temp': '/Users/jnalair/quiet-reference-site/actions-runner/_work/_temp'
[2025-10-06 08:18:00Z INFO ExecutionContext] Write event payload to /Users/jnalair/quiet-reference-site/actions-runner/_work/_temp/_github_workflow/event.json
[2025-10-06 08:18:00Z INFO HostContext] Well known directory 'Bin': '/Users/jnalair/quiet-reference-site/actions-runner/bin'
[2025-10-06 08:18:00Z INFO HostContext] Well known directory 'Root': '/Users/jnalair/quiet-reference-site/actions-runner'
[2025-10-06 08:18:00Z INFO HostContext] Well known directory 'Work': '/Users/jnalair/quiet-reference-site/actions-runner/_work'
[2025-10-06 08:18:00Z INFO HostContext] Well known directory 'Temp': '/Users/jnalair/quiet-reference-site/actions-runner/_work/_temp'
[2025-10-06 08:18:00Z INFO ExtensionManager] Getting extensions for interface: 'GitHub.Runner.Worker.IFileCommandExtension'
[2025-10-06 08:18:00Z INFO ExtensionManager] Getting extensions for interface: 'GitHub.Runner.Worker.IActionCommandExtension'
[2025-10-06 08:18:00Z INFO ActionCommandManager] Register action command extension for command internal-set-repo-path
[2025-10-06 08:18:00Z INFO ActionCommandManager] Register action command extension for command set-env
[2025-10-06 08:18:00Z INFO ActionCommandManager] Register action command extension for command set-output
[2025-10-06 08:18:00Z INFO ActionCommandManager] Register action command extension for command save-state
[2025-10-06 08:18:00Z INFO ActionCommandManager] Register action command extension for command add-path
[2025-10-06 08:18:00Z INFO ActionCommandManager] Register action command extension for command add-mask
[2025-10-06 08:18:00Z INFO ActionCommandManager] Register action command extension for command add-matcher
[2025-10-06 08:18:00Z INFO ActionCommandManager] Register action command extension for command remove-matcher
[2025-10-06 08:18:00Z INFO ActionCommandManager] Register action command extension for command warning
[2025-10-06 08:18:00Z INFO ActionCommandManager] Register action command extension for command error
[2025-10-06 08:18:00Z INFO ActionCommandManager] Register action command extension for command notice
[2025-10-06 08:18:00Z INFO ActionCommandManager] Register action command extension for command debug
[2025-10-06 08:18:00Z INFO ActionCommandManager] Register action command extension for command group
[2025-10-06 08:18:00Z INFO ActionCommandManager] Register action command extension for command endgroup
[2025-10-06 08:18:00Z INFO ActionCommandManager] Register action command extension for command echo
[2025-10-06 08:18:00Z INFO ScriptHandler] Which2: 'bash'
[2025-10-06 08:18:00Z INFO ScriptHandler] Location: '/bin/bash'
[2025-10-06 08:18:00Z INFO HostContext] Well known directory 'Bin': '/Users/jnalair/quiet-reference-site/actions-runner/bin'
[2025-10-06 08:18:00Z INFO HostContext] Well known directory 'Root': '/Users/jnalair/quiet-reference-site/actions-runner'
[2025-10-06 08:18:00Z INFO HostContext] Well known directory 'Work': '/Users/jnalair/quiet-reference-site/actions-runner/_work'
[2025-10-06 08:18:00Z INFO HostContext] Well known directory 'Temp': '/Users/jnalair/quiet-reference-site/actions-runner/_work/_temp'
[2025-10-06 08:18:00Z INFO ScriptHandler] Which2: 'bash'
[2025-10-06 08:18:00Z INFO ScriptHandler] Location: '/bin/bash'
[2025-10-06 08:18:00Z INFO ProcessInvokerWrapper] Starting process:
[2025-10-06 08:18:00Z INFO ProcessInvokerWrapper]   File name: '/bin/bash'
[2025-10-06 08:18:00Z INFO ProcessInvokerWrapper]   Arguments: '-e /Users/jnalair/quiet-reference-site/actions-runner/_work/_temp/cc08f669-9be3-4d2c-a233-6446ca81bac6.sh'
[2025-10-06 08:18:00Z INFO ProcessInvokerWrapper]   Working directory: '/Users/jnalair/quiet-reference-site/actions-runner/_work/quiet-reference-site/quiet-reference-site'
[2025-10-06 08:18:00Z INFO ProcessInvokerWrapper]   Require exit code zero: 'False'
[2025-10-06 08:18:00Z INFO ProcessInvokerWrapper]   Encoding web name:  ; code page: ''
[2025-10-06 08:18:00Z INFO ProcessInvokerWrapper]   Force kill process on cancellation: 'False'
[2025-10-06 08:18:00Z INFO ProcessInvokerWrapper]   Redirected STDIN: 'False'
[2025-10-06 08:18:00Z INFO ProcessInvokerWrapper]   Persist current code page: 'False'
[2025-10-06 08:18:00Z INFO ProcessInvokerWrapper]   Keep redirected STDIN open: 'False'
[2025-10-06 08:18:00Z INFO ProcessInvokerWrapper]   High priority process: 'False'
[2025-10-06 08:18:00Z INFO ProcessInvokerWrapper] Process started with process id 32569, waiting for process exit.
[2025-10-06 08:18:00Z INFO JobServerQueue] Try to append 1 batches web console lines for record '842af281-52df-48db-b632-f520b8a01440', success rate: 1/1.
[2025-10-06 08:18:00Z INFO JobServerQueue] Try to append 1 batches web console lines for record '3998f9c7-b901-409e-b420-6a7c8ee88765', success rate: 1/1.
[2025-10-06 08:18:00Z INFO JobServerQueue] Got a step log file to send to results service.
[2025-10-06 08:18:00Z INFO JobServerQueue] Starting upload of step log file to results service ResultsLog, /Users/jnalair/quiet-reference-site/actions-runner/_diag/blocks/8400b63f-7616-4ca9-a415-919c366f2785_842af281-52df-48db-b632-f520b8a01440.1
[2025-10-06 08:18:00Z INFO JobServerQueue] Try to upload 1 log files or attachments, success rate: 1/1.
[2025-10-06 08:18:01Z INFO HostContext] Well known directory 'Bin': '/Users/jnalair/quiet-reference-site/actions-runner/bin'
[2025-10-06 08:18:01Z INFO HostContext] Well known directory 'Root': '/Users/jnalair/quiet-reference-site/actions-runner'
[2025-10-06 08:18:01Z INFO HostContext] Well known directory 'Work': '/Users/jnalair/quiet-reference-site/actions-runner/_work'
[2025-10-06 08:18:11Z INFO HostContext] Well known directory 'Bin': '/Users/jnalair/quiet-reference-site/actions-runner/bin'
[2025-10-06 08:18:11Z INFO HostContext] Well known directory 'Root': '/Users/jnalair/quiet-reference-site/actions-runner'
[2025-10-06 08:18:11Z INFO HostContext] Well known directory 'Work': '/Users/jnalair/quiet-reference-site/actions-runner/_work'
[2025-10-06 08:18:16Z INFO JobServerQueue] Tried to upload 1 file(s) to results, success rate: 1/1.
[2025-10-06 08:18:20Z INFO JobServerQueue] Try to append 1 batches web console lines for record '3998f9c7-b901-409e-b420-6a7c8ee88765', success rate: 1/1.
[2025-10-06 08:18:21Z INFO JobServerQueue] Try to append 1 batches web console lines for record '3998f9c7-b901-409e-b420-6a7c8ee88765', success rate: 1/1.
[2025-10-06 08:18:21Z INFO HostContext] Well known directory 'Bin': '/Users/jnalair/quiet-reference-site/actions-runner/bin'
[2025-10-06 08:18:21Z INFO HostContext] Well known directory 'Root': '/Users/jnalair/quiet-reference-site/actions-runner'
[2025-10-06 08:18:21Z INFO HostContext] Well known directory 'Work': '/Users/jnalair/quiet-reference-site/actions-runner/_work'
[2025-10-06 08:18:21Z INFO JobServerQueue] Try to append 1 batches web console lines for record '3998f9c7-b901-409e-b420-6a7c8ee88765', success rate: 1/1.
[2025-10-06 08:18:21Z INFO JobServerQueue] Try to append 1 batches web console lines for record '3998f9c7-b901-409e-b420-6a7c8ee88765', success rate: 1/1.
[2025-10-06 08:18:21Z INFO JobServerQueue] Try to append 1 batches web console lines for record '3998f9c7-b901-409e-b420-6a7c8ee88765', success rate: 1/1.
[2025-10-06 08:18:31Z INFO HostContext] Well known directory 'Bin': '/Users/jnalair/quiet-reference-site/actions-runner/bin'
[2025-10-06 08:18:31Z INFO HostContext] Well known directory 'Root': '/Users/jnalair/quiet-reference-site/actions-runner'
[2025-10-06 08:18:31Z INFO HostContext] Well known directory 'Work': '/Users/jnalair/quiet-reference-site/actions-runner/_work'
[2025-10-06 08:18:41Z INFO HostContext] Well known directory 'Bin': '/Users/jnalair/quiet-reference-site/actions-runner/bin'
[2025-10-06 08:18:41Z INFO HostContext] Well known directory 'Root': '/Users/jnalair/quiet-reference-site/actions-runner'
[2025-10-06 08:18:41Z INFO HostContext] Well known directory 'Work': '/Users/jnalair/quiet-reference-site/actions-runner/_work'
[2025-10-06 08:18:48Z INFO JobServerQueue] Stop aggressive process web console line queue.
[2025-10-06 08:18:51Z INFO HostContext] Well known directory 'Bin': '/Users/jnalair/quiet-reference-site/actions-runner/bin'
[2025-10-06 08:18:51Z INFO HostContext] Well known directory 'Root': '/Users/jnalair/quiet-reference-site/actions-runner'
[2025-10-06 08:18:51Z INFO HostContext] Well known directory 'Work': '/Users/jnalair/quiet-reference-site/actions-runner/_work'
[2025-10-06 08:19:01Z INFO HostContext] Well known directory 'Bin': '/Users/jnalair/quiet-reference-site/actions-runner/bin'
[2025-10-06 08:19:01Z INFO HostContext] Well known directory 'Root': '/Users/jnalair/quiet-reference-site/actions-runner'
[2025-10-06 08:19:01Z INFO HostContext] Well known directory 'Work': '/Users/jnalair/quiet-reference-site/actions-runner/_work'
[2025-10-06 08:19:11Z INFO HostContext] Well known directory 'Bin': '/Users/jnalair/quiet-reference-site/actions-runner/bin'
[2025-10-06 08:19:11Z INFO HostContext] Well known directory 'Root': '/Users/jnalair/quiet-reference-site/actions-runner'
[2025-10-06 08:19:11Z INFO HostContext] Well known directory 'Work': '/Users/jnalair/quiet-reference-site/actions-runner/_work'
[2025-10-06 08:19:11Z INFO ProcessInvokerWrapper] STDOUT/STDERR stream read finished.
[2025-10-06 08:19:11Z INFO ProcessInvokerWrapper] STDOUT/STDERR stream read finished.
[2025-10-06 08:19:11Z INFO ProcessInvokerWrapper] Finished process 32569 with exit code 0, and elapsed time 00:01:11.5988780.
[2025-10-06 08:19:11Z INFO CreateStepSummaryCommand] Step Summary file (/Users/jnalair/quiet-reference-site/actions-runner/_work/_temp/_runner_file_commands/step_summary_f56e26f9-ff0b-461b-bda4-58764fa8448d) is empty; skipping attachment upload
[2025-10-06 08:19:11Z INFO StepsRunner] Step result: 
[2025-10-06 08:19:11Z INFO ExecutionContext] Publish step telemetry for current step {
  "action": "sh",
  "type": "run",
  "stage": "Main",
  "stepId": "3998f9c7-b901-409e-b420-6a7c8ee88765",
  "stepContextName": "__run",
  "result": "succeeded",
  "errorMessages": [],
  "executionTimeInSeconds": 72,
  "startTime": "2025-10-06T08:17:59.991911Z",
  "finishTime": "2025-10-06T08:19:11.632386Z"
}.
[2025-10-06 08:19:11Z INFO StepsRunner] No need for updating job result with current step result 'Succeeded'.
[2025-10-06 08:19:11Z INFO StepsRunner] Current state: job state = ''
[2025-10-06 08:19:11Z INFO StepsRunner] Processing step: DisplayName='Build site'
[2025-10-06 08:19:11Z INFO StepsRunner] Evaluating: success()
[2025-10-06 08:19:11Z INFO StepsRunner] Result: true
[2025-10-06 08:19:11Z INFO StepsRunner] Starting the step.
[2025-10-06 08:19:11Z INFO HostContext] Well known directory 'Bin': '/Users/jnalair/quiet-reference-site/actions-runner/bin'
[2025-10-06 08:19:11Z INFO HostContext] Well known directory 'Root': '/Users/jnalair/quiet-reference-site/actions-runner'
[2025-10-06 08:19:11Z INFO HostContext] Well known directory 'Work': '/Users/jnalair/quiet-reference-site/actions-runner/_work'
[2025-10-06 08:19:11Z INFO HostContext] Well known directory 'Temp': '/Users/jnalair/quiet-reference-site/actions-runner/_work/_temp'
[2025-10-06 08:19:11Z INFO ExecutionContext] Write event payload to /Users/jnalair/quiet-reference-site/actions-runner/_work/_temp/_github_workflow/event.json
[2025-10-06 08:19:11Z INFO HostContext] Well known directory 'Bin': '/Users/jnalair/quiet-reference-site/actions-runner/bin'
[2025-10-06 08:19:11Z INFO HostContext] Well known directory 'Root': '/Users/jnalair/quiet-reference-site/actions-runner'
[2025-10-06 08:19:11Z INFO HostContext] Well known directory 'Work': '/Users/jnalair/quiet-reference-site/actions-runner/_work'
[2025-10-06 08:19:11Z INFO HostContext] Well known directory 'Temp': '/Users/jnalair/quiet-reference-site/actions-runner/_work/_temp'
[2025-10-06 08:19:11Z INFO ExtensionManager] Getting extensions for interface: 'GitHub.Runner.Worker.IFileCommandExtension'
[2025-10-06 08:19:11Z INFO ExtensionManager] Getting extensions for interface: 'GitHub.Runner.Worker.IActionCommandExtension'
[2025-10-06 08:19:11Z INFO ActionCommandManager] Register action command extension for command internal-set-repo-path
[2025-10-06 08:19:11Z INFO ActionCommandManager] Register action command extension for command set-env
[2025-10-06 08:19:11Z INFO ActionCommandManager] Register action command extension for command set-output
[2025-10-06 08:19:11Z INFO ActionCommandManager] Register action command extension for command save-state
[2025-10-06 08:19:11Z INFO ActionCommandManager] Register action command extension for command add-path
[2025-10-06 08:19:11Z INFO ActionCommandManager] Register action command extension for command add-mask
[2025-10-06 08:19:11Z INFO ActionCommandManager] Register action command extension for command add-matcher
[2025-10-06 08:19:11Z INFO ActionCommandManager] Register action command extension for command remove-matcher
[2025-10-06 08:19:11Z INFO ActionCommandManager] Register action command extension for command warning
[2025-10-06 08:19:11Z INFO ActionCommandManager] Register action command extension for command error
[2025-10-06 08:19:11Z INFO ActionCommandManager] Register action command extension for command notice
[2025-10-06 08:19:11Z INFO ActionCommandManager] Register action command extension for command debug
[2025-10-06 08:19:11Z INFO ActionCommandManager] Register action command extension for command group
[2025-10-06 08:19:11Z INFO ActionCommandManager] Register action command extension for command endgroup
[2025-10-06 08:19:11Z INFO ActionCommandManager] Register action command extension for command echo
[2025-10-06 08:19:11Z INFO ScriptHandler] Which2: 'bash'
[2025-10-06 08:19:11Z INFO ScriptHandler] Location: '/bin/bash'
[2025-10-06 08:19:11Z INFO HostContext] Well known directory 'Bin': '/Users/jnalair/quiet-reference-site/actions-runner/bin'
[2025-10-06 08:19:11Z INFO HostContext] Well known directory 'Root': '/Users/jnalair/quiet-reference-site/actions-runner'
[2025-10-06 08:19:11Z INFO HostContext] Well known directory 'Work': '/Users/jnalair/quiet-reference-site/actions-runner/_work'
[2025-10-06 08:19:11Z INFO HostContext] Well known directory 'Temp': '/Users/jnalair/quiet-reference-site/actions-runner/_work/_temp'
[2025-10-06 08:19:11Z INFO ScriptHandler] Which2: 'bash'
[2025-10-06 08:19:11Z INFO ScriptHandler] Location: '/bin/bash'
[2025-10-06 08:19:11Z INFO ProcessInvokerWrapper] Starting process:
[2025-10-06 08:19:11Z INFO ProcessInvokerWrapper]   File name: '/bin/bash'
[2025-10-06 08:19:11Z INFO ProcessInvokerWrapper]   Arguments: '-e /Users/jnalair/quiet-reference-site/actions-runner/_work/_temp/5bf3d9ca-8445-4d92-aaba-ba6abb9da7aa.sh'
[2025-10-06 08:19:11Z INFO ProcessInvokerWrapper]   Working directory: '/Users/jnalair/quiet-reference-site/actions-runner/_work/quiet-reference-site/quiet-reference-site'
[2025-10-06 08:19:11Z INFO ProcessInvokerWrapper]   Require exit code zero: 'False'
[2025-10-06 08:19:11Z INFO ProcessInvokerWrapper]   Encoding web name:  ; code page: ''
[2025-10-06 08:19:11Z INFO ProcessInvokerWrapper]   Force kill process on cancellation: 'False'
[2025-10-06 08:19:11Z INFO ProcessInvokerWrapper]   Redirected STDIN: 'False'
[2025-10-06 08:19:11Z INFO ProcessInvokerWrapper]   Persist current code page: 'False'
[2025-10-06 08:19:11Z INFO ProcessInvokerWrapper]   Keep redirected STDIN open: 'False'
[2025-10-06 08:19:11Z INFO ProcessInvokerWrapper]   High priority process: 'False'
[2025-10-06 08:19:11Z INFO JobServerQueue] Try to append 1 batches web console lines for record '3998f9c7-b901-409e-b420-6a7c8ee88765', success rate: 1/1.
[2025-10-06 08:19:11Z INFO JobServerQueue] Try to append 1 batches web console lines for record '672e687d-4862-4436-9e43-8357a53dcf99', success rate: 1/1.
[2025-10-06 08:19:11Z INFO ProcessInvokerWrapper] Process started with process id 33460, waiting for process exit.
[2025-10-06 08:19:11Z INFO JobServerQueue] Got a step log file to send to results service.
[2025-10-06 08:19:11Z INFO JobServerQueue] Starting upload of step log file to results service ResultsLog, /Users/jnalair/quiet-reference-site/actions-runner/_diag/blocks/8400b63f-7616-4ca9-a415-919c366f2785_3998f9c7-b901-409e-b420-6a7c8ee88765.1
[2025-10-06 08:19:12Z INFO JobServerQueue] Try to upload 1 log files or attachments, success rate: 1/1.
[2025-10-06 08:19:12Z INFO JobServerQueue] Try to append 1 batches web console lines for record '672e687d-4862-4436-9e43-8357a53dcf99', success rate: 1/1.
[2025-10-06 08:19:12Z INFO JobServerQueue] Try to append 1 batches web console lines for record '672e687d-4862-4436-9e43-8357a53dcf99', success rate: 1/1.
[2025-10-06 08:19:13Z INFO ProcessInvokerWrapper] STDOUT/STDERR stream read finished.
[2025-10-06 08:19:13Z INFO ProcessInvokerWrapper] STDOUT/STDERR stream read finished.
[2025-10-06 08:19:13Z INFO ProcessInvokerWrapper] Finished process 33460 with exit code 1, and elapsed time 00:00:01.7017458.
[2025-10-06 08:19:13Z INFO CreateStepSummaryCommand] Step Summary file (/Users/jnalair/quiet-reference-site/actions-runner/_work/_temp/_runner_file_commands/step_summary_81c70d11-3721-425e-b41b-3d932b78d8d3) is empty; skipping attachment upload
[2025-10-06 08:19:13Z INFO StepsRunner] Step result: Failed
[2025-10-06 08:19:13Z INFO ExecutionContext] Publish step telemetry for current step {
  "action": "sh",
  "type": "run",
  "stage": "Main",
  "stepId": "672e687d-4862-4436-9e43-8357a53dcf99",
  "stepContextName": "__run_2",
  "result": "failed",
  "errorMessages": [
    "Process completed with exit code 1."
  ],
  "executionTimeInSeconds": 2,
  "startTime": "2025-10-06T08:19:11.63488Z",
  "finishTime": "2025-10-06T08:19:13.382098Z"
}.
[2025-10-06 08:19:13Z INFO StepsRunner] Update job result with current step result 'Failed'.
[2025-10-06 08:19:13Z INFO StepsRunner] Current state: job state = 'Failed'
[2025-10-06 08:19:13Z INFO StepsRunner] Processing step: DisplayName='Post Checkout repo'
[2025-10-06 08:19:13Z INFO StepsRunner] Evaluating: always()
[2025-10-06 08:19:13Z INFO StepsRunner] Result: true
[2025-10-06 08:19:13Z INFO StepsRunner] Starting the step.
[2025-10-06 08:19:13Z INFO HostContext] Well known directory 'Bin': '/Users/jnalair/quiet-reference-site/actions-runner/bin'
[2025-10-06 08:19:13Z INFO HostContext] Well known directory 'Root': '/Users/jnalair/quiet-reference-site/actions-runner'
[2025-10-06 08:19:13Z INFO HostContext] Well known directory 'Work': '/Users/jnalair/quiet-reference-site/actions-runner/_work'
[2025-10-06 08:19:13Z INFO HostContext] Well known directory 'Actions': '/Users/jnalair/quiet-reference-site/actions-runner/_work/_actions'
[2025-10-06 08:19:13Z INFO ActionManager] Load action that reference repository from '/Users/jnalair/quiet-reference-site/actions-runner/_work/_actions/actions/checkout/v3'
[2025-10-06 08:19:13Z INFO HostContext] Well known directory 'Bin': '/Users/jnalair/quiet-reference-site/actions-runner/bin'
[2025-10-06 08:19:13Z INFO HostContext] Well known directory 'Root': '/Users/jnalair/quiet-reference-site/actions-runner'
[2025-10-06 08:19:13Z INFO HostContext] Well known directory 'Work': '/Users/jnalair/quiet-reference-site/actions-runner/_work'
[2025-10-06 08:19:13Z INFO HostContext] Well known directory 'Actions': '/Users/jnalair/quiet-reference-site/actions-runner/_work/_actions'
[2025-10-06 08:19:13Z INFO ActionManifestManager] Loaded action.yml file: {
  "name": "Checkout",
  "description": "Checkout a Git repository at a particular version",
  "inputs": {
    "type": 2,
    "map": [
      {
        "key": {
          "type": 0,
          "file": 2,
          "line": 4,
          "col": 3,
          "lit": "repository"
        },
        "value": {
          "type": 3,
          "file": 2,
          "line": 6,
          "col": 14,
          "expr": "github.repository"
        }
      },
      {
        "key": {
          "type": 0,
          "file": 2,
          "line": 7,
          "col": 3,
          "lit": "ref"
        },
        "value": ""
      },
      {
        "key": {
          "type": 0,
          "file": 2,
          "line": 12,
          "col": 3,
          "lit": "token"
        },
        "value": {
          "type": 3,
          "file": 2,
          "line": 24,
          "col": 14,
          "expr": "github.token"
        }
      },
      {
        "key": {
          "type": 0,
          "file": 2,
          "line": 25,
          "col": 3,
          "lit": "ssh-key"
        },
        "value": ""
      },
      {
        "key": {
          "type": 0,
          "file": 2,
          "line": 37,
          "col": 3,
          "lit": "ssh-known-hosts"
        },
        "value": ""
      },
      {
        "key": {
          "type": 0,
          "file": 2,
          "line": 42,
          "col": 3,
          "lit": "ssh-strict"
        },
        "value": {
          "type": 0,
          "file": 2,
          "line": 47,
          "col": 14,
          "lit": "true"
        }
      },
      {
        "key": {
          "type": 0,
          "file": 2,
          "line": 48,
          "col": 3,
          "lit": "persist-credentials"
        },
        "value": {
          "type": 0,
          "file": 2,
          "line": 50,
          "col": 14,
          "lit": "true"
        }
      },
      {
        "key": {
          "type": 0,
          "file": 2,
          "line": 51,
          "col": 3,
          "lit": "path"
        },
        "value": ""
      },
      {
        "key": {
          "type": 0,
          "file": 2,
          "line": 53,
          "col": 3,
          "lit": "clean"
        },
        "value": {
          "type": 0,
          "file": 2,
          "line": 55,
          "col": 14,
          "lit": "true"
        }
      },
      {
        "key": {
          "type": 0,
          "file": 2,
          "line": 56,
          "col": 3,
          "lit": "sparse-checkout"
        },
        "value": {
          "type": 0,
          "file": 2,
          "line": 60,
          "col": 14,
          "lit": ""
        }
      },
      {
        "key": {
          "type": 0,
          "file": 2,
          "line": 61,
          "col": 3,
          "lit": "sparse-checkout-cone-mode"
        },
        "value": {
          "type": 0,
          "file": 2,
          "line": 64,
          "col": 14,
          "lit": "true"
        }
      },
      {
        "key": {
          "type": 0,
          "file": 2,
          "line": 65,
          "col": 3,
          "lit": "fetch-depth"
        },
        "value": {
          "type": 0,
          "file": 2,
          "line": 67,
          "col": 14,
          "lit": "1"
        }
      },
      {
        "key": {
          "type": 0,
          "file": 2,
          "line": 68,
          "col": 3,
          "lit": "fetch-tags"
        },
        "value": {
          "type": 0,
          "file": 2,
          "line": 70,
          "col": 14,
          "lit": "false"
        }
      },
      {
        "key": {
          "type": 0,
          "file": 2,
          "line": 71,
          "col": 3,
          "lit": "lfs"
        },
        "value": {
          "type": 0,
          "file": 2,
          "line": 73,
          "col": 14,
          "lit": "false"
        }
      },
      {
        "key": {
          "type": 0,
          "file": 2,
          "line": 74,
          "col": 3,
          "lit": "submodules"
        },
        "value": {
          "type": 0,
          "file": 2,
          "line": 82,
          "col": 14,
          "lit": "false"
        }
      },
      {
        "key": {
          "type": 0,
          "file": 2,
          "line": 83,
          "col": 3,
          "lit": "set-safe-directory"
        },
        "value": {
          "type": 0,
          "file": 2,
          "line": 85,
          "col": 14,
          "lit": "true"
        }
      },
      {
        "key": {
          "type": 0,
          "file": 2,
          "line": 86,
          "col": 3,
          "lit": "github-server-url"
        },
        "value": ""
      }
    ]
  },
  "execution": {
    "executionType": "nodeJS",
    "hasPre": false,
    "hasPost": true,
    "script": "dist/index.js",
    "pre": null,
    "post": "dist/index.js",
    "nodeVersion": "node16",
    "cleanupCondition": "always()",
    "initCondition": "always()"
  },
  "deprecated": null
}
[2025-10-06 08:19:13Z INFO ActionManager] Action pre node.js file: N/A.
[2025-10-06 08:19:13Z INFO ActionManager] Action node.js file: dist/index.js.
[2025-10-06 08:19:13Z INFO ActionManager] Action post node.js file: dist/index.js.
[2025-10-06 08:19:13Z INFO HostContext] Well known directory 'Bin': '/Users/jnalair/quiet-reference-site/actions-runner/bin'
[2025-10-06 08:19:13Z INFO HostContext] Well known directory 'Root': '/Users/jnalair/quiet-reference-site/actions-runner'
[2025-10-06 08:19:13Z INFO HostContext] Well known directory 'Work': '/Users/jnalair/quiet-reference-site/actions-runner/_work'
[2025-10-06 08:19:13Z INFO HostContext] Well known directory 'Temp': '/Users/jnalair/quiet-reference-site/actions-runner/_work/_temp'
[2025-10-06 08:19:13Z INFO ExecutionContext] Write event payload to /Users/jnalair/quiet-reference-site/actions-runner/_work/_temp/_github_workflow/event.json
[2025-10-06 08:19:13Z INFO HostContext] Well known directory 'Bin': '/Users/jnalair/quiet-reference-site/actions-runner/bin'
[2025-10-06 08:19:13Z INFO HostContext] Well known directory 'Root': '/Users/jnalair/quiet-reference-site/actions-runner'
[2025-10-06 08:19:13Z INFO HostContext] Well known directory 'Work': '/Users/jnalair/quiet-reference-site/actions-runner/_work'
[2025-10-06 08:19:13Z INFO HostContext] Well known directory 'Temp': '/Users/jnalair/quiet-reference-site/actions-runner/_work/_temp'
[2025-10-06 08:19:13Z INFO ExtensionManager] Getting extensions for interface: 'GitHub.Runner.Worker.IFileCommandExtension'
[2025-10-06 08:19:13Z INFO ActionManifestManager] Input 'repository': default value evaluate result: {
  "type": 0,
  "file": 2,
  "line": 6,
  "col": 14,
  "lit": "Vodkashot28/quiet-reference-site"
}
[2025-10-06 08:19:13Z INFO ActionManifestManager] Input 'ref': default value evaluate result: ""
[2025-10-06 08:19:13Z INFO ActionManifestManager] Input 'token': default value evaluate result: {
  "type": 0,
  "file": 2,
  "line": 24,
  "col": 14,
  "lit": "***"
}
[2025-10-06 08:19:13Z INFO ActionManifestManager] Input 'ssh-key': default value evaluate result: ""
[2025-10-06 08:19:13Z INFO ActionManifestManager] Input 'ssh-known-hosts': default value evaluate result: ""
[2025-10-06 08:19:13Z INFO ActionManifestManager] Input 'ssh-strict': default value evaluate result: {
  "type": 0,
  "file": 2,
  "line": 47,
  "col": 14,
  "lit": "true"
}
[2025-10-06 08:19:13Z INFO ActionManifestManager] Input 'persist-credentials': default value evaluate result: {
  "type": 0,
  "file": 2,
  "line": 50,
  "col": 14,
  "lit": "true"
}
[2025-10-06 08:19:13Z INFO ActionManifestManager] Input 'path': default value evaluate result: ""
[2025-10-06 08:19:13Z INFO ActionManifestManager] Input 'clean': default value evaluate result: {
  "type": 0,
  "file": 2,
  "line": 55,
  "col": 14,
  "lit": "true"
}
[2025-10-06 08:19:13Z INFO ActionManifestManager] Input 'sparse-checkout': default value evaluate result: {
  "type": 0,
  "file": 2,
  "line": 60,
  "col": 14,
  "lit": ""
}
[2025-10-06 08:19:13Z INFO ActionManifestManager] Input 'sparse-checkout-cone-mode': default value evaluate result: {
  "type": 0,
  "file": 2,
  "line": 64,
  "col": 14,
  "lit": "true"
}
[2025-10-06 08:19:13Z INFO ActionManifestManager] Input 'fetch-depth': default value evaluate result: {
  "type": 0,
  "file": 2,
  "line": 67,
  "col": 14,
  "lit": "1"
}
[2025-10-06 08:19:13Z INFO ActionManifestManager] Input 'fetch-tags': default value evaluate result: {
  "type": 0,
  "file": 2,
  "line": 70,
  "col": 14,
  "lit": "false"
}
[2025-10-06 08:19:13Z INFO ActionManifestManager] Input 'lfs': default value evaluate result: {
  "type": 0,
  "file": 2,
  "line": 73,
  "col": 14,
  "lit": "false"
}
[2025-10-06 08:19:13Z INFO ActionManifestManager] Input 'submodules': default value evaluate result: {
  "type": 0,
  "file": 2,
  "line": 82,
  "col": 14,
  "lit": "false"
}
[2025-10-06 08:19:13Z INFO ActionManifestManager] Input 'set-safe-directory': default value evaluate result: {
  "type": 0,
  "file": 2,
  "line": 85,
  "col": 14,
  "lit": "true"
}
[2025-10-06 08:19:13Z INFO ActionManifestManager] Input 'github-server-url': default value evaluate result: ""
[2025-10-06 08:19:13Z INFO ExtensionManager] Getting extensions for interface: 'GitHub.Runner.Worker.IActionCommandExtension'
[2025-10-06 08:19:13Z INFO ActionCommandManager] Register action command extension for command internal-set-repo-path
[2025-10-06 08:19:13Z INFO ActionCommandManager] Register action command extension for command set-env
[2025-10-06 08:19:13Z INFO ActionCommandManager] Register action command extension for command set-output
[2025-10-06 08:19:13Z INFO ActionCommandManager] Register action command extension for command save-state
[2025-10-06 08:19:13Z INFO ActionCommandManager] Register action command extension for command add-path
[2025-10-06 08:19:13Z INFO ActionCommandManager] Register action command extension for command add-mask
[2025-10-06 08:19:13Z INFO ActionCommandManager] Register action command extension for command add-matcher
[2025-10-06 08:19:13Z INFO ActionCommandManager] Register action command extension for command remove-matcher
[2025-10-06 08:19:13Z INFO ActionCommandManager] Register action command extension for command warning
[2025-10-06 08:19:13Z INFO ActionCommandManager] Register action command extension for command error
[2025-10-06 08:19:13Z INFO ActionCommandManager] Register action command extension for command notice
[2025-10-06 08:19:13Z INFO ActionCommandManager] Register action command extension for command debug
[2025-10-06 08:19:13Z INFO ActionCommandManager] Register action command extension for command group
[2025-10-06 08:19:13Z INFO ActionCommandManager] Register action command extension for command endgroup
[2025-10-06 08:19:13Z INFO ActionCommandManager] Register action command extension for command echo
[2025-10-06 08:19:13Z INFO HostContext] Well known directory 'Bin': '/Users/jnalair/quiet-reference-site/actions-runner/bin'
[2025-10-06 08:19:13Z INFO HostContext] Well known directory 'Root': '/Users/jnalair/quiet-reference-site/actions-runner'
[2025-10-06 08:19:13Z INFO HostContext] Well known directory 'Externals': '/Users/jnalair/quiet-reference-site/actions-runner/externals'
[2025-10-06 08:19:13Z INFO ProcessInvokerWrapper] Starting process:
[2025-10-06 08:19:13Z INFO ProcessInvokerWrapper]   File name: '/Users/jnalair/quiet-reference-site/actions-runner/externals/node20/bin/node'
[2025-10-06 08:19:13Z INFO ProcessInvokerWrapper]   Arguments: '"/Users/jnalair/quiet-reference-site/actions-runner/_work/_actions/actions/checkout/v3/dist/index.js"'
[2025-10-06 08:19:13Z INFO ProcessInvokerWrapper]   Working directory: '/Users/jnalair/quiet-reference-site/actions-runner/_work/quiet-reference-site/quiet-reference-site'
[2025-10-06 08:19:13Z INFO ProcessInvokerWrapper]   Require exit code zero: 'False'
[2025-10-06 08:19:13Z INFO ProcessInvokerWrapper]   Encoding web name:  ; code page: ''
[2025-10-06 08:19:13Z INFO ProcessInvokerWrapper]   Force kill process on cancellation: 'False'
[2025-10-06 08:19:13Z INFO ProcessInvokerWrapper]   Redirected STDIN: 'False'
[2025-10-06 08:19:13Z INFO ProcessInvokerWrapper]   Persist current code page: 'False'
[2025-10-06 08:19:13Z INFO ProcessInvokerWrapper]   Keep redirected STDIN open: 'False'
[2025-10-06 08:19:13Z INFO ProcessInvokerWrapper]   High priority process: 'False'
[2025-10-06 08:19:13Z INFO ProcessInvokerWrapper] Process started with process id 33504, waiting for process exit.
[2025-10-06 08:19:13Z INFO JobServerQueue] Try to append 1 batches web console lines for record '672e687d-4862-4436-9e43-8357a53dcf99', success rate: 1/1.
[2025-10-06 08:19:13Z INFO JobServerQueue] Try to append 1 batches web console lines for record '937fbc1c-e9fd-4a5b-b8e3-517f7b7d2cb3', success rate: 1/1.
[2025-10-06 08:19:13Z INFO AddMaskCommandExtension] Add new secret mask with length of 32
[2025-10-06 08:19:14Z INFO JobServerQueue] Try to upload 1 log files or attachments, success rate: 1/1.
[2025-10-06 08:19:14Z INFO JobServerQueue] Try to append 1 batches web console lines for record '937fbc1c-e9fd-4a5b-b8e3-517f7b7d2cb3', success rate: 1/1.
[2025-10-06 08:19:14Z INFO JobServerQueue] Try to append 1 batches web console lines for record '937fbc1c-e9fd-4a5b-b8e3-517f7b7d2cb3', success rate: 1/1.
[2025-10-06 08:19:15Z INFO JobServerQueue] Tried to upload 1 file(s) to results, success rate: 1/1.
[2025-10-06 08:19:15Z INFO ProcessInvokerWrapper] STDOUT/STDERR stream read finished.
[2025-10-06 08:19:15Z INFO ProcessInvokerWrapper] STDOUT/STDERR stream read finished.
[2025-10-06 08:19:15Z INFO ProcessInvokerWrapper] Finished process 33504 with exit code 0, and elapsed time 00:00:01.6978981.
[2025-10-06 08:19:15Z INFO CreateStepSummaryCommand] Step Summary file (/Users/jnalair/quiet-reference-site/actions-runner/_work/_temp/_runner_file_commands/step_summary_c7e04df2-bedd-4459-a88f-617c22034f84) is empty; skipping attachment upload
[2025-10-06 08:19:15Z INFO StepsRunner] Step result: 
[2025-10-06 08:19:15Z INFO ExecutionContext] Publish step telemetry for current step {
  "action": "actions/checkout",
  "ref": "v3",
  "type": "node20",
  "stage": "Post",
  "stepId": "937fbc1c-e9fd-4a5b-b8e3-517f7b7d2cb3",
  "result": "succeeded",
  "errorMessages": [],
  "executionTimeInSeconds": 2,
  "startTime": "2025-10-06T08:19:13.386884Z",
  "finishTime": "2025-10-06T08:19:15.12272Z"
}.
[2025-10-06 08:19:15Z INFO StepsRunner] No need for updating job result with current step result 'Succeeded'.
[2025-10-06 08:19:15Z INFO StepsRunner] Current state: job state = 'Failed'
[2025-10-06 08:19:15Z INFO JobRunner] Finalize job.
[2025-10-06 08:19:15Z INFO HostContext] Well known directory 'Bin': '/Users/jnalair/quiet-reference-site/actions-runner/bin'
[2025-10-06 08:19:15Z INFO HostContext] Well known directory 'Root': '/Users/jnalair/quiet-reference-site/actions-runner'
[2025-10-06 08:19:15Z INFO HostContext] Well known directory 'Diag': '/Users/jnalair/quiet-reference-site/actions-runner/_diag'
[2025-10-06 08:19:15Z INFO HostContext] Well known directory 'Bin': '/Users/jnalair/quiet-reference-site/actions-runner/bin'
[2025-10-06 08:19:15Z INFO HostContext] Well known directory 'Root': '/Users/jnalair/quiet-reference-site/actions-runner'
[2025-10-06 08:19:15Z INFO HostContext] Well known directory 'Diag': '/Users/jnalair/quiet-reference-site/actions-runner/_diag'
[2025-10-06 08:19:15Z INFO JobExtension] Initialize Env context
[2025-10-06 08:19:15Z INFO JobExtension] Initialize steps context
[2025-10-06 08:19:15Z INFO JobExtension] Support log upload starting.
[2025-10-06 08:19:15Z INFO HostContext] Well known directory 'Bin': '/Users/jnalair/quiet-reference-site/actions-runner/bin'
[2025-10-06 08:19:15Z INFO HostContext] Well known directory 'Root': '/Users/jnalair/quiet-reference-site/actions-runner'
[2025-10-06 08:19:15Z INFO HostContext] Well known directory 'Work': '/Users/jnalair/quiet-reference-site/actions-runner/_work'
[2025-10-06 08:19:15Z INFO HostContext] Well known directory 'Temp': '/Users/jnalair/quiet-reference-site/actions-runner/_work/_temp'
[2025-10-06 08:19:15Z INFO HostContext] Well known directory 'Bin': '/Users/jnalair/quiet-reference-site/actions-runner/bin'
[2025-10-06 08:19:15Z INFO HostContext] Well known directory 'Root': '/Users/jnalair/quiet-reference-site/actions-runner'
[2025-10-06 08:19:15Z INFO HostContext] Well known directory 'Diag': '/Users/jnalair/quiet-reference-site/actions-runner/_diag'
[2025-10-06 08:19:15Z INFO HostContext] Well known directory 'Bin': '/Users/jnalair/quiet-reference-site/actions-runner/bin'
[2025-10-06 08:19:15Z INFO HostContext] Well known directory 'Root': '/Users/jnalair/quiet-reference-site/actions-runner'
[2025-10-06 08:19:15Z INFO HostContext] Well known directory 'Diag': '/Users/jnalair/quiet-reference-site/actions-runner/_diag'
[2025-10-06 08:19:15Z INFO JobServerQueue] Try to append 1 batches web console lines for record '937fbc1c-e9fd-4a5b-b8e3-517f7b7d2cb3', success rate: 1/1.
[2025-10-06 08:19:15Z INFO JobServerQueue] Try to append 1 batches web console lines for record '1c7c5b77-96b3-4968-a6e0-5a6bc56b59f7', success rate: 1/1.
[2025-10-06 08:19:15Z INFO JobExtension] Support log upload complete.
[2025-10-06 08:19:15Z INFO JobExtension] Total accessible running process: 262.
[2025-10-06 08:19:15Z INFO JobExtension] Inspecting process environment variables. PID: 33459 (node)
[2025-10-06 08:19:15Z INFO LinuxProcessExtensions] Read env from output of `ps e -p 33459 -o command`
[2025-10-06 08:19:15Z INFO HostContext] Well known directory 'Bin': '/Users/jnalair/quiet-reference-site/actions-runner/bin'
[2025-10-06 08:19:15Z INFO HostContext] Well known directory 'Root': '/Users/jnalair/quiet-reference-site/actions-runner'
[2025-10-06 08:19:15Z INFO ProcessInvokerWrapper] Starting process:
[2025-10-06 08:19:15Z INFO ProcessInvokerWrapper]   File name: 'ps'
[2025-10-06 08:19:15Z INFO ProcessInvokerWrapper]   Arguments: 'e -p 33459 -o command'
[2025-10-06 08:19:15Z INFO ProcessInvokerWrapper]   Working directory: '/Users/jnalair/quiet-reference-site/actions-runner'
[2025-10-06 08:19:15Z INFO ProcessInvokerWrapper]   Require exit code zero: 'False'
[2025-10-06 08:19:15Z INFO ProcessInvokerWrapper]   Encoding web name:  ; code page: ''
[2025-10-06 08:19:15Z INFO ProcessInvokerWrapper]   Force kill process on cancellation: 'False'
[2025-10-06 08:19:15Z INFO ProcessInvokerWrapper]   Redirected STDIN: 'False'
[2025-10-06 08:19:15Z INFO ProcessInvokerWrapper]   Persist current code page: 'False'
[2025-10-06 08:19:15Z INFO ProcessInvokerWrapper]   Keep redirected STDIN open: 'False'
[2025-10-06 08:19:15Z INFO ProcessInvokerWrapper]   High priority process: 'False'
[2025-10-06 08:19:15Z INFO ProcessInvokerWrapper] Process started with process id 33577, waiting for process exit.
[2025-10-06 08:19:15Z INFO ProcessInvokerWrapper] STDOUT/STDERR stream read finished.
[2025-10-06 08:19:15Z INFO ProcessInvokerWrapper] STDOUT/STDERR stream read finished.
[2025-10-06 08:19:15Z INFO ProcessInvokerWrapper] Finished process 33577 with exit code 0, and elapsed time 00:00:00.0300097.
[2025-10-06 08:19:15Z INFO LinuxProcessExtensions] Successfully dump environment variables for 33459
[2025-10-06 08:19:15Z INFO JobExtension] Inspecting process environment variables. PID: 33210 (mdworker_shared)
[2025-10-06 08:19:15Z INFO LinuxProcessExtensions] Read env from output of `ps e -p 33210 -o command`
[2025-10-06 08:19:15Z INFO HostContext] Well known directory 'Bin': '/Users/jnalair/quiet-reference-site/actions-runner/bin'
[2025-10-06 08:19:15Z INFO HostContext] Well known directory 'Root': '/Users/jnalair/quiet-reference-site/actions-runner'
[2025-10-06 08:19:15Z INFO ProcessInvokerWrapper] Starting process:
[2025-10-06 08:19:15Z INFO ProcessInvokerWrapper]   File name: 'ps'
[2025-10-06 08:19:15Z INFO ProcessInvokerWrapper]   Arguments: 'e -p 33210 -o command'
[2025-10-06 08:19:15Z INFO ProcessInvokerWrapper]   Working directory: '/Users/jnalair/quiet-reference-site/actions-runner'
[2025-10-06 08:19:15Z INFO ProcessInvokerWrapper]   Require exit code zero: 'False'
[2025-10-06 08:19:15Z INFO ProcessInvokerWrapper]   Encoding web name:  ; code page: ''
[2025-10-06 08:19:15Z INFO ProcessInvokerWrapper]   Force kill process on cancellation: 'False'
[2025-10-06 08:19:15Z INFO ProcessInvokerWrapper]   Redirected STDIN: 'False'
[2025-10-06 08:19:15Z INFO ProcessInvokerWrapper]   Persist current code page: 'False'
[2025-10-06 08:19:15Z INFO ProcessInvokerWrapper]   Keep redirected STDIN open: 'False'
[2025-10-06 08:19:15Z INFO ProcessInvokerWrapper]   High priority process: 'False'
[2025-10-06 08:19:15Z INFO ProcessInvokerWrapper] Process started with process id 33578, waiting for process exit.
[2025-10-06 08:19:15Z INFO ProcessInvokerWrapper] STDOUT/STDERR stream read finished.
[2025-10-06 08:19:15Z INFO ProcessInvokerWrapper] STDOUT/STDERR stream read finished.
[2025-10-06 08:19:15Z INFO ProcessInvokerWrapper] Finished process 33578 with exit code 0, and elapsed time 00:00:00.0247472.
[2025-10-06 08:19:15Z INFO LinuxProcessExtensions] Successfully dump environment variables for 33210
[2025-10-06 08:19:15Z INFO JobExtension] Inspecting process environment variables. PID: 33182 (mdworker_shared)
[2025-10-06 08:19:15Z INFO LinuxProcessExtensions] Read env from output of `ps e -p 33182 -o command`
[2025-10-06 08:19:15Z INFO HostContext] Well known directory 'Bin': '/Users/jnalair/quiet-reference-site/actions-runner/bin'
[2025-10-06 08:19:15Z INFO HostContext] Well known directory 'Root': '/Users/jnalair/quiet-reference-site/actions-runner'
[2025-10-06 08:19:15Z INFO ProcessInvokerWrapper] Starting process:
[2025-10-06 08:19:15Z INFO ProcessInvokerWrapper]   File name: 'ps'
[2025-10-06 08:19:15Z INFO ProcessInvokerWrapper]   Arguments: 'e -p 33182 -o command'
[2025-10-06 08:19:15Z INFO ProcessInvokerWrapper]   Working directory: '/Users/jnalair/quiet-reference-site/actions-runner'
[2025-10-06 08:19:15Z INFO ProcessInvokerWrapper]   Require exit code zero: 'False'
[2025-10-06 08:19:15Z INFO ProcessInvokerWrapper]   Encoding web name:  ; code page: ''
[2025-10-06 08:19:15Z INFO ProcessInvokerWrapper]   Force kill process on cancellation: 'False'
[2025-10-06 08:19:15Z INFO ProcessInvokerWrapper]   Redirected STDIN: 'False'
[2025-10-06 08:19:15Z INFO ProcessInvokerWrapper]   Persist current code page: 'False'
[2025-10-06 08:19:15Z INFO ProcessInvokerWrapper]   Keep redirected STDIN open: 'False'
[2025-10-06 08:19:15Z INFO ProcessInvokerWrapper]   High priority process: 'False'
[2025-10-06 08:19:15Z INFO ProcessInvokerWrapper] Process started with process id 33579, waiting for process exit.
[2025-10-06 08:19:15Z INFO ProcessInvokerWrapper] STDOUT/STDERR stream read finished.
[2025-10-06 08:19:15Z INFO ProcessInvokerWrapper] STDOUT/STDERR stream read finished.
[2025-10-06 08:19:15Z INFO ProcessInvokerWrapper] Finished process 33579 with exit code 0, and elapsed time 00:00:00.0237762.
[2025-10-06 08:19:15Z INFO LinuxProcessExtensions] Successfully dump environment variables for 33182
[2025-10-06 08:19:15Z INFO JobExtension] Inspecting process environment variables. PID: 33181 (mdworker_shared)
[2025-10-06 08:19:15Z INFO LinuxProcessExtensions] Read env from output of `ps e -p 33181 -o command`
[2025-10-06 08:19:15Z INFO HostContext] Well known directory 'Bin': '/Users/jnalair/quiet-reference-site/actions-runner/bin'
[2025-10-06 08:19:15Z INFO HostContext] Well known directory 'Root': '/Users/jnalair/quiet-reference-site/actions-runner'
[2025-10-06 08:19:15Z INFO ProcessInvokerWrapper] Starting process:
[2025-10-06 08:19:15Z INFO ProcessInvokerWrapper]   File name: 'ps'
[2025-10-06 08:19:15Z INFO ProcessInvokerWrapper]   Arguments: 'e -p 33181 -o command'
[2025-10-06 08:19:15Z INFO ProcessInvokerWrapper]   Working directory: '/Users/jnalair/quiet-reference-site/actions-runner'
[2025-10-06 08:19:15Z INFO ProcessInvokerWrapper]   Require exit code zero: 'False'
[2025-10-06 08:19:15Z INFO ProcessInvokerWrapper]   Encoding web name:  ; code page: ''
[2025-10-06 08:19:15Z INFO ProcessInvokerWrapper]   Force kill process on cancellation: 'False'
[2025-10-06 08:19:15Z INFO ProcessInvokerWrapper]   Redirected STDIN: 'False'
[2025-10-06 08:19:15Z INFO ProcessInvokerWrapper]   Persist current code page: 'False'
[2025-10-06 08:19:15Z INFO ProcessInvokerWrapper]   Keep redirected STDIN open: 'False'
[2025-10-06 08:19:15Z INFO ProcessInvokerWrapper]   High priority process: 'False'
[2025-10-06 08:19:15Z INFO ProcessInvokerWrapper] Process started with process id 33580, waiting for process exit.
[2025-10-06 08:19:15Z INFO ProcessInvokerWrapper] STDOUT/STDERR stream read finished.
[2025-10-06 08:19:15Z INFO ProcessInvokerWrapper] STDOUT/STDERR stream read finished.
[2025-10-06 08:19:15Z INFO ProcessInvokerWrapper] Finished process 33580 with exit code 0, and elapsed time 00:00:00.0238119.
[2025-10-06 08:19:15Z INFO LinuxProcessExtensions] Successfully dump environment variables for 33181
[2025-10-06 08:19:15Z INFO JobExtension] Inspecting process environment variables. PID: 33180 (mdworker_shared)
[2025-10-06 08:19:15Z INFO LinuxProcessExtensions] Read env from output of `ps e -p 33180 -o command`
[2025-10-06 08:19:15Z INFO HostContext] Well known directory 'Bin': '/Users/jnalair/quiet-reference-site/actions-runner/bin'
[2025-10-06 08:19:15Z INFO HostContext] Well known directory 'Root': '/Users/jnalair/quiet-reference-site/actions-runner'
[2025-10-06 08:19:15Z INFO ProcessInvokerWrapper] Starting process:
[2025-10-06 08:19:15Z INFO ProcessInvokerWrapper]   File name: 'ps'
[2025-10-06 08:19:15Z INFO ProcessInvokerWrapper]   Arguments: 'e -p 33180 -o command'
[2025-10-06 08:19:15Z INFO ProcessInvokerWrapper]   Working directory: '/Users/jnalair/quiet-reference-site/actions-runner'
[2025-10-06 08:19:15Z INFO ProcessInvokerWrapper]   Require exit code zero: 'False'
[2025-10-06 08:19:15Z INFO ProcessInvokerWrapper]   Encoding web name:  ; code page: ''
[2025-10-06 08:19:15Z INFO ProcessInvokerWrapper]   Force kill process on cancellation: 'False'
[2025-10-06 08:19:15Z INFO ProcessInvokerWrapper]   Redirected STDIN: 'False'
[2025-10-06 08:19:15Z INFO ProcessInvokerWrapper]   Persist current code page: 'False'
[2025-10-06 08:19:15Z INFO ProcessInvokerWrapper]   Keep redirected STDIN open: 'False'
[2025-10-06 08:19:15Z INFO ProcessInvokerWrapper]   High priority process: 'False'
[2025-10-06 08:19:15Z INFO ProcessInvokerWrapper] Process started with process id 33581, waiting for process exit.
[2025-10-06 08:19:15Z INFO ProcessInvokerWrapper] STDOUT/STDERR stream read finished.
[2025-10-06 08:19:15Z INFO ProcessInvokerWrapper] STDOUT/STDERR stream read finished.
[2025-10-06 08:19:15Z INFO ProcessInvokerWrapper] Finished process 33581 with exit code 0, and elapsed time 00:00:00.0235785.
[2025-10-06 08:19:15Z INFO LinuxProcessExtensions] Successfully dump environment variables for 33180
[2025-10-06 08:19:15Z INFO JobExtension] Inspecting process environment variables. PID: 33179 (mdworker_shared)
[2025-10-06 08:19:15Z INFO LinuxProcessExtensions] Read env from output of `ps e -p 33179 -o command`
[2025-10-06 08:19:15Z INFO HostContext] Well known directory 'Bin': '/Users/jnalair/quiet-reference-site/actions-runner/bin'
[2025-10-06 08:19:15Z INFO HostContext] Well known directory 'Root': '/Users/jnalair/quiet-reference-site/actions-runner'
[2025-10-06 08:19:15Z INFO ProcessInvokerWrapper] Starting process:
[2025-10-06 08:19:15Z INFO ProcessInvokerWrapper]   File name: 'ps'
[2025-10-06 08:19:15Z INFO ProcessInvokerWrapper]   Arguments: 'e -p 33179 -o command'
[2025-10-06 08:19:15Z INFO ProcessInvokerWrapper]   Working directory: '/Users/jnalair/quiet-reference-site/actions-runner'
[2025-10-06 08:19:15Z INFO ProcessInvokerWrapper]   Require exit code zero: 'False'
[2025-10-06 08:19:15Z INFO ProcessInvokerWrapper]   Encoding web name:  ; code page: ''
[2025-10-06 08:19:15Z INFO ProcessInvokerWrapper]   Force kill process on cancellation: 'False'
[2025-10-06 08:19:15Z INFO ProcessInvokerWrapper]   Redirected STDIN: 'False'
[2025-10-06 08:19:15Z INFO ProcessInvokerWrapper]   Persist current code page: 'False'
[2025-10-06 08:19:15Z INFO ProcessInvokerWrapper]   Keep redirected STDIN open: 'False'
[2025-10-06 08:19:15Z INFO ProcessInvokerWrapper]   High priority process: 'False'
[2025-10-06 08:19:15Z INFO ProcessInvokerWrapper] Process started with process id 33582, waiting for process exit.
[2025-10-06 08:19:15Z INFO ProcessInvokerWrapper] STDOUT/STDERR stream read finished.
[2025-10-06 08:19:15Z INFO ProcessInvokerWrapper] STDOUT/STDERR stream read finished.
[2025-10-06 08:19:15Z INFO ProcessInvokerWrapper] Finished process 33582 with exit code 0, and elapsed time 00:00:00.0241367.
[2025-10-06 08:19:15Z INFO LinuxProcessExtensions] Successfully dump environment variables for 33179
[2025-10-06 08:19:15Z INFO JobExtension] Inspecting process environment variables. PID: 33176 (mdworker_shared)
[2025-10-06 08:19:15Z INFO LinuxProcessExtensions] Read env from output of `ps e -p 33176 -o command`
[2025-10-06 08:19:15Z INFO HostContext] Well known directory 'Bin': '/Users/jnalair/quiet-reference-site/actions-runner/bin'
[2025-10-06 08:19:15Z INFO HostContext] Well known directory 'Root': '/Users/jnalair/quiet-reference-site/actions-runner'
[2025-10-06 08:19:15Z INFO ProcessInvokerWrapper] Starting process:
[2025-10-06 08:19:15Z INFO ProcessInvokerWrapper]   File name: 'ps'
[2025-10-06 08:19:15Z INFO ProcessInvokerWrapper]   Arguments: 'e -p 33176 -o command'
[2025-10-06 08:19:15Z INFO ProcessInvokerWrapper]   Working directory: '/Users/jnalair/quiet-reference-site/actions-runner'
[2025-10-06 08:19:15Z INFO ProcessInvokerWrapper]   Require exit code zero: 'False'
[2025-10-06 08:19:15Z INFO ProcessInvokerWrapper]   Encoding web name:  ; code page: ''
[2025-10-06 08:19:15Z INFO ProcessInvokerWrapper]   Force kill process on cancellation: 'False'
[2025-10-06 08:19:15Z INFO ProcessInvokerWrapper]   Redirected STDIN: 'False'
[2025-10-06 08:19:15Z INFO ProcessInvokerWrapper]   Persist current code page: 'False'
[2025-10-06 08:19:15Z INFO ProcessInvokerWrapper]   Keep redirected STDIN open: 'False'
[2025-10-06 08:19:15Z INFO ProcessInvokerWrapper]   High priority process: 'False'
[2025-10-06 08:19:15Z INFO ProcessInvokerWrapper] Process started with process id 33583, waiting for process exit.
[2025-10-06 08:19:15Z INFO ProcessInvokerWrapper] STDOUT/STDERR stream read finished.
[2025-10-06 08:19:15Z INFO ProcessInvokerWrapper] STDOUT/STDERR stream read finished.
[2025-10-06 08:19:15Z INFO ProcessInvokerWrapper] Finished process 33583 with exit code 0, and elapsed time 00:00:00.0241767.
[2025-10-06 08:19:15Z INFO LinuxProcessExtensions] Successfully dump environment variables for 33176
[2025-10-06 08:19:15Z INFO JobExtension] Inspecting process environment variables. PID: 33178 (mdworker_shared)
[2025-10-06 08:19:15Z INFO LinuxProcessExtensions] Read env from output of `ps e -p 33178 -o command`
[2025-10-06 08:19:15Z INFO HostContext] Well known directory 'Bin': '/Users/jnalair/quiet-reference-site/actions-runner/bin'
[2025-10-06 08:19:15Z INFO HostContext] Well known directory 'Root': '/Users/jnalair/quiet-reference-site/actions-runner'
[2025-10-06 08:19:15Z INFO ProcessInvokerWrapper] Starting process:
[2025-10-06 08:19:15Z INFO ProcessInvokerWrapper]   File name: 'ps'
[2025-10-06 08:19:15Z INFO ProcessInvokerWrapper]   Arguments: 'e -p 33178 -o command'
[2025-10-06 08:19:15Z INFO ProcessInvokerWrapper]   Working directory: '/Users/jnalair/quiet-reference-site/actions-runner'
[2025-10-06 08:19:15Z INFO ProcessInvokerWrapper]   Require exit code zero: 'False'
[2025-10-06 08:19:15Z INFO ProcessInvokerWrapper]   Encoding web name:  ; code page: ''
[2025-10-06 08:19:15Z INFO ProcessInvokerWrapper]   Force kill process on cancellation: 'False'
[2025-10-06 08:19:15Z INFO ProcessInvokerWrapper]   Redirected STDIN: 'False'
[2025-10-06 08:19:15Z INFO ProcessInvokerWrapper]   Persist current code page: 'False'
[2025-10-06 08:19:15Z INFO ProcessInvokerWrapper]   Keep redirected STDIN open: 'False'
[2025-10-06 08:19:15Z INFO ProcessInvokerWrapper]   High priority process: 'False'
[2025-10-06 08:19:15Z INFO ProcessInvokerWrapper] Process started with process id 33584, waiting for process exit.
[2025-10-06 08:19:15Z INFO ProcessInvokerWrapper] STDOUT/STDERR stream read finished.
[2025-10-06 08:19:15Z INFO ProcessInvokerWrapper] STDOUT/STDERR stream read finished.
[2025-10-06 08:19:15Z INFO ProcessInvokerWrapper] Finished process 33584 with exit code 0, and elapsed time 00:00:00.0246727.
[2025-10-06 08:19:15Z INFO LinuxProcessExtensions] Successfully dump environment variables for 33178
[2025-10-06 08:19:15Z INFO JobExtension] Inspecting process environment variables. PID: 33177 (mdworker_shared)
[2025-10-06 08:19:15Z INFO LinuxProcessExtensions] Read env from output of `ps e -p 33177 -o command`
[2025-10-06 08:19:15Z INFO HostContext] Well known directory 'Bin': '/Users/jnalair/quiet-reference-site/actions-runner/bin'
[2025-10-06 08:19:15Z INFO HostContext] Well known directory 'Root': '/Users/jnalair/quiet-reference-site/actions-runner'
[2025-10-06 08:19:15Z INFO ProcessInvokerWrapper] Starting process:
[2025-10-06 08:19:15Z INFO ProcessInvokerWrapper]   File name: 'ps'
[2025-10-06 08:19:15Z INFO ProcessInvokerWrapper]   Arguments: 'e -p 33177 -o command'
[2025-10-06 08:19:15Z INFO ProcessInvokerWrapper]   Working directory: '/Users/jnalair/quiet-reference-site/actions-runner'
[2025-10-06 08:19:15Z INFO ProcessInvokerWrapper]   Require exit code zero: 'False'
[2025-10-06 08:19:15Z INFO ProcessInvokerWrapper]   Encoding web name:  ; code page: ''
[2025-10-06 08:19:15Z INFO ProcessInvokerWrapper]   Force kill process on cancellation: 'False'
[2025-10-06 08:19:15Z INFO ProcessInvokerWrapper]   Redirected STDIN: 'False'
[2025-10-06 08:19:15Z INFO ProcessInvokerWrapper]   Persist current code page: 'False'
[2025-10-06 08:19:15Z INFO ProcessInvokerWrapper]   Keep redirected STDIN open: 'False'
[2025-10-06 08:19:15Z INFO ProcessInvokerWrapper]   High priority process: 'False'
[2025-10-06 08:19:15Z INFO ProcessInvokerWrapper] Process started with process id 33585, waiting for process exit.
[2025-10-06 08:19:15Z INFO ProcessInvokerWrapper] STDOUT/STDERR stream read finished.
[2025-10-06 08:19:15Z INFO ProcessInvokerWrapper] STDOUT/STDERR stream read finished.
[2025-10-06 08:19:15Z INFO ProcessInvokerWrapper] Finished process 33585 with exit code 0, and elapsed time 00:00:00.0249325.
[2025-10-06 08:19:15Z INFO LinuxProcessExtensions] Successfully dump environment variables for 33177
[2025-10-06 08:19:15Z INFO JobExtension] Inspecting process environment variables. PID: 33175 (mdworker_shared)
[2025-10-06 08:19:15Z INFO LinuxProcessExtensions] Read env from output of `ps e -p 33175 -o command`
[2025-10-06 08:19:15Z INFO HostContext] Well known directory 'Bin': '/Users/jnalair/quiet-reference-site/actions-runner/bin'
[2025-10-06 08:19:15Z INFO HostContext] Well known directory 'Root': '/Users/jnalair/quiet-reference-site/actions-runner'
[2025-10-06 08:19:15Z INFO ProcessInvokerWrapper] Starting process:
[2025-10-06 08:19:15Z INFO ProcessInvokerWrapper]   File name: 'ps'
[2025-10-06 08:19:15Z INFO ProcessInvokerWrapper]   Arguments: 'e -p 33175 -o command'
[2025-10-06 08:19:15Z INFO ProcessInvokerWrapper]   Working directory: '/Users/jnalair/quiet-reference-site/actions-runner'
[2025-10-06 08:19:15Z INFO ProcessInvokerWrapper]   Require exit code zero: 'False'
[2025-10-06 08:19:15Z INFO ProcessInvokerWrapper]   Encoding web name:  ; code page: ''
[2025-10-06 08:19:15Z INFO ProcessInvokerWrapper]   Force kill process on cancellation: 'False'
[2025-10-06 08:19:15Z INFO ProcessInvokerWrapper]   Redirected STDIN: 'False'
[2025-10-06 08:19:15Z INFO ProcessInvokerWrapper]   Persist current code page: 'False'
[2025-10-06 08:19:15Z INFO ProcessInvokerWrapper]   Keep redirected STDIN open: 'False'
[2025-10-06 08:19:15Z INFO ProcessInvokerWrapper]   High priority process: 'False'
[2025-10-06 08:19:15Z INFO ProcessInvokerWrapper] Process started with process id 33586, waiting for process exit.
[2025-10-06 08:19:15Z INFO ProcessInvokerWrapper] STDOUT/STDERR stream read finished.
[2025-10-06 08:19:15Z INFO ProcessInvokerWrapper] STDOUT/STDERR stream read finished.
[2025-10-06 08:19:15Z INFO ProcessInvokerWrapper] Finished process 33586 with exit code 0, and elapsed time 00:00:00.0255948.
[2025-10-06 08:19:15Z INFO LinuxProcessExtensions] Successfully dump environment variables for 33175
[2025-10-06 08:19:15Z INFO JobExtension] Inspecting process environment variables. PID: 33174 (mdworker_shared)
[2025-10-06 08:19:15Z INFO LinuxProcessExtensions] Read env from output of `ps e -p 33174 -o command`
[2025-10-06 08:19:15Z INFO HostContext] Well known directory 'Bin': '/Users/jnalair/quiet-reference-site/actions-runner/bin'
[2025-10-06 08:19:15Z INFO HostContext] Well known directory 'Root': '/Users/jnalair/quiet-reference-site/actions-runner'
[2025-10-06 08:19:15Z INFO ProcessInvokerWrapper] Starting process:
[2025-10-06 08:19:15Z INFO ProcessInvokerWrapper]   File name: 'ps'
[2025-10-06 08:19:15Z INFO ProcessInvokerWrapper]   Arguments: 'e -p 33174 -o command'
[2025-10-06 08:19:15Z INFO ProcessInvokerWrapper]   Working directory: '/Users/jnalair/quiet-reference-site/actions-runner'
[2025-10-06 08:19:15Z INFO ProcessInvokerWrapper]   Require exit code zero: 'False'
[2025-10-06 08:19:15Z INFO ProcessInvokerWrapper]   Encoding web name:  ; code page: ''
[2025-10-06 08:19:15Z INFO ProcessInvokerWrapper]   Force kill process on cancellation: 'False'
[2025-10-06 08:19:15Z INFO ProcessInvokerWrapper]   Redirected STDIN: 'False'
[2025-10-06 08:19:15Z INFO ProcessInvokerWrapper]   Persist current code page: 'False'
[2025-10-06 08:19:15Z INFO ProcessInvokerWrapper]   Keep redirected STDIN open: 'False'
[2025-10-06 08:19:15Z INFO ProcessInvokerWrapper]   High priority process: 'False'
[2025-10-06 08:19:15Z INFO ProcessInvokerWrapper] Process started with process id 33587, waiting for process exit.
[2025-10-06 08:19:15Z INFO ProcessInvokerWrapper] STDOUT/STDERR stream read finished.
[2025-10-06 08:19:15Z INFO ProcessInvokerWrapper] STDOUT/STDERR stream read finished.
[2025-10-06 08:19:15Z INFO ProcessInvokerWrapper] Finished process 33587 with exit code 0, and elapsed time 00:00:00.0254807.
[2025-10-06 08:19:15Z INFO LinuxProcessExtensions] Successfully dump environment variables for 33174
[2025-10-06 08:19:15Z INFO JobExtension] Inspecting process environment variables. PID: 33173 (mdworker_shared)
[2025-10-06 08:19:15Z INFO LinuxProcessExtensions] Read env from output of `ps e -p 33173 -o command`
[2025-10-06 08:19:15Z INFO HostContext] Well known directory 'Bin': '/Users/jnalair/quiet-reference-site/actions-runner/bin'
[2025-10-06 08:19:15Z INFO HostContext] Well known directory 'Root': '/Users/jnalair/quiet-reference-site/actions-runner'
[2025-10-06 08:19:15Z INFO ProcessInvokerWrapper] Starting process:
[2025-10-06 08:19:15Z INFO ProcessInvokerWrapper]   File name: 'ps'
[2025-10-06 08:19:15Z INFO ProcessInvokerWrapper]   Arguments: 'e -p 33173 -o command'
[2025-10-06 08:19:15Z INFO ProcessInvokerWrapper]   Working directory: '/Users/jnalair/quiet-reference-site/actions-runner'
[2025-10-06 08:19:15Z INFO ProcessInvokerWrapper]   Require exit code zero: 'False'
[2025-10-06 08:19:15Z INFO ProcessInvokerWrapper]   Encoding web name:  ; code page: ''
[2025-10-06 08:19:15Z INFO ProcessInvokerWrapper]   Force kill process on cancellation: 'False'
[2025-10-06 08:19:15Z INFO ProcessInvokerWrapper]   Redirected STDIN: 'False'
[2025-10-06 08:19:15Z INFO ProcessInvokerWrapper]   Persist current code page: 'False'
[2025-10-06 08:19:15Z INFO ProcessInvokerWrapper]   Keep redirected STDIN open: 'False'
[2025-10-06 08:19:15Z INFO ProcessInvokerWrapper]   High priority process: 'False'
[2025-10-06 08:19:15Z INFO ProcessInvokerWrapper] Process started with process id 33588, waiting for process exit.
[2025-10-06 08:19:15Z INFO ProcessInvokerWrapper] STDOUT/STDERR stream read finished.
[2025-10-06 08:19:15Z INFO ProcessInvokerWrapper] STDOUT/STDERR stream read finished.
[2025-10-06 08:19:15Z INFO ProcessInvokerWrapper] Finished process 33588 with exit code 0, and elapsed time 00:00:00.0258379.
[2025-10-06 08:19:15Z INFO LinuxProcessExtensions] Successfully dump environment variables for 33173
[2025-10-06 08:19:15Z INFO JobExtension] Inspecting process environment variables. PID: 32608 (AppPredictionIn)
[2025-10-06 08:19:15Z INFO LinuxProcessExtensions] Read env from output of `ps e -p 32608 -o command`
[2025-10-06 08:19:15Z INFO HostContext] Well known directory 'Bin': '/Users/jnalair/quiet-reference-site/actions-runner/bin'
[2025-10-06 08:19:15Z INFO HostContext] Well known directory 'Root': '/Users/jnalair/quiet-reference-site/actions-runner'
[2025-10-06 08:19:15Z INFO ProcessInvokerWrapper] Starting process:
[2025-10-06 08:19:15Z INFO ProcessInvokerWrapper]   File name: 'ps'
[2025-10-06 08:19:15Z INFO ProcessInvokerWrapper]   Arguments: 'e -p 32608 -o command'
[2025-10-06 08:19:15Z INFO ProcessInvokerWrapper]   Working directory: '/Users/jnalair/quiet-reference-site/actions-runner'
[2025-10-06 08:19:15Z INFO ProcessInvokerWrapper]   Require exit code zero: 'False'
[2025-10-06 08:19:15Z INFO ProcessInvokerWrapper]   Encoding web name:  ; code page: ''
[2025-10-06 08:19:15Z INFO ProcessInvokerWrapper]   Force kill process on cancellation: 'False'
[2025-10-06 08:19:15Z INFO ProcessInvokerWrapper]   Redirected STDIN: 'False'
[2025-10-06 08:19:15Z INFO ProcessInvokerWrapper]   Persist current code page: 'False'
[2025-10-06 08:19:15Z INFO ProcessInvokerWrapper]   Keep redirected STDIN open: 'False'
[2025-10-06 08:19:15Z INFO ProcessInvokerWrapper]   High priority process: 'False'
[2025-10-06 08:19:15Z INFO ProcessInvokerWrapper] Process started with process id 33589, waiting for process exit.
[2025-10-06 08:19:15Z INFO ProcessInvokerWrapper] STDOUT/STDERR stream read finished.
[2025-10-06 08:19:15Z INFO ProcessInvokerWrapper] STDOUT/STDERR stream read finished.
[2025-10-06 08:19:15Z INFO ProcessInvokerWrapper] Finished process 33589 with exit code 0, and elapsed time 00:00:00.0239289.
[2025-10-06 08:19:15Z INFO LinuxProcessExtensions] Successfully dump environment variables for 32608
[2025-10-06 08:19:15Z INFO ExecutionContext] Publish step telemetry for current step {
  "action": "complete_job",
  "type": "runner",
  "stage": "Post",
  "stepId": "1c7c5b77-96b3-4968-a6e0-5a6bc56b59f7",
  "result": "succeeded",
  "errorMessages": [],
  "executionTimeInSeconds": 1,
  "startTime": "2025-10-06T08:19:15.129605Z",
  "finishTime": "2025-10-06T08:19:15.551393Z"
}.
[2025-10-06 08:19:15Z INFO JobRunner] Job result after all job steps finish: Failed
[2025-10-06 08:19:15Z INFO JobRunner] Completing the job execution context.
[2025-10-06 08:19:15Z INFO JobRunner] Shutting down the job server queue.
[2025-10-06 08:19:15Z INFO JobServerQueue] Fire signal to shutdown all queues.
[2025-10-06 08:19:16Z INFO JobServerQueue] All queue process task stopped.
[2025-10-06 08:19:16Z INFO JobServerQueue] Try to append 1 batches web console lines for record '1c7c5b77-96b3-4968-a6e0-5a6bc56b59f7', success rate: 1/1.
[2025-10-06 08:19:16Z INFO JobServerQueue] Try to append 1 batches web console lines for record 'cd5e1d7c-70cb-5261-9a26-ae8aecfcf123', success rate: 1/1.
[2025-10-06 08:19:16Z INFO JobServerQueue] Web console line queue drained.
[2025-10-06 08:19:16Z INFO JobServerQueue] Uploading 5 files in one shot.
[2025-10-06 08:19:16Z INFO JobServerQueue] Try to upload 5 log files or attachments, success rate: 5/5.
[2025-10-06 08:19:16Z INFO JobServerQueue] File upload queue drained.
[2025-10-06 08:19:16Z INFO JobServerQueue] Starting results-based upload queue...
[2025-10-06 08:19:16Z INFO JobServerQueue] Uploading 5 file(s) in one shot through results service.
[2025-10-06 08:19:16Z INFO JobServerQueue] Got a step log file to send to results service.
[2025-10-06 08:19:16Z INFO JobServerQueue] Starting upload of step log file to results service ResultsLog, /Users/jnalair/quiet-reference-site/actions-runner/_diag/blocks/8400b63f-7616-4ca9-a415-919c366f2785_672e687d-4862-4436-9e43-8357a53dcf99.1
[2025-10-06 08:19:17Z INFO JobServerQueue] Got a step log file to send to results service.
[2025-10-06 08:19:17Z INFO JobServerQueue] Starting upload of step log file to results service ResultsLog, /Users/jnalair/quiet-reference-site/actions-runner/_diag/blocks/8400b63f-7616-4ca9-a415-919c366f2785_937fbc1c-e9fd-4a5b-b8e3-517f7b7d2cb3.1
[2025-10-06 08:19:18Z INFO JobServerQueue] Starting to upload diagnostic logs file to results service Build UnknownBuildNumber-Hugo Build.zip, /Users/jnalair/quiet-reference-site/actions-runner/_work/_temp/__default-support/Build UnknownBuildNumber-Hugo Build.zip
[2025-10-06 08:19:19Z INFO JobServerQueue] Got a step log file to send to results service.
[2025-10-06 08:19:19Z INFO JobServerQueue] Starting upload of step log file to results service ResultsLog, /Users/jnalair/quiet-reference-site/actions-runner/_diag/blocks/8400b63f-7616-4ca9-a415-919c366f2785_1c7c5b77-96b3-4968-a6e0-5a6bc56b59f7.1
[2025-10-06 08:19:20Z INFO JobServerQueue] Got a job log file to send to results service.
[2025-10-06 08:19:20Z INFO JobServerQueue] Starting upload of job log file to results service ResultsLog, /Users/jnalair/quiet-reference-site/actions-runner/_diag/blocks/8400b63f-7616-4ca9-a415-919c366f2785_cd5e1d7c-70cb-5261-9a26-ae8aecfcf123.1
[2025-10-06 08:19:37Z INFO JobServerQueue] Tried to upload 5 file(s) to results, success rate: 5/5.
[2025-10-06 08:19:37Z INFO JobServerQueue] Results upload queue drained.
[2025-10-06 08:19:38Z INFO JobServerQueue] Timeline update queue drained.
[2025-10-06 08:19:38Z INFO JobServerQueue] Disposing job server ...
[2025-10-06 08:19:38Z INFO JobServerQueue] Disposing results server ...
[2025-10-06 08:19:38Z INFO JobServerQueue] All queue process tasks have been stopped, and all queues are drained.
[2025-10-06 08:19:38Z INFO TempDirectoryManager] Cleaning runner temp folder: /Users/jnalair/quiet-reference-site/actions-runner/_work/_temp
[2025-10-06 08:19:38Z INFO HostContext] Well known directory 'Bin': '/Users/jnalair/quiet-reference-site/actions-runner/bin'
[2025-10-06 08:19:38Z INFO HostContext] Well known directory 'Root': '/Users/jnalair/quiet-reference-site/actions-runner'
[2025-10-06 08:19:38Z INFO HostContext] Well known directory 'Diag': '/Users/jnalair/quiet-reference-site/actions-runner/_diag'
[2025-10-06 08:19:38Z INFO HostContext] Well known config file 'Telemetry': '/Users/jnalair/quiet-reference-site/actions-runner/_diag/.telemetry'
[2025-10-06 08:19:38Z INFO JobRunner] Raising job completed against run service
[2025-10-06 08:19:39Z INFO Worker] Job completed.
